3254 1750
3254 1751
3254 1752
3253 1753
3252 1754
3253 1755
3253 1756
3253 1757
3253 1758
3252 1759
3252 1760
3252 1761
3252 1762
3251 1763
3251 1764
3250 1765
3249 1765
3248 1765
3247 1764
3247 1763
3247 1762
3247 1761
3247 1760
3247 1759
3247 1760
3246 1761
3245 1762
3244 1762
3243 1762
3242 1762
3241 1761
3240 1761
3240 1762
3240 1763
3240 1764
3239 1765
3238 1766
3239 1767
3238 1768
3237 1768
3237 1769
3236 1770
3235 1770
3234 1769
3234 1768
3234 1767
3234 1766
3233 1765
3233 1764
3232 1764
3231 1763
3231 1762
3230 1762
3229 1762
3229 1763
3228 1764
3227 1765
3226 1765
3225 1766
3224 1767
3223 1768
3222 1769
3221 1769
3220 1769
3219 1768
3219 1767
3218 1767
3217 1767
3217 1768
3217 1769
3217 1770
3216 1771
3215 1771
3214 1771
3214 1772
3214 1773
3213 1774
3212 1774
3211 1774
3210 1775
3209 1775
3208 1775
3207 1774
3206 1773
3205 1774
3205 1775
3204 1776
3203 1776
3202 1776
3201 1775
3201 1774
3201 1773
3200 1773
3199 1773
3198 1774
3197 1775
3196 1775
3195 1775
3194 1774
3194 1773
3194 1772
3193 1772
3193 1773
3192 1774
3192 1775
3192 1776
3191 1777
3190 1777
3189 1777
3188 1777
3187 1776
3187 1775
3187 1776
3186 1777
3185 1777
3184 1776
3183 1776
3182 1776
3181 1777
3180 1777
3179 1777
3178 1776
3177 1776
3176 1776
3176 1777
3175 1778
3174 1778
3173 1777
3172 1777
3171 1777
3170 1776
3169 1776
3170 1777
3170 1778
3169 1779
3168 1779
3167 1779
3166 1779
3165 1778
3165 1777
3164 1778
3163 1778
3162 1778
3161 1777
3161 1776
3161 1775
3161 1776
3161 1777
3161 1778
3161 1779
3160 1780
3159 1780
3158 1780
3157 1779
3157 1778
3157 1777
3156 1777
3156 1778
3155 1779
3154 1779
3153 1778
3152 1778
3151 1777
3150 1776
3150 1775
3150 1776
3150 1777
3150 1778
3149 1779
3149 1780
3148 1781
3147 1781
3146 1780
3146 1779
3146 1778
3146 1777
3146 1778
3146 1779
3145 1780
3144 1781
3143 1782
3142 1782
3141 1781
3141 1780
3140 1779
3140 1778
3140 1777
3139 1777
3138 1778
3137 1777
3137 1778
3137 1779
3136 1780
3135 1781
3134 1781
3133 1781
3132 1780
3131 1779
3130 1779
3129 1779
3128 1779
3128 1780
3127 1781
3126 1782
3125 1783
3124 1783
3123 1782
3122 1782
3122 1783
3121 1784
3120 1784
3119 1784
3118 1783
3118 1782
3118 1781
3118 1780
3118 1781
3118 1782
3118 1783
3117 1784
3116 1784
3115 1785
3114 1784
3114 1783
3114 1782
3114 1781
3113 1782
3112 1782
3112 1783
3112 1784
3111 1785
3110 1785
3109 1784
3108 1784
3107 1784
3107 1785
3106 1786
3105 1786
3104 1786
3103 1785
3103 1784
3102 1784
3101 1784
3100 1784
3099 1785
3098 1785
3098 1786
3097 1787
3096 1787
3095 1786
3094 1787
3093 1788
3092 1788
3091 1788
3090 1787
3090 1786
3091 1785
3091 1784
3090 1785
3090 1786
3089 1787
3088 1787
3087 1786
3086 1785
3086 1786
3085 1787
3084 1787
3083 1788
3082 1788
3081 1787
3080 1787
3079 1787
3078 1787
3077 1786
3076 1786
3076 1787
3076 1788
3075 1789
3074 1789
3073 1789
3072 1788
3072 1787
3072 1786
3072 1785
3072 1786
3071 1787
3071 1788
3070 1789
3069 1789
3068 1789
3067 1788
3067 1787
3067 1786
3067 1787
3067 1788
3067 1789
3066 1790
3065 1790
3064 1790
3063 1789
3062 1788
3063 1787
3062 1788
3061 1789
3060 1789
3059 1788
3059 1787
3058 1788
3057 1789
3056 1790
3055 1791
3054 1792
3053 1792
3052 1791
3052 1790
3051 1791
3050 1791
3049 1791
3048 1791
3047 1790
3047 1789
3047 1788
3046 1789
3045 1789
3044 1789
3043 1789
3042 1789
3041 1789
3041 1790
3042 1791
3042 1792
3041 1793
3040 1794
3039 1794
3038 1794
3037 1793
3037 1792
3036 1791
3036 1790
3036 1789
3036 1788
3036 1789
3035 1790
3034 1790
3033 1790
3032 1790
3031 1790
3030 1791
3029 1791
3028 1790
3027 1789
3026 1788
3026 1787
3026 1786
3026 1785
3026 1786
3026 1787
3026 1788
3025 1789
3024 1789
3023 1789
3022 1788
3021 1787
3021 1786
3021 1785
3020 1785
3019 1785
3018 1786
3018 1787
3018 1788
3017 1789
3016 1788
3017 1789
3016 1790
3015 1790
3014 1791
3014 1792
3013 1793
3012 1794
3011 1794
3010 1794
3009 1793
3009 1792
3009 1791
3008 1791
3007 1791
3006 1791
3005 1790
3005 1789
3004 1789
3003 1790
3002 1790
3001 1790
3000 1790
2999 1789
2999 1788
2998 1789
2997 1789
2996 1789
2995 1788
2994 1788
2993 1789
2992 1789
2991 1789
2990 1789
2989 1790
2988 1790
2988 1791
2988 1792
2987 1793
2986 1793
2985 1794
2984 1794
2983 1794
2982 1793
2981 1792
2980 1791
2980 1790
2980 1789
2979 1788
2978 1788
2978 1789
2978 1790
2978 1791
2977 1792
2976 1793
2976 1794
2976 1795
2975 1796
2974 1796
2973 1796
2972 1797
2971 1797
2970 1797
2969 1796
2969 1795
2968 1795
2967 1795
2967 1796
2966 1797
2965 1797
2964 1797
2963 1796
2963 1795
2963 1794
2963 1793
2963 1794
2963 1795
2963 1796
2963 1797
2962 1798
2961 1798
2960 1798
2959 1797
2959 1796
2959 1797
2958 1798
2957 1799
2956 1799
2955 1799
2954 1798
2954 1797
2954 1796
2954 1795
2953 1795
2953 1796
2952 1797
2952 1798
2951 1799
2950 1799
2949 1799
2948 1799
2947 1798
2947 1797
2947 1798
2946 1799
2946 1800
2945 1801
2944 1801
2943 1801
2942 1800
2941 1799
2940 1799
2939 1799
2938 1799
2937 1798
2936 1797
2935 1798
2934 1799
2934 1800
2934 1801
2934 1802
2933 1803
2932 1803
2931 1803
2930 1803
2929 1803
2928 1803
2927 1803
2926 1802
2926 1801
2926 1800
2925 1800
2924 1800
2923 1800
2922 1801
2921 1802
2920 1803
2919 1803
2918 1803
2917 1802
2917 1801
2917 1800
2917 1799
2916 1800
2915 1800
2914 1800
2913 1800
2913 1801
2912 1802
2911 1803
2912 1804
2911 1805
2910 1805
2909 1805
2908 1804
2908 1803
2908 1802
2909 1801
2909 1800
2909 1799
2909 1800
2908 1801
2907 1801
2906 1801
2905 1801
2904 1801
2903 1800
2902 1800
2902 1801
2902 1802
2901 1803
2900 1803
2899 1803
2898 1804
2898 1805
2897 1806
2896 1806
2895 1806
2894 1805
2894 1804
2893 1804
2892 1804
2891 1804
2890 1803
2889 1803
2889 1804
2888 1805
2887 1805
2886 1805
2885 1804
2885 1803
2885 1804
2884 1805
2883 1805
2884 1806
2883 1807
2882 1807
2881 1807
2880 1806
2879 1807
2878 1807
2877 1807
2876 1808
2875 1809
2874 1810
2873 1810
2872 1810
2871 1810
2870 1810
2869 1811
2868 1811
2867 1811
2866 1811
2865 1811
2864 1811
2863 1811
2862 1811
2861 1811
2860 1811
2859 1812
2858 1813
2857 1813
2856 1813
2855 1813
2854 1813
2854 1814
2854 1815
2854 1816
2853 1817
2852 1817
2851 1817
2850 1816
2850 1815
2849 1815
2848 1815
2847 1815
2846 1814
2846 1813
2845 1813
2844 1814
2843 1813
2843 1814
2842 1815
2841 1815
2840 1815
2839 1814
2839 1813
2839 1812
2838 1813
2838 1814
2838 1815
2838 1816
2837 1817
2836 1817
2835 1817
2834 1817
2833 1816
2833 1815
2833 1814
2833 1813
2832 1813
2831 1814
2830 1814
2829 1814
2828 1814
2828 1815
2827 1816
2826 1816
2825 1816
2824 1817
2823 1817
2822 1817
2822 1818
2822 1819
2821 1820
2820 1820
2819 1820
2818 1821
2817 1822
2816 1822
2815 1821
2815 1820
2814 1819
2813 1819
2812 1819
2812 1820
2812 1821
2812 1822
2812 1823
2811 1824
2810 1824
2809 1824
2808 1823
2808 1822
2807 1822
2806 1821
2806 1822
2805 1823
2804 1823
2803 1823
2802 1822
2801 1822
2800 1823
2799 1823
2798 1823
2797 1824
2796 1825
2795 1825
2794 1825
2793 1825
2792 1824
2791 1824
2790 1823
2790 1822
2789 1823
2788 1823
2787 1822
2788 1823
2788 1824
2788 1825
2788 1826
2787 1827
2786 1827
2785 1827
2784 1827
2783 1827
2782 1826
2781 1827
2780 1828
2779 1828
2778 1828
2778 1829
2777 1830
2776 1830
2775 1830
2774 1830
2773 1829
2772 1829
2771 1829
2770 1829
2769 1829
2768 1829
2768 1830
2768 1831
2767 1832
2767 1833
2766 1834
2765 1834
2764 1834
2763 1833
2763 1832
2763 1831
2763 1830
2763 1829
2764 1828
2765 1827
2765 1826
2765 1827
2764 1828
2763 1828
2763 1829
2763 1830
2763 1831
2763 1832
2762 1833
2762 1834
2761 1835
2760 1834
2759 1835
2758 1834
2758 1833
2758 1832
2758 1831
2758 1832
2757 1833
2757 1834
2756 1835
2755 1835
2754 1835
2753 1834
2753 1833
2753 1832
2752 1833
2751 1833
2750 1833
2749 1832
2748 1831
2747 1832
2746 1832
2745 1832
2744 1831
2744 1832
2743 1833
2742 1834
2741 1835
2740 1835
2739 1836
2738 1836
2737 1836
2736 1835
2736 1834
2735 1835
2734 1835
2734 1836
2733 1837
2732 1837
2732 1838
2731 1839
2730 1839
2729 1839
2728 1838
2728 1837
2728 1836
2728 1835
2728 1834
2728 1835
2728 1836
2728 1837
2728 1838
2727 1839
2726 1839
2725 1839
2724 1838
2724 1837
2724 1836
2724 1837
2724 1838
2723 1839
2722 1839
2721 1838
2720 1839
2719 1839
2718 1838
2717 1838
2717 1839
2717 1840
2716 1841
2715 1841
2714 1841
2713 1841
2712 1840
2712 1839
2711 1840
2711 1841
2710 1842
2709 1842
2708 1842
2708 1843
2707 1844
2707 1845
2707 1846
2706 1847
2705 1847
2704 1847
2703 1846
2703 1845
2703 1844
2703 1843
2702 1844
2702 1845
2701 1846
2700 1846
2699 1846
2698 1845
2698 1844
2698 1845
2697 1846
2696 1846
2695 1846
2694 1846
2694 1847
2695 1848
2695 1849
2695 1850
2695 1851
2695 1852
2694 1853
2693 1853
2692 1852
2691 1852
2690 1851
2690 1850
2690 1849
2689 1849
2688 1849
2687 1849
2686 1849
2685 1849
2684 1849
2683 1850
2682 1850
2681 1850
2680 1849
2680 1850
2680 1851
2679 1852
2678 1852
2677 1851
2677 1852
2676 1853
2675 1854
2674 1854
2673 1853
2672 1852
2672 1851
2672 1852
2672 1853
2673 1854
2673 1855
2672 1856
2671 1856
2670 1856
2669 1856
2668 1856
2667 1856
2666 1856
2665 1857
2664 1856
2663 1855
2662 1855
2662 1856
2661 1857
2660 1857
2659 1857
2658 1856
2657 1856
2656 1857
2655 1857
2654 1857
2653 1857
2652 1857
2651 1856
2651 1857
2651 1858
2651 1859
2651 1860
2650 1861
2649 1860
2648 1861
2647 1861
2646 1860
2645 1861
2644 1862
2643 1862
2642 1862
2641 1862
2640 1863
2639 1863
2638 1862
2637 1861
2636 1861
2635 1860
2634 1859
2634 1860
2634 1861
2634 1862
2633 1863
2632 1863
2631 1863
2630 1862
2630 1861
2630 1860
2630 1859
2630 1860
2630 1861
2630 1862
2629 1863
2628 1863
2627 1863
2626 1862
2625 1862
2624 1863
2623 1863
2622 1863
2621 1862
2621 1861
2620 1860
2620 1859
2620 1858
2620 1857
2619 1856
2618 1856
2617 1857
2617 1858
2617 1859
2617 1860
2617 1861
2616 1862
2615 1863
2615 1864
2615 1865
2614 1866
2613 1866
2612 1866
2611 1865
2611 1864
2611 1863
2611 1862
2611 1861
2611 1862
2610 1863
2609 1864
2608 1864
2607 1864
2607 1865
2606 1866
2605 1866
2604 1866
2603 1865
2603 1864
2603 1863
2603 1862
2602 1863
2601 1863
2600 1862
2600 1861
2599 1861
2598 1861
2597 1861
2596 1861
2596 1862
2595 1863
2594 1863
2593 1863
2592 1863
2591 1863
2590 1863
2589 1863
2588 1862
2587 1862
2586 1861
2585 1860
2585 1861
2585 1862
2584 1863
2583 1863
2582 1863
2582 1864
2583 1865
2583 1866
2583 1867
2582 1868
2581 1868
2580 1867
2579 1867
2578 1867
2577 1867
2576 1866
2575 1867
2574 1867
2573 1867
2572 1866
2572 1865
2572 1864
2572 1865
2572 1866
2572 1867
2572 1868
2572 1869
2571 1870
2570 1871
2569 1871
2568 1871
2567 1870
2567 1869
2567 1868
2567 1869
2566 1870
2566 1871
2565 1872
2564 1873
2563 1873
2562 1873
2562 1874
2562 1875
2561 1876
2560 1876
2559 1876
2558 1875
2557 1876
2556 1876
2555 1876
2554 1875
2554 1874
2554 1873
2553 1873
2552 1873
2551 1873
2550 1874
2549 1874
2548 1874
2548 1875
2549 1876
2549 1877
2549 1878
2549 1879
2548 1880
2547 1880
2546 1880
2545 1880
2544 1879
2543 1879
2542 1880
2541 1880
2540 1880
2539 1880
2538 1879
2538 1878
2539 1877
2538 1876
2539 1875
2539 1874
2539 1873
2538 1872
2538 1873
2539 1874
2538 1875
2537 1875
2536 1875
2535 1875
2534 1875
2535 1876
2535 1877
2535 1878
2534 1879
2535 1880
2535 1881
2534 1882
2534 1883
2533 1884
2532 1884
2531 1884
2530 1883
2530 1882
2530 1881
2530 1880
2530 1881
2530 1882
2529 1883
2530 1884
2529 1885
2528 1885
2527 1884
2526 1883
2526 1882
2525 1881
2524 1880
2523 1880
2523 1881
2524 1882
2524 1883
2523 1884
2522 1884
2521 1884
2521 1885
2520 1886
2519 1886
2519 1887
2518 1888
2517 1888
2516 1887
2516 1886
2516 1885
2516 1884
2516 1885
2515 1886
2515 1887
2516 1888
2516 1889
2516 1890
2515 1891
2514 1891
2513 1891
2512 1890
2512 1889
2512 1888
2512 1887
2512 1886
2511 1886
2510 1885
2510 1884
2509 1883
2509 1882
2508 1881
2508 1880
2508 1879
2507 1879
2506 1879
2505 1879
2504 1879
2504 1880
2503 1881
2502 1881
2501 1881
2500 1881
2499 1880
2499 1879
2500 1878
2500 1877
2499 1878
2498 1878
2497 1879
2497 1880
2496 1881
2495 1881
2494 1881
2493 1880
2493 1879
2493 1878
2492 1878
2491 1878
2490 1878
2490 1879
2490 1880
2489 1881
2488 1881
2487 1881
2486 1880
2485 1880
2485 1881
2484 1882
2483 1881
2482 1882
2481 1881
2480 1881
2479 1881
2478 1881
2477 1880
2476 1879
2476 1878
2477 1877
2477 1876
2476 1877
2475 1877
2474 1876
2473 1877
2472 1877
2471 1877
2470 1878
2469 1878
2469 1879
2469 1880
2469 1881
2468 1882
2467 1882
2466 1882
2465 1881
2464 1880
2464 1879
2463 1880
2462 1880
2462 1881
2462 1882
2461 1883
2460 1883
2459 1883
2458 1882
2457 1883
2458 1884
2457 1885
2456 1885
2455 1884
2455 1883
2454 1883
2453 1883
2452 1883
2451 1882
2450 1881
2449 1882
2448 1882
2448 1883
2449 1884
2449 1885
2449 1886
2449 1887
2448 1888
2447 1888
2446 1888
2445 1888
2444 1887
2443 1886
2443 1885
2442 1884
2441 1884
2441 1885
2441 1886
2440 1887
2440 1888
2439 1889
2438 1889
2437 1889
2436 1889
2435 1890
2434 1890
2433 1890
2432 1889
2431 1889
2430 1888
2431 1889
2431 1890
2431 1891
2430 1892
2429 1892
2429 1893
2429 1894
2429 1895
2429 1896
2428 1897
2427 1897
2427 1898
2428 1898
2429 1898
2430 1899
2430 1900
2430 1901
2430 1902
2430 1903
2429 1904
2428 1904
2427 1904
2428 1905
2427 1906
2426 1906
2425 1905
2424 1905
2423 1905
2422 1905
2421 1904
2420 1904
2419 1903
2419 1902
2419 1901
2418 1901
2419 1902
2419 1903
2419 1904
2419 1905
2419 1906
2419 1907
2418 1908
2417 1908
2416 1908
2415 1908
2414 1907
2415 1906
2415 1905
2414 1905
2413 1905
2412 1904
2412 1905
2411 1906
2411 1907
2411 1908
2411 1909
2411 1910
2411 1911
2410 1912
2409 1911
2408 1911
2407 1912
2406 1912
2405 1912
2404 1912
2403 1912
2402 1913
2402 1914
2401 1915
2400 1915
2399 1915
2398 1914
2398 1915
2397 1916
2396 1917
2395 1917
2394 1917
2393 1916
2393 1915
2392 1916
2392 1917
2392 1918
2391 1919
2390 1919
2389 1919
2388 1919
2387 1918
2388 1917
2387 1918
2386 1919
2385 1919
2384 1920
2384 1921
2384 1922
2383 1923
2383 1924
2383 1925
2382 1926
2381 1926
2380 1926
2379 1925
2378 1924
2378 1923
2378 1922
2378 1921
2377 1920
2376 1919
2376 1918
2376 1919
2376 1920
2375 1921
2374 1921
2373 1922
2373 1923
2374 1924
2373 1925
2373 1926
2373 1927
2373 1928
2372 1929
2371 1929
2370 1929
2369 1929
2368 1928
2368 1927
2368 1926
2368 1925
2367 1926
2366 1926
2365 1927
2364 1927
2364 1928
2364 1929
2364 1930
2364 1931
2364 1932
2364 1933
2363 1934
2362 1934
2361 1934
2360 1933
2360 1932
2360 1931
2360 1930
2360 1929
2359 1929
2358 1928
2358 1929
2357 1930
2356 1930
2355 1930
2354 1929
2354 1928
2353 1929
2352 1929
2351 1929
2351 1930
2351 1931
2351 1932
2350 1933
2349 1934
2348 1934
2347 1934
2346 1933
2346 1932
2346 1931
2346 1930
2345 1930
2344 1931
2343 1931
2342 1931
2341 1930
2340 1930
2339 1931
2338 1931
2337 1932
2336 1933
2335 1933
2334 1933
2335 1934
2335 1935
2334 1936
2333 1937
2332 1938
2331 1938
2332 1939
2332 1940
2332 1941
2332 1942
2331 1943
2330 1943
2329 1943
2328 1942
2327 1941
2326 1941
2325 1942
2324 1942
2323 1942
2322 1941
2321 1940
2320 1940
2319 1940
2318 1941
2317 1941
2316 1941
2315 1940
2315 1939
2315 1940
2315 1941
2315 1942
2314 1943
2313 1944
2313 1945
2313 1946
2313 1947
2313 1948
2313 1949
2312 1950
2311 1950
2310 1950
2309 1949
2310 1948
2310 1947
2309 1947
2308 1947
2307 1947
2306 1946
2306 1945
2306 1944
2306 1943
2306 1942
2305 1942
2305 1943
2304 1944
2303 1944
2302 1944
2301 1944
2300 1944
2299 1944
2298 1944
2297 1944
2296 1943
2296 1944
2296 1945
2296 1946
2295 1947
2294 1947
2293 1947
2292 1948
2291 1948
2290 1948
2289 1947
2289 1946
2288 1946
2289 1947
2288 1948
2287 1949
2286 1949
2285 1949
2284 1949
2285 1950
2285 1951
2284 1952
2283 1952
2282 1952
2281 1952
2280 1951
2280 1950
2279 1950
2278 1950
2277 1949
2276 1948
2276 1947
2276 1946
2275 1947
2275 1948
2275 1949
2275 1950
2275 1951
2275 1952
2274 1953
2273 1953
2272 1953
2271 1952
2270 1951
2270 1950
2270 1951
2270 1952
2269 1953
2268 1953
2267 1953
2266 1952
2265 1952
2264 1951
2264 1950
2264 1951
2263 1952
2263 1953
2262 1954
2263 1955
2263 1956
2262 1957
2261 1957
2260 1957
2259 1956
2259 1955
2259 1954
2258 1954
2257 1954
2256 1953
2256 1954
2256 1955
2257 1956
2257 1957
2257 1958
2257 1959
2257 1960
2256 1961
2255 1961
2254 1961
2253 1960
2253 1959
2252 1958
2251 1957
2251 1956
2251 1955
2250 1954
2250 1955
2250 1956
2250 1957
2250 1958
2250 1959
2249 1960
2248 1960
2247 1961
2246 1961
2245 1962
2244 1962
2243 1962
2242 1962
2241 1962
2240 1962
2239 1961
2239 1960
2239 1961
2239 1962
2240 1962
2241 1963
2241 1964
2241 1965
2241 1966
2240 1967
2239 1967
2238 1967
2237 1967
2236 1967
2235 1966
2235 1965
2235 1964
2235 1963
2234 1962
2234 1961
2234 1960
2234 1959
2235 1958
2235 1957
2235 1956
2235 1955
2235 1956
2234 1957
2233 1958
2232 1959
2232 1960
2232 1961
2231 1962
2231 1963
2231 1964
2230 1965
2229 1965
2228 1965
2227 1964
2227 1965
2226 1966
2225 1966
2224 1966
2223 1966
2222 1965
2221 1965
2220 1964
2220 1965
2220 1966
2220 1967
2220 1968
2220 1969
2219 1970
2218 1970
2217 1971
2216 1971
2215 1970
2215 1969
2215 1968
2215 1967
2214 1968
2213 1969
2213 1970
2213 1971
2213 1972
2212 1973
2211 1973
2210 1973
2209 1973
2208 1972
2208 1971
2208 1970
2209 1969
2208 1969
2207 1969
2206 1970
2205 1970
2204 1970
2203 1971
2202 1972
2201 1972
2200 1972
2199 1971
2199 1970
2199 1969
2199 1968
2199 1967
2199 1966
2199 1965
2199 1966
2199 1967
2198 1968
2197 1968
2196 1968
2196 1969
2196 1970
2195 1971
2194 1971
2194 1972
2195 1973
2195 1974
2194 1975
2193 1975
2192 1975
2191 1975
2190 1975
2189 1974
2189 1973
2189 1972
2189 1973
2188 1974
2187 1974
2186 1974
2185 1974
2184 1973
2184 1972
2184 1973
2185 1974
2185 1975
2185 1976
2185 1977
2184 1978
2183 1978
2182 1978
2181 1978
2180 1978
2179 1978
2178 1978
2177 1978
2176 1979
2175 1979
2174 1979
2173 1979
2172 1980
2171 1981
2170 1981
2169 1981
2168 1982
2167 1982
2166 1983
2165 1983
2164 1983
2163 1983
2162 1984
2161 1984
2160 1984
2159 1983
2158 1983
2157 1984
2156 1984
2156 1985
2156 1986
2156 1987
2155 1988
2154 1988
2153 1988
2152 1987
2151 1987
2150 1987
2150 1988
2150 1989
2150 1990
2149 1991
2148 1991
2147 1991
2146 1991
2145 1991
2144 1990
2143 1990
2142 1990
2141 1991
2141 1992
2141 1993
2141 1994
2140 1995
2139 1995
2138 1995
2137 1994
2136 1993
2136 1992
2136 1991
2135 1991
2134 1991
2133 1990
2133 1989
2133 1990
2133 1991
2133 1992
2132 1993
2131 1994
2130 1994
2129 1994
2128 1993
2127 1992
2127 1991
2127 1992
2127 1993
2128 1994
2129 1995
2129 1996
2129 1997
2129 1998
2128 1999
2127 1999
2126 1999
2125 1998
2124 1998
2123 1997
2122 1997
2121 1996
2121 1995
2120 1995
2119 1995
2119 1996
2119 1997
2119 1998
2119 1999
2118 2000
2117 2000
2116 2000
2115 2000
2115 2001
2115 2002
2115 2003
2115 2004
2115 2005
2114 2006
2113 2006
2112 2006
2111 2005
2111 2004
2110 2004
2109 2003
2108 2004
2107 2004
2106 2004
2105 2003
2104 2002
2103 2002
2102 2002
2101 2002
2100 2002
2100 2003
2100 2004
2099 2005
2098 2006
2097 2007
2096 2008
2095 2008
2096 2008
2097 2009
2097 2010
2098 2011
2098 2012
2098 2013
2097 2014
2096 2014
2095 2015
2094 2015
2093 2014
2092 2013
2091 2014
2090 2014
2089 2014
2088 2013
2088 2012
2088 2011
2088 2012
2087 2013
2086 2013
2085 2013
2084 2013
2083 2012
2083 2011
2082 2011
2081 2011
2081 2012
2081 2013
2080 2014
2079 2014
2080 2015
2080 2016
2079 2017
2079 2018
2078 2019
2077 2019
2076 2019
2075 2019
2074 2018
2074 2017
2074 2016
2074 2015
2075 2014
2075 2013
2076 2012
2075 2011
2075 2010
2075 2009
2075 2008
2075 2009
2074 2010
2073 2010
2072 2010
2072 2011
2072 2012
2072 2013
2071 2014
2070 2015
2070 2016
2071 2017
2070 2018
2070 2019
2069 2020
2069 2021
2069 2022
2068 2023
2067 2023
2066 2022
2066 2021
2065 2020
2064 2020
2063 2020
2063 2021
2062 2022
2061 2022
2060 2022
2059 2022
2058 2022
2057 2022
2056 2022
2055 2023
2054 2023
2053 2023
2052 2022
2051 2021
2050 2020
2050 2019
2050 2018
2050 2019
2050 2020
2050 2021
2050 2022
2049 2023
2048 2024
2047 2024
2046 2025
2046 2026
2046 2027
2047 2028
2047 2029
2046 2030
2045 2030
2044 2030
2043 2030
2042 2029
2042 2028
2042 2027
2041 2028
2040 2028
2039 2028
2038 2028
2037 2027
2036 2026
2036 2027
2035 2028
2034 2028
2033 2028
2032 2029
2031 2029
2030 2029
2029 2029
2028 2029
2027 2029
2026 2028
2027 2029
2027 2030
2027 2031
2027 2032
2026 2033
2025 2034
2024 2034
2023 2034
2022 2034
2021 2035
2020 2036
2019 2036
2018 2036
2017 2035
2017 2036
2016 2037
2015 2037
2014 2037
2013 2037
2012 2037
2011 2037
2010 2037
2009 2036
2008 2035
2008 2034
2008 2033
2008 2034
2007 2035
2006 2036
2005 2037
2005 2038
2005 2039
2004 2040
2003 2041
2002 2041
2001 2041
2000 2040
2000 2039
2000 2038
2000 2037
2000 2036
2000 2035
2001 2034
2002 2033
2001 2034
2000 2034
1999 2034
1998 2034
1997 2033
1997 2032
1997 2031
1996 2031
1995 2030
1995 2031
1995 2032
1994 2033
1993 2033
1992 2033
1991 2033
1990 2032
1990 2031
1990 2030
1989 2029
1989 2028
1988 2027
1987 2028
1986 2029
1985 2029
1984 2029
1983 2028
1983 2027
1983 2028
1983 2029
1982 2030
1981 2031
1980 2031
1979 2031
1978 2030
1977 2030
1977 2031
1977 2032
1976 2033
1975 2033
1974 2034
1974 2035
1974 2036
1973 2037
1972 2037
1971 2037
1970 2036
1970 2035
1970 2034
1971 2033
1970 2033
1970 2034
1970 2035
1970 2036
1969 2037
1968 2037
1967 2037
1966 2036
1965 2037
1964 2037
1963 2037
1962 2037
1961 2038
1960 2039
1959 2039
1958 2039
1957 2039
1956 2039
1956 2040
1956 2041
1956 2042
1955 2043
1954 2043
1953 2042
1953 2041
1952 2042
1951 2042
1950 2043
1949 2044
1948 2044
1947 2045
1946 2045
1946 2046
1945 2047
1944 2047
1944 2048
1943 2049
1942 2049
1941 2049
1940 2049
1939 2049
1938 2050
1938 2051
1937 2052
1936 2052
1935 2052
1934 2053
1934 2054
1934 2055
1933 2056
1933 2057
1932 2058
1931 2058
1930 2058
1929 2057
1928 2058
1927 2058
1926 2058
1925 2058
1924 2058
1923 2058
1923 2059
1924 2060
1924 2061
1925 2062
1925 2063
1924 2064
1923 2064
1922 2065
1921 2065
1920 2065
1919 2064
1919 2063
1918 2063
1917 2063
1916 2063
1916 2064
1916 2065
1915 2066
1914 2066
1914 2067
1914 2068
1914 2069
1914 2070
1914 2071
1913 2072
1912 2073
1911 2073
1910 2073
1909 2073
1908 2073
1908 2074
1907 2075
1908 2076
1907 2077
1906 2077
1905 2077
1905 2078
1904 2079
1903 2079
1902 2079
1901 2078
1901 2077
1901 2076
1901 2075
1900 2074
1899 2074
1898 2074
1897 2075
1897 2076
1896 2077
1895 2077
1895 2078
1895 2079
1895 2080
1895 2081
1896 2082
1896 2083
1895 2084
1895 2085
1895 2086
1894 2087
1893 2087
1892 2086
1891 2086
1890 2086
1889 2085
1889 2084
1888 2084
1887 2084
1886 2084
1885 2083
1885 2084
1884 2085
1883 2085
1883 2086
1883 2087
1883 2088
1882 2089
1882 2090
1881 2091
1880 2091
1879 2091
1878 2090
1877 2089
1877 2088
1877 2087
1878 2086
1878 2085
1877 2086
1876 2087
1875 2087
1875 2088
1875 2089
1875 2090
1874 2091
1873 2091
1872 2091
1871 2091
1870 2092
1869 2092
1868 2092
1867 2092
1866 2091
1866 2092
1865 2093
1864 2094
1863 2094
1863 2095
1863 2096
1863 2097
1863 2098
1862 2099
1861 2099
1860 2099
1859 2098
1859 2097
1858 2096
1858 2095
1858 2094
1858 2095
1858 2096
1858 2097
1858 2098
1857 2099
1856 2099
1855 2099
1854 2098
1853 2097
1853 2096
1853 2097
1853 2098
1853 2099
1852 2100
1851 2100
1850 2099
1849 2098
1849 2099
1849 2100
1848 2101
1847 2101
1846 2101
1845 2101
1844 2101
1844 2102
1843 2103
1842 2103
1841 2103
1840 2103
1839 2103
1838 2104
1837 2104
1836 2104
1835 2104
1834 2105
1833 2105
1832 2106
1831 2107
1830 2107
1829 2107
1828 2107
1828 2108
1827 2109
1826 2109
1825 2109
1824 2109
1823 2109
1822 2109
1821 2109
1820 2109
1820 2110
1820 2111
1819 2112
1819 2113
1818 2114
1817 2114
1816 2113
1817 2112
1816 2111
1816 2110
1816 2111
1815 2112
1814 2113
1813 2113
1812 2113
1811 2112
1811 2111
1810 2112
1809 2113
1808 2114
1807 2114
1806 2115
1805 2116
1804 2117
1803 2117
1802 2118
1801 2119
1800 2118
1800 2119
1799 2120
1798 2121
1797 2121
1796 2121
1795 2121
1794 2122
1793 2123
1792 2123
1791 2124
1790 2123
1790 2124
1789 2125
1788 2125
1787 2125
1786 2126
1785 2126
1784 2127
1783 2127
1782 2128
1781 2128
1780 2128
1779 2129
1778 2129
1777 2129
1776 2130
1775 2130
1774 2130
1773 2129
1772 2130
1771 2130
1770 2130
1769 2130
1768 2131
1767 2131
1766 2131
1765 2131
1764 2132
1763 2132
1762 2132
1761 2132
1760 2133
1759 2133
1758 2132
1757 2133
1756 2133
1755 2133
1754 2134
1753 2134
1752 2134
1751 2134
1751 2135
1750 2136
1749 2136
1748 2135
1747 2135
1747 2136
1746 2137
1745 2137
1744 2137
1743 2137
1742 2138
1741 2139
1740 2139
1739 2140
1738 2140
1737 2141
1736 2141
1735 2141
1734 2141
1733 2141
1732 2142
1731 2142
1730 2142
1729 2142
1728 2143
1727 2143
1726 2143
1725 2143
1724 2143
1723 2143
1722 2143
1721 2143
1720 2143
1719 2143
1718 2143
1717 2144
1716 2144
1715 2143
1714 2144
1713 2144
1712 2145
1711 2144
1710 2145
1709 2146
1708 2146
1707 2146
1706 2145
1705 2146
1704 2146
1703 2147
1702 2147
1701 2147
1700 2147
1699 2147
1698 2147
1697 2147
1696 2147
1695 2147
1694 2147
1693 2147
1692 2147
1691 2146
1690 2146
1690 2147
1689 2148
1688 2147
1687 2148
1686 2148
1685 2148
1684 2147
1684 2148
1683 2149
1682 2149
1681 2149
1680 2149
1679 2150
1678 2149
1677 2150
1676 2150
1675 2150
1674 2150
1673 2149
1673 2150
1672 2151
1671 2151
1670 2151
1669 2151
1668 2152
1667 2152
1666 2153
1665 2153
1664 2153
1663 2153
1662 2153
1661 2153
1660 2153
1659 2154
1658 2154
1657 2154
1656 2154
1655 2154
1654 2154
1653 2154
1652 2154
1651 2154
1650 2154
1649 2154
1648 2155
1647 2155
1646 2155
1645 2155
1644 2154
1643 2154
1642 2154
1641 2154
1640 2153
1639 2154
1638 2154
1637 2154
1636 2154
1635 2154
1634 2153
1633 2153
1632 2153
1631 2153
1630 2153
1629 2153
1628 2152
1627 2153
1626 2153
1625 2153
1624 2153
1623 2152
1622 2153
1621 2153
1620 2153
1619 2152
1619 2151
1618 2152
1617 2152
1616 2152
1615 2152
1614 2151
1613 2151
1612 2151
1611 2151
1610 2151
1609 2150
1608 2150
1608 2151
1608 2152
1607 2153
1606 2153
1605 2153
1604 2152
1604 2151
1604 2150
1603 2151
1603 2152
1602 2153
1601 2153
1600 2153
1599 2152
1599 2151
1598 2151
1597 2151
1596 2151
1595 2151
1594 2151
1593 2152
1592 2152
1591 2152
1591 2153
1590 2154
1591 2155
1591 2156
1591 2157
1591 2158
1591 2159
1591 2160
1591 2161
1590 2162
1589 2162
1588 2162
1587 2161
1587 2162
1587 2163
1586 2164
1585 2164
1584 2163
1583 2163
1582 2162
1582 2161
1582 2160
1582 2159
1582 2158
1582 2157
1581 2157
1580 2156
1580 2155
1580 2154
1580 2153
1579 2153
1578 2152
1578 2153
1577 2154
1576 2154
1575 2154
1576 2154
1577 2155
1577 2156
1577 2157
1577 2158
1577 2159
1577 2160
1577 2161
1577 2162
1576 2163
1575 2163
1575 2164
1575 2165
1575 2166
1575 2167
1574 2168
1573 2169
1572 2170
1571 2170
1570 2169
1569 2168
1569 2169
1568 2170
1567 2171
1566 2171
1566 2172
1566 2173
1565 2174
1564 2175
1563 2175
1562 2175
1561 2175
1560 2175
1560 2176
1560 2177
1560 2178
1559 2179
1558 2180
1557 2180
1557 2181
1557 2182
1557 2183
1557 2184
1556 2185
1555 2185
1554 2185
1553 2184
1553 2183
1553 2182
1552 2181
1552 2182
1552 2183
1553 2184
1553 2185
1554 2186
1554 2187
1554 2188
1553 2189
1553 2190
1553 2191
1553 2192
1552 2193
1551 2193
1550 2193
1549 2192
1548 2192
1548 2193
1547 2194
1546 2194
1545 2194
1544 2193
1543 2193
1542 2193
1541 2193
1540 2192
1539 2191
1539 2190
1540 2189
1540 2188
1539 2188
1538 2188
1537 2188
1536 2189
1535 2189
1534 2189
1533 2190
1532 2190
1532 2191
1532 2192
1532 2193
1532 2194
1532 2195
1532 2196
1531 2197
1530 2197
1529 2197
1528 2196
1528 2195
1527 2194
1527 2193
1526 2193
1525 2193
1525 2194
1525 2195
1525 2196
1524 2197
1523 2197
1522 2197
1521 2196
1521 2197
1520 2198
1519 2198
1518 2198
1517 2197
1517 2196
1517 2195
1516 2195
1515 2195
1514 2195
1513 2194
1512 2194
1511 2194
1511 2195
1512 2196
1512 2197
1512 2198
1511 2199
1510 2200
1509 2200
1508 2200
1507 2200
1506 2199
1506 2198
1505 2198
1504 2198
1503 2198
1502 2198
1501 2198
1500 2197
1499 2196
1499 2195
1498 2195
1497 2195
1498 2196
1498 2197
1499 2198
1499 2199
1499 2200
1499 2201
1498 2202
1497 2202
1496 2202
1495 2201
1494 2201
1493 2200
1492 2199
1492 2198
1492 2197
1491 2198
1490 2198
1489 2198
1488 2197
1488 2198
1487 2199
1486 2199
1487 2200
1487 2201
1487 2202
1487 2203
1486 2204
1485 2205
1484 2205
1483 2205
1482 2204
1482 2203
1481 2202
1481 2201
1481 2200
1481 2199
1480 2199
1479 2199
1479 2200
1478 2201
1477 2201
1476 2202
1475 2202
1474 2202
1473 2201
1473 2202
1473 2203
1472 2204
1471 2204
1471 2205
1470 2206
1469 2206
1468 2206
1467 2206
1466 2205
1465 2205
1464 2206
1463 2206
1463 2207
1463 2208
1462 2209
1461 2209
1460 2209
1460 2210
1459 2211
1458 2211
1457 2210
1456 2211
1455 2211
1454 2211
1453 2210
1453 2209
1453 2208
1453 2209
1452 2210
1451 2210
1450 2210
1449 2209
1449 2208
1449 2207
1448 2206
1448 2207
1448 2208
1448 2209
1447 2210
1446 2210
1445 2210
1444 2209
1444 2208
1443 2207
1443 2206
1443 2207
1443 2208
1443 2209
1442 2210
1441 2210
1440 2210
1439 2210
1438 2209
1438 2208
1438 2207
1438 2208
1437 2209
1436 2209
1435 2208
1434 2207
1433 2207
1432 2207
1433 2208
1433 2209
1433 2210
1433 2211
1433 2212
1432 2213
1431 2213
1430 2213
1429 2212
1429 2213
1429 2214
1430 2215
1430 2216
1429 2217
1428 2217
1427 2218
1426 2218
1425 2218
1424 2217
1423 2216
1423 2215
1423 2214
1423 2213
1422 2213
1421 2213
1420 2212
1420 2213
1419 2214
1418 2214
1417 2214
1416 2214
1416 2215
1416 2216
1415 2217
1414 2218
1413 2218
1412 2218
1411 2217
1411 2216
1411 2215
1411 2214
1410 2214
1409 2214
1408 2214
1407 2214
1406 2215
1406 2216
1406 2217
1406 2218
1406 2219
1406 2220
1405 2221
1405 2222
1404 2223
1403 2223
1402 2222
1401 2222
1400 2222
1399 2222
1398 2223
1397 2223
1396 2223
1395 2222
1395 2221
1395 2220
1394 2220
1393 2219
1392 2218
1392 2217
1391 2217
1390 2218
1390 2219
1390 2220
1390 2221
1390 2222
1389 2223
1388 2223
1387 2223
1386 2222
1386 2221
1386 2220
1386 2219
1385 2220
1384 2220
1383 2219
1383 2220
1383 2221
1383 2222
1383 2223
1382 2224
1381 2225
1380 2225
1379 2225
1378 2225
1377 2225
1376 2226
1375 2226
1374 2226
1373 2227
1372 2227
1371 2226
1370 2225
1369 2225
1368 2225
1368 2226
1368 2227
1368 2228
1367 2229
1366 2229
1365 2229
1364 2228
1363 2228
1362 2229
1361 2229
1360 2229
1359 2228
1359 2229
1358 2230
1357 2231
1356 2231
1355 2231
1354 2230
1353 2229
1352 2228
1352 2227
1352 2228
1351 2229
1350 2229
1349 2229
1348 2229
1347 2230
1346 2231
1345 2231
1344 2231
1343 2231
1342 2231
1342 2232
1341 2233
1340 2233
1339 2234
1338 2234
1337 2234
1336 2234
1335 2233
1334 2233
1333 2234
1333 2235
1332 2236
1332 2237
1331 2238
1330 2238
1329 2237
1329 2236
1329 2235
1329 2234
1329 2233
1329 2232
1329 2233
1329 2234
1329 2235
1328 2236
1327 2236
1326 2235
1326 2234
1325 2235
1324 2234
1324 2235
1323 2236
1322 2237
1321 2237
1321 2238
1321 2239
1320 2240
1319 2240
1318 2240
1317 2240
1316 2239
1316 2238
1316 2237
1316 2236
1316 2237
1316 2238
1315 2239
1314 2239
1314 2240
1313 2241
1312 2241
1311 2241
1310 2240
1310 2239
1310 2238
1309 2238
1308 2238
1307 2237
1307 2238
1306 2239
1305 2239
1304 2239
1303 2238
1303 2237
1302 2238
1301 2239
1300 2240
1300 2241
1300 2242
1300 2243
1300 2244
1299 2245
1298 2245
1297 2245
1296 2244
1295 2243
1295 2242
1296 2241
1295 2241
1294 2241
1293 2241
1292 2240
1292 2239
1291 2240
1290 2241
1291 2242
1291 2243
1290 2244
1289 2244
1288 2244
1287 2243
1286 2242
1286 2241
1286 2240
1286 2239
1287 2238
1286 2238
1285 2239
1284 2240
1283 2241
1282 2241
1281 2242
1282 2243
1282 2244
1283 2245
1283 2246
1283 2247
1283 2248
1282 2249
1281 2249
1280 2249
1279 2248
1279 2247
1278 2247
1277 2247
1276 2248
1275 2249
1274 2249
1273 2250
1272 2250
1271 2250
1270 2251
1269 2251
1268 2251
1267 2250
1267 2249
1266 2248
1266 2247
1266 2246
1266 2245
1267 2244
1267 2243
1267 2242
1267 2243
1267 2244
1266 2245
1265 2246
1264 2246
1263 2246
1263 2247
1263 2248
1263 2249
1263 2250
1264 2251
1264 2252
1264 2253
1263 2254
1262 2254
1261 2254
1260 2254
1259 2254
1258 2253
1258 2252
1258 2251
1258 2250
1259 2249
1258 2250
1258 2251
1258 2252
1258 2253
1257 2254
1257 2255
1256 2256
1255 2257
1254 2256
1253 2256
1252 2255
1252 2254
1252 2253
1252 2254
1251 2255
1250 2255
1249 2255
1248 2254
1248 2253
1248 2252
1248 2253
1248 2254
1248 2255
1248 2256
1248 2257
1248 2258
1247 2259
1246 2259
1245 2259
1244 2258
1244 2257
1244 2256
1244 2255
1243 2256
1243 2257
1243 2258
1242 2259
1241 2259
1240 2259
1239 2258
1239 2257
1238 2256
1237 2256
1236 2256
1235 2255
1235 2256
1234 2257
1233 2257
1232 2257
1231 2257
1231 2258
1231 2259
1230 2260
1229 2260
1228 2260
1227 2259
1226 2258
1226 2257
1226 2256
1225 2256
1224 2255
1225 2256
1225 2257
1225 2258
1225 2259
1224 2260
1223 2260
1222 2261
1221 2261
1221 2262
1220 2263
1219 2263
1218 2263
1217 2262
1216 2261
1217 2260
1216 2260
1215 2260
1214 2260
1213 2260
1212 2259
1212 2258
1212 2257
1212 2256
1213 2255
1212 2254
1213 2255
1212 2256
1212 2257
1212 2258
1211 2259
1210 2259
1209 2259
1208 2259
1207 2258
1207 2257
1206 2256
1205 2256
1204 2256
1203 2255
1202 2254
1202 2253
1202 2252
1202 2251
1201 2251
1200 2251
1199 2251
1199 2252
1199 2253
1199 2254
1198 2255
1197 2256
1197 2257
1196 2258
1195 2258
1195 2259
1194 2260
1193 2260
1192 2260
1191 2260
1190 2260
1189 2259
1189 2258
1189 2257
1189 2256
1189 2255
1189 2256
1188 2257
1187 2257
1186 2257
1185 2256
1184 2256
1183 2255
1183 2254
1182 2254
1181 2254
1180 2254
1179 2253
1179 2252
1179 2253
1179 2254
1179 2255
1179 2256
1178 2257
1178 2258
1177 2259
1176 2259
1175 2259
1174 2258
1173 2257
1173 2256
1174 2255
1173 2256
1172 2257
1171 2257
1170 2257
1169 2256
1169 2255
1168 2256
1167 2256
1166 2256
1165 2255
1165 2254
1164 2253
1164 2252
1164 2251
1165 2250
1165 2249
1165 2248
1165 2247
1165 2246
1165 2245
1165 2244
1164 2243
1163 2243
1163 2244
1162 2245
1161 2246
1161 2247
1161 2248
1161 2249
1161 2250
1160 2251
1159 2252
1158 2252
1157 2251
1156 2250
1155 2251
1154 2251
1153 2251
1152 2250
1151 2249
1150 2250
1149 2251
1148 2251
1147 2252
1146 2251
1145 2250
1144 2249
1143 2248
1143 2247
1142 2247
1142 2248
1142 2249
1141 2250
1140 2251
1139 2251
1138 2251
1137 2251
1136 2250
1137 2251
1137 2252
1137 2253
1136 2254
1135 2254
1134 2254
1133 2253
1133 2252
1133 2253
1133 2254
1133 2255
1132 2256
1131 2256
1130 2256
1129 2255
1128 2254
1128 2253
1128 2252
1128 2251
1129 2250
1130 2250
1129 2249
1129 2250
1128 2251
1127 2252
1127 2253
1127 2254
1127 2255
1126 2256
1125 2256
1124 2256
1123 2256
1122 2256
1121 2257
1120 2257
1119 2257
1118 2256
1117 2256
1116 2257
1115 2257
1114 2257
1114 2258
1113 2259
1114 2260
1113 2261
1112 2262
1111 2263
1110 2263
1109 2263
1108 2262
1108 2261
1107 2260
1106 2259
1106 2258
1106 2257
1105 2256
1104 2256
1104 2257
1104 2258
1104 2259
1104 2260
1103 2261
1102 2261
1101 2261
1100 2260
1101 2261
1101 2262
1101 2263
1100 2264
1099 2265
1098 2265
1097 2265
1096 2265
1095 2264
1095 2263
1094 2263
1093 2263
1092 2262
1092 2261
1092 2260
1091 2260
1090 2260
1089 2260
1088 2260
1087 2259
1087 2258
1087 2259
1086 2260
1085 2260
1084 2260
1083 2261
1082 2262
1081 2262
1081 2263
1080 2264
1079 2264
1078 2264
1077 2263
1076 2262
1076 2261
1076 2262
1076 2263
1075 2264
1074 2264
1073 2264
1073 2265
1073 2266
1073 2267
1072 2268
1071 2268
1070 2268
1069 2268
1068 2267
1067 2267
1066 2266
1066 2265
1066 2264
1066 2263
1065 2263
1064 2263
1063 2263
1062 2263
1061 2263
1060 2263
1059 2263
1058 2263
1058 2264
1057 2265
1056 2265
1055 2265
1055 2266
1055 2267
1054 2268
1053 2268
1052 2268
1051 2268
1050 2268
1049 2267
1048 2267
1047 2266
1046 2266
1045 2266
1044 2266
1043 2266
1042 2266
1041 2266
1040 2266
1039 2267
1040 2268
1039 2269
1038 2270
1037 2270
1036 2270
1035 2269
1035 2268
1035 2269
1034 2270
1033 2270
1032 2270
1031 2270
1030 2269
1029 2268
1030 2267
1029 2268
1028 2268
1028 2269
1027 2270
1026 2270
1025 2270
1024 2269
1023 2270
1022 2270
1021 2270
1020 2270
1019 2269
1018 2268
1018 2269
1017 2270
1016 2270
1015 2270
1014 2270
1013 2269
1013 2270
1012 2271
1011 2271
1011 2272
1011 2273
1010 2274
1010 2275
1009 2276
1008 2276
1007 2276
1006 2275
1006 2274
1006 2273
1005 2273
1004 2273
1003 2273
1003 2274
1003 2275
1002 2276
1001 2276
1000 2276
999 2275
999 2274
999 2273
998 2274
998 2275
998 2276
998 2277
997 2278
996 2278
995 2279
994 2279
993 2279
992 2279
991 2280
990 2280
989 2280
988 2280
987 2279
986 2279
986 2280
985 2281
984 2281
984 2282
984 2283
983 2284
982 2285
981 2285
980 2284
980 2283
980 2284
980 2285
980 2286
979 2287
978 2287
977 2287
976 2286
975 2285
975 2284
974 2284
973 2283
972 2282
971 2283
970 2283
969 2282
969 2283
969 2284
970 2285
970 2286
970 2287
969 2288
970 2288
971 2289
971 2290
971 2291
971 2292
970 2293
969 2293
968 2293
967 2292
967 2291
966 2290
966 2289
966 2290
966 2291
966 2292
966 2293
966 2294
965 2295
964 2295
963 2294
963 2293
962 2293
961 2293
960 2293
959 2292
958 2292
957 2292
956 2293
955 2293
954 2293
954 2294
953 2295
952 2295
951 2295
950 2295
949 2295
948 2295
947 2295
946 2294
945 2293
946 2292
945 2292
944 2292
943 2293
942 2293
941 2293
941 2294
941 2295
941 2296
940 2297
939 2297
938 2298
938 2299
937 2300
936 2300
935 2300
934 2299
933 2298
933 2297
934 2296
933 2296
933 2297
933 2298
932 2299
931 2299
930 2299
929 2298
929 2297
928 2298
927 2298
926 2298
925 2298
924 2298
923 2298
922 2297
922 2296
921 2296
920 2295
920 2294
919 2293
918 2294
918 2295
918 2296
918 2297
918 2298
917 2299
916 2299
915 2299
914 2299
913 2298
913 2297
912 2296
911 2296
910 2296
909 2296
908 2296
907 2296
906 2296
905 2296
904 2296
904 2297
904 2298
903 2299
902 2299
901 2299
900 2299
899 2298
899 2297
898 2297
897 2297
896 2297
895 2297
894 2297
893 2296
892 2296
891 2295
891 2294
891 2295
890 2296
889 2296
888 2296
887 2296
886 2296
885 2296
884 2296
883 2295
882 2296
881 2296
880 2296
879 2296
878 2296
877 2296
876 2297
875 2297
874 2296
874 2295
874 2296
874 2297
874 2298
873 2299
872 2299
871 2299
870 2298
869 2297
869 2296
868 2296
867 2296
866 2296
866 2297
865 2298
865 2299
864 2300
863 2300
862 2300
861 2299
860 2299
859 2299
858 2299
857 2298
856 2298
856 2299
856 2300
855 2301
854 2302
854 2303
854 2304
854 2305
853 2306
852 2306
851 2305
850 2304
850 2303
850 2302
851 2301
851 2300
850 2300
849 2300
848 2300
847 2299
846 2299
845 2300
844 2300
843 2300
842 2299
841 2299
840 2299
839 2299
839 2300
839 2301
839 2302
839 2303
838 2304
839 2305
839 2306
838 2307
837 2307
836 2307
835 2307
834 2306
834 2305
834 2304
833 2304
832 2304
831 2305
830 2305
829 2305
828 2304
827 2304
826 2303
825 2302
825 2301
824 2301
823 2301
822 2302
821 2302
821 2303
820 2304
819 2304
818 2304
817 2303
816 2303
815 2303
814 2303
814 2304
814 2305
814 2306
814 2307
813 2308
812 2308
811 2308
810 2307
810 2306
810 2305
810 2304
809 2304
808 2304
807 2303
807 2304
806 2305
805 2305
804 2305
803 2306
802 2306
801 2307
800 2307
799 2306
798 2305
797 2306
797 2307
796 2308
795 2308
794 2308
793 2308
792 2308
791 2308
790 2307
789 2307
788 2307
788 2308
788 2309
787 2310
786 2310
785 2310
784 2309
784 2308
783 2308
782 2308
782 2309
781 2310
780 2310
779 2309
778 2310
777 2310
776 2310
775 2309
775 2308
775 2309
774 2310
773 2310
772 2309
771 2309
770 2310
769 2310
768 2311
767 2311
766 2310
765 2311
764 2311
763 2311
762 2311
761 2311
760 2311
759 2311
758 2311
757 2310
756 2311
755 2312
754 2311
753 2311
752 2312
751 2312
750 2312
749 2313
748 2313
747 2313
746 2314
745 2314
744 2314
743 2314
742 2315
741 2315
740 2316
739 2316
738 2316
737 2317
736 2317
735 2317
734 2317
733 2318
732 2318
731 2318
730 2319
729 2319
728 2319
727 2320
726 2320
725 2321
724 2321
723 2322
722 2322
721 2323
720 2323
719 2324
718 2325
717 2325
716 2326
715 2326
714 2327
713 2328
712 2328
711 2328
710 2328
709 2329
708 2329
707 2329
706 2329
705 2330
704 2330
703 2330
702 2331
701 2332
700 2332
699 2333
698 2333
697 2334
696 2334
695 2335
694 2336
693 2336
693 2337
693 2338
693 2339
693 2340
694 2341
695 2342
696 2343
696 2344
697 2345
698 2346
699 2347
699 2348
700 2349
701 2350
702 2351
703 2351
704 2352
705 2352
706 2353
707 2354
708 2354
709 2355
710 2355
711 2356
712 2356
713 2357
714 2358
715 2359
716 2360
717 2361
718 2362
719 2363
720 2364
721 2365
722 2366
722 2367
723 2367
724 2368
725 2369
726 2369
727 2370
728 2370
729 2371
730 2372
731 2373
732 2373
733 2374
734 2374
735 2375
736 2376
737 2377
738 2378
739 2378
740 2379
741 2379
742 2380
743 2380
744 2381
745 2381
746 2382
747 2382
748 2382
749 2382
750 2382
751 2383
752 2383
753 2384
754 2384
755 2385
756 2385
757 2386
758 2386
759 2387
760 2387
761 2388
762 2389
763 2389
764 2389
765 2390
766 2390
767 2391
768 2391
769 2391
770 2391
771 2392
772 2392
773 2392
774 2393
775 2393
776 2394
777 2394
778 2394
779 2395
780 2395
781 2396
782 2396
783 2397
784 2397
785 2398
786 2398
787 2399
788 2399
789 2399
790 2400
791 2401
792 2401
793 2401
794 2402
795 2402
796 2403
797 2404
798 2404
799 2404
800 2405
801 2405
802 2406
803 2406
804 2407
805 2408
806 2408
807 2408
808 2409
809 2409
810 2409
811 2409
812 2410
813 2410
814 2411
815 2411
816 2411
817 2411
818 2411
819 2412
820 2412
821 2412
822 2413
823 2413
824 2413
825 2413
826 2413
827 2414
828 2414
829 2414
830 2414
831 2414
832 2414
833 2415
834 2415
835 2415
836 2415
837 2415
838 2416
839 2416
840 2416
841 2416
842 2416
843 2416
844 2417
845 2417
846 2417
847 2417
848 2417
849 2417
850 2417
851 2418
852 2418
853 2418
854 2418
855 2418
856 2418
857 2418
858 2419
859 2419
860 2420
861 2420
862 2420
863 2420
864 2420
865 2421
866 2421
867 2422
868 2422
869 2422
870 2422
871 2422
872 2423
873 2423
874 2424
875 2424
876 2425
877 2425
878 2425
879 2426
880 2426
881 2427
882 2427
883 2428
884 2428
885 2428
886 2429
887 2429
888 2430
889 2430
890 2431
891 2431
892 2431
893 2431
894 2432
895 2432
896 2433
897 2433
898 2433
899 2434
900 2434
901 2434
902 2435
903 2435
904 2436
905 2436
906 2436
907 2437
908 2437
909 2437
910 2438
911 2438
912 2439
913 2439
914 2440
915 2440
916 2440
917 2440
918 2441
919 2442
920 2442
921 2442
922 2442
923 2443
924 2443
925 2443
926 2444
927 2444
928 2444
929 2445
930 2445
931 2445
932 2445
933 2446
934 2446
935 2446
936 2447
937 2447
938 2447
939 2447
940 2447
941 2448
942 2448
943 2448
944 2448
945 2449
946 2449
947 2449
948 2449
949 2450
950 2450
951 2451
952 2451
953 2451
954 2452
955 2452
956 2453
957 2453
958 2454
959 2454
960 2454
961 2455
962 2455
963 2455
964 2456
965 2457
966 2457
967 2458
968 2459
969 2459
970 2460
971 2461
972 2461
973 2462
974 2462
975 2463
976 2463
977 2464
978 2464
979 2464
980 2465
981 2465
982 2465
983 2466
984 2466
985 2466
986 2467
987 2467
988 2468
989 2468
990 2469
991 2469
992 2469
993 2470
994 2471
995 2471
996 2472
997 2472
998 2472
999 2473
1000 2473
1001 2474
1002 2474
1003 2475
1004 2475
1005 2475
1006 2475
1007 2476
1008 2476
1009 2476
1010 2477
1011 2477
1012 2477
1013 2477
1014 2477
1015 2477
1016 2478
1017 2478
1018 2479
1019 2479
1020 2479
1021 2480
1022 2480
1023 2480
1024 2481
1025 2482
1026 2482
1027 2482
1028 2483
1029 2483
1030 2483
1031 2484
1032 2485
1033 2486
1034 2487
1035 2487
1036 2488
1037 2489
1038 2490
1039 2491
1040 2492
1041 2492
1042 2493
1043 2493
1044 2494
1045 2495
1046 2495
1047 2496
1048 2497
1049 2497
1050 2498
1051 2498
1052 2498
1053 2499
1054 2499
1055 2500
1056 2500
1057 2500
1058 2501
1059 2501
1060 2502
1061 2502
1062 2502
1063 2503
1064 2503
1065 2503
1066 2504
1067 2504
1068 2504
1069 2504
1070 2504
1071 2504
1072 2505
1073 2505
1074 2506
1075 2505
1076 2506
1077 2506
1078 2506
1079 2506
1080 2506
1081 2506
1082 2507
1083 2507
1084 2507
1085 2507
1086 2507
1087 2508
1088 2508
1089 2508
1090 2508
1091 2508
1092 2508
1093 2509
1094 2509
1095 2509
1096 2510
1097 2510
1098 2510
1099 2510
1100 2511
1101 2511
1102 2512
1103 2512
1104 2512
1105 2513
1106 2513
1107 2513
1108 2513
1109 2514
1110 2515
1111 2515
1112 2515
1113 2516
1114 2516
1115 2516
1116 2517
1117 2517
1118 2517
1119 2517
1120 2518
1121 2518
1122 2518
1123 2518
1124 2518
1125 2519
1126 2519
1127 2519
1128 2520
1129 2520
1130 2521
1131 2521
1132 2522
1133 2522
1134 2522
1135 2523
1136 2523
1137 2524
1138 2524
1139 2524
1140 2525
1141 2526
1142 2526
1143 2527
1144 2527
1145 2528
1146 2528
1147 2529
1148 2530
1149 2530
1150 2531
1151 2531
1152 2532
1153 2533
1154 2533
1155 2534
1156 2535
1157 2536
1158 2536
1159 2537
1160 2538
1161 2539
1162 2540
1163 2540
1164 2541
1165 2542
1166 2543
1167 2543
1168 2544
1169 2545
1170 2546
1171 2546
1172 2547
1173 2547
1174 2547
1175 2548
1176 2549
1177 2549
1178 2550
1179 2550
1180 2551
1181 2551
1182 2551
1183 2552
1184 2553
1185 2553
1186 2554
1187 2554
1188 2555
1189 2555
1190 2555
1191 2556
1192 2556
1193 2557
1194 2557
1195 2557
1196 2558
1197 2559
1198 2560
1199 2560
1200 2561
1200 2562
1201 2561
1202 2561
1203 2562
1202 2563
1203 2563
1204 2563
1205 2563
1206 2563
1207 2564
1207 2565
1208 2565
1209 2566
1210 2566
1211 2566
1212 2567
1213 2568
1214 2568
1215 2568
1216 2568
1217 2568
1218 2568
1219 2569
1220 2570
1221 2569
1222 2569
1223 2569
1224 2570
1224 2571
1225 2570
1226 2570
1227 2571
1227 2572
1228 2572
1229 2572
1230 2572
1231 2573
1232 2574
1233 2574
1234 2575
1235 2574
1236 2575
1236 2576
1237 2576
1237 2575
1237 2574
1238 2573
1239 2573
1240 2574
1241 2575
1241 2576
1241 2577
1241 2578
1242 2578
1243 2578
1244 2578
1245 2578
1246 2579
1247 2579
1248 2579
1249 2579
1250 2580
1251 2579
1252 2579
1253 2580
1253 2581
1254 2581
1255 2581
1256 2582
1257 2582
1258 2581
1259 2581
1260 2582
1261 2582
1262 2582
1263 2582
1264 2583
1265 2583
1266 2583
1267 2584
1268 2584
1269 2584
1270 2584
1271 2584
1272 2584
1273 2584
1274 2584
1275 2585
1276 2585
1277 2585
1278 2585
1279 2585
1280 2585
1281 2585
1282 2586
1283 2586
1284 2586
1285 2586
1286 2586
1287 2586
1288 2586
1289 2586
1290 2587
1291 2587
1292 2588
1293 2589
1294 2589
1295 2588
1296 2588
1297 2589
1298 2590
1299 2590
1300 2591
1301 2591
1302 2591
1303 2592
1304 2592
1305 2592
1306 2593
1307 2593
1308 2593
1309 2593
1310 2594
1311 2594
1312 2595
1313 2594
1314 2594
1315 2595
1316 2595
1317 2596
1318 2596
1319 2596
1320 2597
1321 2597
1322 2597
1323 2597
1324 2598
1324 2599
1325 2598
1326 2598
1327 2598
1328 2599
1328 2600
1329 2600
1330 2601
1331 2601
1332 2601
1333 2602
1333 2603
1334 2602
1335 2602
1336 2603
1337 2603
1338 2604
1339 2605
1340 2605
1341 2605
1342 2606
1342 2607
1343 2607
1344 2607
1345 2607
1346 2608
1347 2609
1347 2610
1348 2609
1349 2610
1350 2610
1351 2610
1352 2611
1352 2612
1353 2612
1353 2611
1353 2610
1354 2609
1355 2609
1356 2609
1357 2610
1357 2611
1357 2612
1357 2613
1358 2613
1359 2613
1360 2613
1361 2614
1362 2614
1363 2614
1364 2614
1365 2614
1366 2615
1366 2616
1367 2616
1368 2617
1368 2618
1369 2617
1370 2617
1371 2618
1372 2619
1373 2619
1374 2619
1375 2619
1375 2618
1375 2617
1376 2616
1377 2616
1378 2616
1379 2617
1380 2618
1381 2619
1381 2620
1381 2621
1381 2622
1382 2623
1382 2624
1383 2624
1384 2624
1385 2625
1384 2626
1385 2627
1385 2628
1386 2628
1387 2629
1388 2629
1389 2629
1389 2628
1390 2627
1391 2626
1392 2626
1393 2626
1394 2627
1395 2628
1395 2629
1395 2630
1396 2630
1397 2630
1398 2631
1398 2632
1398 2633
1398 2634
1398 2635
1398 2636
1398 2635
1398 2634
1398 2633
1399 2632
1400 2632
1401 2632
1402 2633
1402 2634
1402 2635
1402 2636
1403 2636
1404 2637
1405 2637
1406 2638
1405 2637
1405 2636
1406 2635
1407 2635
1408 2634
1409 2633
1410 2633
1411 2633
1412 2633
1413 2634
1413 2635
1413 2636
1414 2636
1415 2637
1416 2638
1417 2638
1417 2637
1418 2636
1419 2636
1420 2636
1421 2637
1421 2638
1421 2639
1421 2640
1420 2641
1420 2642
1420 2643
1421 2642
1422 2642
1423 2642
1424 2643
1425 2643
1426 2644
1426 2645
1426 2646
1426 2647
1427 2648
1428 2648
1429 2648
1430 2648
1430 2647
1430 2646
1431 2645
1432 2645
1433 2645
1434 2645
1435 2646
1434 2647
1435 2647
1435 2646
1436 2645
1437 2644
1438 2644
1438 2643
1439 2642
1440 2642
1441 2642
1442 2643
1442 2644
1442 2645
1441 2646
1441 2647
1442 2648
1443 2648
1444 2649
1445 2650
1446 2651
1446 2652
1445 2653
1445 2654
1446 2653
1446 2652
1447 2651
1448 2651
1449 2650
1449 2649
1448 2648
1448 2647
1449 2646
1449 2645
1449 2644
1450 2643
1451 2643
1452 2643
1453 2644
1454 2645
1454 2646
1453 2647
1454 2648
1454 2649
1454 2650
1453 2651
1453 2652
1453 2653
1452 2654
1451 2654
1451 2655
1451 2656
1451 2657
1451 2658
1451 2659
1452 2660
1453 2661
1454 2661
1455 2662
1455 2661
1455 2660
1456 2659
1457 2659
1458 2659
1459 2659
1460 2659
1461 2659
1462 2659
1463 2660
1463 2661
1463 2662
1462 2663
1463 2663
1463 2662
1463 2661
1464 2660
1465 2659
1466 2658
1467 2658
1467 2657
1467 2656
1467 2655
1468 2654
1469 2654
1470 2654
1471 2655
1471 2656
1472 2657
1472 2658
1472 2659
1473 2660
1473 2661
1473 2662
1473 2663
1473 2664
1473 2665
1474 2666
1474 2667
1474 2668
1474 2669
1475 2669
1476 2669
1477 2669
1477 2668
1477 2667
1478 2666
1479 2666
1480 2666
1480 2665
1481 2664
1482 2663
1483 2663
1484 2664
1485 2664
1486 2665
1486 2666
1486 2667
1487 2668
1487 2669
1487 2670
1488 2670
1488 2669
1488 2668
1488 2667
1488 2666
1487 2665
1487 2664
1487 2663
1488 2662
1488 2661
1488 2660
1488 2659
1488 2658
1488 2657
1489 2656
1488 2656
1487 2656
1486 2655
1486 2654
1486 2653
1486 2652
1487 2651
1488 2651
1489 2651
1490 2651
1491 2652
1491 2653
1491 2654
1492 2655
1492 2654
1493 2653
1494 2653
1495 2653
1496 2654
1496 2655
1496 2656
1496 2657
1497 2658
1497 2659
1498 2660
1498 2661
1498 2662
1497 2663
1498 2664
1499 2664
1500 2664
1501 2664
1502 2664
1503 2664
1504 2663
1505 2663
1506 2663
1507 2664
1507 2665
1507 2666
1508 2667
1508 2668
1508 2669
1509 2668
1510 2668
1511 2669
1512 2670
1512 2671
1513 2672
1514 2671
1515 2671
1516 2671
1516 2670
1517 2669
1517 2668
1516 2667
1517 2666
1518 2666
1519 2666
1520 2666
1521 2667
1522 2667
1523 2668
1523 2669
1523 2670
1524 2671
1525 2671
1526 2672
1526 2673
1527 2674
1527 2675
1527 2674
1527 2673
1527 2672
1528 2671
1529 2671
1530 2671
1531 2671
1532 2672
1533 2672
1534 2673
1534 2674
1535 2674
1536 2675
1537 2675
1538 2676
1539 2677
1539 2678
1539 2679
1539 2680
1539 2681
1539 2682
1538 2683
1538 2684
1539 2685
1539 2686
1540 2687
1541 2687
1542 2688
1543 2689
1543 2690
1544 2691
1545 2691
1545 2690
1545 2689
1546 2688
1546 2687
1545 2686
1546 2685
1547 2685
1548 2685
1549 2685
1550 2686
1551 2686
1552 2686
1553 2687
1553 2688
1553 2689
1553 2690
1553 2691
1553 2692
1553 2693
1553 2692
1554 2691
1555 2691
1556 2691
1557 2690
1558 2690
1559 2690
1560 2690
1561 2691
1562 2691
1563 2692
1563 2693
1563 2694
1564 2693
1565 2693
1566 2693
1567 2694
1567 2695
1568 2694
1569 2694
1570 2694
1571 2695
1572 2695
1572 2694
1572 2693
1572 2692
1572 2691
1572 2690
1573 2689
1573 2688
1574 2687
1575 2687
1576 2687
1577 2688
1577 2689
1577 2690
1577 2691
1577 2692
1577 2693
1576 2694
1577 2695
1578 2695
1579 2695
1579 2694
1580 2693
1581 2692
1582 2692
1583 2692
1584 2692
1585 2693
1585 2694
1586 2695
1586 2696
1587 2696
1588 2697
1588 2698
1589 2699
1589 2700
1589 2699
1589 2698
1590 2697
1591 2697
1591 2696
1591 2695
1592 2694
1592 2693
1592 2692
1591 2692
1590 2691
1590 2690
1590 2689
1590 2688
1591 2687
1592 2687
1593 2687
1594 2687
1595 2688
1596 2689
1597 2690
1597 2691
1597 2692
1597 2693
1597 2694
1597 2695
1596 2696
1596 2697
1596 2698
1595 2699
1595 2700
1596 2699
1597 2699
1598 2700
1598 2701
1598 2702
1598 2701
1598 2700
1599 2699
1600 2699
1601 2699
1602 2699
1603 2699
1604 2699
1605 2699
1606 2700
1606 2701
1606 2702
1606 2703
1606 2702
1606 2701
1606 2700
1605 2699
1606 2698
1607 2698
1606 2697
1606 2696
1606 2695
1607 2694
1608 2693
1609 2692
1610 2692
1611 2692
1612 2692
1613 2693
1613 2694
1612 2695
1612 2696
1613 2697
1613 2698
1614 2698
1615 2699
1616 2700
1616 2701
1617 2700
1618 2700
1619 2700
1619 2699
1620 2698
1621 2698
1622 2698
1623 2698
1624 2699
1624 2700
1623 2701
1623 2702
1624 2703
1625 2702
1624 2701
1624 2700
1625 2699
1626 2698
1627 2698
1628 2698
1629 2699
1629 2700
1629 2701
1629 2702
1629 2703
1629 2702
1630 2701
1630 2700
1631 2699
1632 2699
1633 2699
1634 2700
1634 2699
1635 2698
1636 2698
1637 2698
1638 2698
1639 2699
1639 2700
1639 2701
1639 2702
1638 2703
1637 2703
1637 2704
1636 2705
1635 2705
1634 2705
1634 2706
1634 2707
1633 2708
1632 2709
1631 2709
1632 2709
1633 2709
1634 2709
1635 2710
1635 2711
1636 2710
1637 2710
1637 2709
1638 2708
1639 2708
1640 2708
1641 2708
1642 2708
1643 2709
1644 2709
1644 2708
1644 2707
1645 2706
1645 2705
1645 2704
1645 2703
1646 2702
1647 2702
1648 2702
1649 2703
1649 2704
1649 2705
1649 2706
1649 2707
1649 2708
1649 2709
1649 2710
1650 2710
1651 2710
1652 2710
1652 2709
1653 2708
1653 2707
1654 2706
1655 2706
1656 2706
1657 2707
1657 2708
1657 2709
1656 2710
1656 2711
1656 2712
1656 2713
1657 2713
1658 2713
1659 2714
1659 2715
1660 2714
1661 2714
1662 2714
1663 2715
1663 2716
1663 2717
1663 2718
1663 2719
1663 2718
1664 2717
1664 2716
1665 2715
1666 2715
1667 2715
1668 2715
1669 2716
1669 2717
1668 2718
1667 2719
1667 2720
1667 2721
1667 2722
1667 2723
1666 2724
1667 2723
1668 2723
1669 2724
1670 2724
1671 2724
1672 2724
1672 2723
1671 2723
1670 2722
1670 2721
1671 2720
1671 2719
1671 2718
1672 2717
1673 2717
1674 2717
1675 2718
1676 2718
1677 2719
1677 2720
1678 2720
1678 2719
1679 2718
1680 2718
1681 2718
1682 2718
1682 2717
1683 2716
1684 2716
1685 2716
1686 2717
1686 2718
1686 2719
1686 2718
1687 2717
1688 2717
1689 2717
1690 2718
1690 2719
1691 2719
1692 2719
1693 2720
1693 2721
1693 2722
1693 2723
1694 2723
1695 2723
1695 2722
1695 2721
1696 2720
1697 2720
1698 2720
1699 2721
1699 2722
1699 2723
1699 2724
1699 2725
1699 2726
1699 2727
1698 2728
1697 2728
1696 2728
1696 2729
1697 2729
1698 2730
1698 2731
1698 2732
1698 2733
1698 2734
1698 2735
1698 2736
1698 2737
1698 2738
1698 2739
1697 2740
1698 2741
1698 2742
1699 2743
1700 2742
1701 2741
1702 2741
1703 2740
1704 2740
1705 2740
1706 2740
1706 2739
1706 2738
1706 2737
1706 2736
1707 2735
1708 2734
1709 2734
1710 2734
1711 2734
1712 2734
1713 2734
1714 2735
1714 2736
1714 2737
1714 2738
1714 2737
1715 2736
1716 2736
1716 2735
1716 2734
1717 2733
1718 2733
1719 2733
1720 2733
1720 2732
1719 2732
1718 2732
1717 2731
1717 2730
1717 2729
1717 2728
1717 2727
1718 2726
1719 2726
1720 2726
1721 2726
1722 2726
1723 2727
1724 2728
1724 2729
1725 2729
1726 2730
1726 2731
1727 2731
1727 2730
1727 2729
1727 2728
1727 2727
1728 2726
1729 2726
1730 2726
1731 2727
1732 2728
1732 2729
1732 2730
1732 2731
1733 2732
1733 2733
1733 2734
1734 2735
1734 2736
1734 2735
1735 2734
1736 2734
1737 2734
1738 2734
1739 2734
1740 2735
1739 2736
1739 2737
1739 2738
1739 2737
1740 2736
1740 2735
1740 2734
1741 2733
1742 2733
1743 2733
1744 2732
1745 2731
1746 2731
1747 2732
1748 2733
1748 2734
1748 2735
1748 2736
1748 2737
1748 2738
1748 2739
1748 2740
1749 2740
1750 2741
1751 2741
1752 2742
1752 2743
1752 2744
1751 2745
1751 2746
1752 2747
1752 2748
1753 2748
1754 2749
1755 2750
1755 2751
1756 2752
1756 2751
1756 2750
1756 2749
1757 2748
1756 2747
1757 2746
1758 2746
1759 2746
1760 2746
1761 2746
1762 2746
1763 2747
1763 2748
1763 2749
1762 2750
1761 2751
1761 2752
1761 2753
1762 2752
1763 2751
1764 2751
1765 2750
1765 2749
1766 2748
1767 2748
1768 2747
1769 2748
1770 2747
1771 2747
1772 2747
1772 2746
1772 2745
1772 2744
1772 2743
1772 2742
1772 2741
1773 2740
1774 2740
1775 2740
1776 2741
1777 2741
1778 2741
1779 2742
1780 2742
1781 2742
1782 2742
1783 2743
1783 2744
1783 2745
1782 2746
1781 2747
1780 2748
1779 2748
1778 2748
1777 2747
1776 2747
1776 2748
1776 2749
1777 2750
1778 2751
1779 2751
1780 2751
1780 2750
1780 2749
1780 2748
1781 2747
1782 2747
1783 2747
1784 2747
1785 2748
1786 2749
1786 2750
1786 2751
1787 2751
1788 2751
1789 2752
1790 2753
1789 2752
1789 2751
1789 2750
1789 2749
1790 2748
1790 2747
1790 2746
1791 2745
1792 2744
1793 2743
1794 2743
1795 2743
1796 2744
1796 2745
1796 2746
1795 2747
1795 2748
1795 2749
1795 2750
1794 2751
1794 2752
1795 2752
1796 2752
1797 2752
1798 2752
1798 2751
1798 2750
1799 2749
1800 2749
1801 2749
1802 2750
1803 2751
1803 2752
1803 2753
1803 2754
1804 2755
1804 2754
1805 2753
1806 2753
1807 2753
1808 2754
1808 2755
1808 2756
1809 2756
1810 2756
1811 2756
1812 2756
1813 2756
1814 2757
1814 2758
1814 2759
1814 2760
1814 2761
1814 2762
1815 2763
1816 2764
1816 2763
1816 2762
1817 2761
1818 2761
1819 2761
1820 2761
1821 2762
1822 2763
1822 2764
1822 2765
1822 2766
1822 2767
1821 2768
1822 2768
1823 2769
1824 2769
1825 2768
1825 2767
1825 2766
1825 2765
1825 2764
1826 2763
1827 2763
1828 2764
1828 2763
1828 2762
1827 2761
1827 2760
1827 2759
1828 2758
1829 2758
1830 2758
1831 2758
1832 2758
1833 2759
1833 2758
1833 2757
1833 2756
1833 2755
1834 2754
1835 2754
1836 2754
1837 2755
1837 2756
1837 2757
1837 2758
1838 2759
1838 2760
1838 2761
1837 2762
1838 2763
1838 2764
1838 2765
1837 2766
1838 2767
1838 2768
1839 2768
1839 2767
1839 2766
1839 2765
1839 2764
1839 2763
1840 2762
1840 2761
1841 2760
1841 2759
1841 2758
1842 2757
1843 2757
1844 2757
1845 2757
1846 2758
1846 2759
1846 2760
1846 2761
1846 2762
1845 2763
1844 2764
1844 2765
1845 2764
1845 2763
1846 2762
1847 2762
1848 2762
1849 2763
1850 2764
1849 2765
1850 2766
1851 2766
1852 2767
1852 2768
1853 2768
1854 2769
1855 2769
1856 2768
1857 2768
1858 2768
1859 2768
1860 2769
1860 2770
1861 2770
1862 2770
1862 2769
1862 2768
1862 2767
1862 2766
1863 2765
1864 2765
1865 2765
1866 2766
1866 2767
1867 2767
1868 2768
1867 2769
1867 2770
1867 2771
1868 2772
1869 2773
1870 2773
1870 2772
1870 2771
1871 2770
1872 2770
1873 2770
1874 2769
1875 2770
1875 2769
1875 2768
1875 2767
1875 2766
1876 2765
1877 2765
1878 2764
1879 2764
1880 2764
1881 2765
1881 2766
1881 2767
1881 2768
1881 2769
1881 2770
1880 2771
1879 2771
1880 2771
1881 2772
1881 2773
1881 2774
1881 2775
1882 2776
1883 2776
1884 2776
1885 2776
1886 2776
1887 2777
1887 2778
1888 2778
1889 2777
1888 2776
1888 2775
1889 2774
1890 2774
1891 2774
1892 2774
1893 2775
1893 2776
1894 2776
1895 2776
1895 2775
1896 2774
1897 2774
1898 2774
1899 2775
1899 2776
1899 2777
1899 2778
1899 2779
1899 2780
1899 2781
1899 2782
1899 2781
1899 2780
1899 2779
1899 2778
1899 2777
1900 2776
1901 2776
1902 2777
1902 2778
1903 2778
1904 2778
1905 2778
1906 2778
1907 2778
1908 2778
1909 2779
1909 2780
1910 2780
1911 2781
1912 2781
1913 2782
1913 2783
1914 2783
1915 2783
1916 2783
1917 2783
1918 2784
1919 2785
1919 2786
1919 2787
1919 2788
1920 2788
1920 2787
1921 2786
1922 2786
1923 2787
1924 2788
1924 2789
1924 2788
1924 2787
1925 2786
1926 2786
1927 2786
1928 2786
1929 2786
1930 2787
1931 2788
1931 2789
1931 2788
1932 2787
1933 2787
1934 2787
1935 2788
1936 2788
1937 2788
1938 2788
1939 2789
1940 2789
1941 2788
1942 2787
1943 2787
1944 2787
1945 2788
1945 2789
1945 2790
1945 2791
1945 2792
1946 2792
1947 2792
1948 2792
1949 2792
1950 2793
1951 2792
1952 2792
1953 2792
1954 2793
1955 2793
1956 2793
1957 2794
1958 2793
1959 2793
1960 2793
1961 2794
1961 2795
1962 2795
1963 2795
1964 2794
1965 2793
1966 2793
1967 2794
1967 2795
1967 2796
1968 2797
1969 2797
1970 2797
1971 2797
1972 2798
1973 2798
1974 2798
1975 2799
1976 2799
1977 2799
1978 2800
1978 2801
1979 2800
1980 2800
1981 2800
1982 2801
1982 2800
1983 2799
1984 2799
1985 2799
1986 2800
1986 2801
1986 2802
1987 2802
1988 2803
1989 2802
1990 2802
1991 2802
1992 2803
1993 2804
1994 2804
1995 2804
1996 2804
1997 2804
1998 2805
1999 2805
2000 2805
2001 2805
2002 2805
2003 2805
2004 2805
2005 2806
2005 2807
2006 2806
2007 2806
2008 2806
2009 2806
2010 2806
2011 2807
2012 2807
2013 2807
2014 2807
2015 2807
2016 2807
2017 2808
2017 2809
2017 2808
2018 2807
2019 2807
2020 2807
2021 2808
2021 2809
2022 2809
2023 2808
2024 2808
2025 2808
2026 2809
2027 2809
2028 2809
2029 2809
2030 2810
2031 2810
2032 2810
2033 2810
2034 2810
2035 2810
2036 2810
2037 2810
2038 2810
2039 2811
2040 2811
2041 2811
2042 2811
2043 2812
2044 2812
2045 2811
2046 2811
2047 2811
2048 2812
2049 2812
2050 2813
2051 2813
2052 2812
2053 2812
2054 2812
2055 2812
2056 2813
2057 2813
2058 2813
2059 2813
2060 2814
2061 2814
2062 2814
2063 2814
2064 2814
2065 2814
2066 2815
2067 2814
2068 2814
2069 2815
2070 2815
2071 2815
2072 2814
2073 2814
2074 2814
2075 2815
2076 2815
2077 2816
2078 2816
2079 2816
2080 2816
2081 2816
2082 2816
2083 2816
2084 2816
2085 2816
2086 2817
2087 2817
2088 2817
2089 2817
2090 2816
2091 2816
2092 2816
2093 2817
2093 2818
2093 2819
2093 2818
2093 2817
2093 2816
2093 2815
2094 2814
2095 2814
2096 2815
2096 2816
2097 2817
2098 2818
2098 2819
2098 2820
2098 2819
2098 2818
2098 2817
2098 2816
2099 2815
2100 2815
2101 2815
2102 2816
2102 2817
2102 2818
2102 2819
2103 2819
2104 2819
2105 2819
2106 2819
2107 2819
2108 2819
2109 2820
2108 2819
2108 2818
2108 2817
2109 2816
2110 2815
2111 2815
2112 2815
2113 2816
2113 2817
2113 2818
2113 2819
2112 2820
2112 2821
2113 2821
2114 2820
2115 2820
2116 2820
2117 2820
2118 2821
2118 2820
2119 2819
2120 2819
2121 2819
2122 2820
2122 2821
2123 2820
2124 2820
2125 2820
2126 2821
2127 2821
2128 2821
2129 2821
2130 2821
2131 2822
2132 2823
2133 2823
2134 2823
2135 2822
2136 2821
2137 2821
2138 2821
2139 2822
2140 2822
2141 2823
2142 2823
2143 2823
2144 2823
2145 2823
2146 2824
2147 2825
2148 2825
2149 2825
2148 2824
2149 2823
2150 2823
2151 2824
2152 2825
2152 2826
2153 2826
2154 2826
2155 2826
2156 2826
2157 2826
2158 2826
2159 2826
2160 2825
2161 2825
2162 2825
2163 2826
2163 2827
2164 2826
2165 2826
2166 2827
2166 2828
2166 2827
2167 2826
2168 2826
2169 2826
2170 2827
2170 2828
2171 2828
2171 2827
2172 2826
2173 2826
2174 2827
2175 2827
2176 2827
2177 2827
2178 2827
2179 2828
2180 2829
2180 2830
2181 2829
2182 2829
2183 2829
2184 2830
2185 2830
2186 2830
2187 2830
2188 2831
2189 2830
2190 2831
2191 2831
2192 2831
2193 2831
2194 2831
2195 2832
2196 2832
2197 2832
2198 2832
2199 2832
2200 2832
2201 2832
2202 2832
2203 2832
2204 2832
2205 2833
2205 2834
2205 2833
2205 2832
2206 2831
2207 2831
2208 2832
2208 2833
2208 2834
2209 2833
2210 2833
2211 2833
2212 2833
2213 2834
2214 2834
2215 2834
2216 2835
2216 2834
2216 2833
2216 2832
2217 2831
2218 2831
2219 2831
2220 2832
2220 2833
2220 2834
2221 2834
2222 2834
2223 2835
2224 2835
2225 2835
2226 2835
2227 2836
2228 2836
2229 2836
2230 2836
2231 2836
2232 2835
2233 2835
2234 2835
2235 2836
2235 2837
2236 2837
2237 2837
2238 2836
2239 2836
2240 2837
2241 2838
2242 2838
2243 2838
2244 2838
2245 2838
2246 2838
2247 2838
2248 2837
2249 2837
2250 2837
2251 2838
2251 2839
2251 2840
2252 2839
2253 2838
2254 2838
2255 2839
2255 2840
2256 2840
2257 2840
2258 2840
2259 2839
2260 2839
2261 2839
2262 2839
2263 2840
2264 2840
2265 2841
2266 2841
2267 2841
2268 2842
2269 2842
2270 2841
2271 2841
2272 2841
2273 2841
2274 2841
2275 2842
2276 2842
2277 2842
2278 2843
2279 2842
2280 2842
2281 2842
2282 2843
2283 2844
2284 2843
2285 2843
2286 2843
2287 2843
2288 2843
2289 2844
2290 2844
2291 2844
2292 2844
2293 2844
2294 2843
2295 2844
2295 2845
2296 2845
2297 2845
2298 2845
2299 2845
2300 2845
2301 2845
2302 2845
2303 2845
2304 2845
2305 2846
2306 2846
2307 2846
2308 2846
2309 2846
2310 2846
2311 2847
2312 2846
2313 2846
2314 2847
2315 2848
2316 2847
2317 2847
2318 2848
2319 2848
2320 2848
2321 2848
2322 2848
2323 2848
2324 2848
2325 2849
2326 2849
2327 2848
2328 2848
2329 2849
2330 2849
2331 2848
2332 2848
2333 2849
2334 2849
2335 2848
2336 2848
2337 2848
2338 2847
2339 2847
2340 2847
2341 2848
2342 2848
2343 2847
2344 2848
2345 2847
2346 2847
2347 2847
2348 2847
2349 2847
2350 2847
2351 2847
2352 2847
2353 2848
2354 2848
2355 2847
2356 2847
2357 2848
2358 2848
2359 2848
2360 2848
2361 2848
2362 2848
2363 2849
2364 2848
2365 2848
2366 2849
2367 2849
2368 2849
2369 2849
2370 2849
2371 2849
2372 2849
2373 2850
2374 2850
2375 2849
2376 2849
2377 2850
2378 2850
2379 2850
2380 2850
2381 2850
2382 2850
2383 2850
2384 2850
2385 2850
2386 2851
2387 2851
2388 2851
2389 2851
2390 2851
2391 2851
2392 2852
2393 2852
2394 2852
2395 2852
2396 2852
2397 2852
2398 2852
2399 2852
2400 2852
2401 2853
2402 2853
2403 2853
2404 2853
2405 2853
2406 2853
2407 2853
2408 2853
2409 2853
2410 2854
2411 2854
2412 2854
2413 2854
2414 2854
2415 2854
2416 2854
2417 2855
2418 2855
2419 2855
2420 2855
2421 2855
2422 2855
2423 2855
2424 2855
2425 2856
2426 2856
2427 2856
2428 2856
2429 2856
2430 2856
2431 2856
2432 2857
2433 2857
2434 2857
2435 2857
2436 2857
2437 2857
2438 2857
2439 2857
2440 2858
2441 2858
2442 2858
2443 2858
2444 2858
2445 2858
2446 2858
2447 2858
2448 2859
2449 2859
2450 2859
2451 2859
2452 2859
2453 2859
2454 2859
2455 2860
2456 2860
2457 2860
2458 2860
2459 2860
2460 2860
2461 2860
2462 2860
2463 2861
2464 2861
2465 2861
2466 2861
2467 2861
2468 2861
2469 2861
2470 2861
2471 2862
2472 2862
2473 2862
2474 2862
2475 2862
2476 2862
2477 2862
2478 2862
2479 2863
2480 2863
2481 2863
2482 2863
2483 2863
2484 2863
2485 2863
2486 2864
2487 2864
2488 2864
2489 2864
2490 2864
2491 2864
2492 2864
2493 2864
2494 2865
2495 2865
2496 2865
2497 2865
2498 2865
2499 2865
2500 2865
2501 2865
2502 2866
2503 2866
2504 2866
2505 2866
2506 2866
2507 2866
2508 2866
2509 2867
2510 2867
2511 2867
2512 2867
2513 2867
2514 2867
2515 2868
2516 2868
2517 2869
2518 2869
2519 2869
2520 2869
2521 2870
2522 2870
2523 2870
2524 2871
2525 2871
2526 2871
2527 2872
2528 2872
2529 2872
2530 2872
2531 2873
2532 2873
2533 2874
2534 2874
2535 2874
2536 2874
2537 2874
2538 2875
2539 2875
2540 2876
2541 2876
2542 2876
2543 2876
2544 2876
2545 2876
2546 2877
2547 2877
2548 2877
2549 2878
2550 2878
2551 2878
2552 2878
2553 2878
2554 2878
2555 2879
2556 2879
2557 2879
2558 2879
2559 2879
2560 2879
2561 2879
2562 2880
2563 2880
2564 2880
2565 2880
2566 2880
2567 2880
2568 2880
2569 2881
2570 2881
2571 2882
2572 2882
2573 2882
2574 2882
2575 2883
2576 2883
2577 2883
2578 2884
2579 2884
2580 2885
2581 2885
2582 2885
2583 2885
2584 2886
2585 2886
2586 2887
2587 2887
2588 2887
2589 2888
2590 2888
2591 2888
2592 2888
2593 2889
2594 2889
2595 2889
2596 2889
2597 2890
2598 2890
2599 2890
2600 2890
2601 2891
2602 2891
2603 2891
2604 2891
2605 2891
2606 2891
2607 2892
2608 2892
2609 2892
2610 2892
2611 2893
2612 2893
2613 2893
2614 2893
2615 2893
2616 2893
2617 2894
2618 2894
2619 2894
2620 2894
2621 2894
2622 2894
2623 2894
2624 2895
2625 2895
2626 2895
2627 2895
2628 2895
2629 2895
2630 2895
2631 2896
2632 2896
2633 2896
2634 2896
2635 2896
2636 2896
2637 2896
2638 2896
2639 2897
2640 2897
2641 2897
2642 2897
2643 2897
2644 2897
2645 2897
2646 2898
2647 2898
2648 2898
2649 2898
2650 2898
2651 2898
2652 2898
2653 2899
2654 2899
2655 2899
2656 2899
2657 2899
2658 2899
2659 2899
2660 2899
2661 2900
2662 2900
2663 2900
2664 2900
2665 2900
2666 2900
2667 2900
2668 2901
2669 2901
2670 2901
2671 2901
2672 2901
2673 2901
2674 2901
2675 2902
2676 2902
2677 2902
2678 2902
2679 2902
2680 2902
2681 2902
2682 2902
2683 2903
2684 2903
2685 2903
2686 2903
2687 2903
2688 2903
2689 2903
2690 2903
2691 2904
2692 2904
2693 2904
2694 2904
2695 2904
2696 2904
2697 2904
2698 2905
2699 2905
2700 2905
2701 2905
2702 2905
2703 2905
2704 2905
2705 2905
2706 2906
2707 2906
2708 2906
2709 2906
2710 2906
2711 2906
2712 2906
2713 2906
2714 2907
2715 2907
2716 2907
2717 2907
2718 2907
2719 2907
2720 2907
2721 2908
2722 2908
2723 2908
2724 2908
2725 2908
2726 2908
2727 2908
2728 2909
2729 2909
2730 2909
2731 2909
2732 2909
2733 2909
2734 2909
2735 2910
2736 2910
2737 2910
2738 2910
2739 2910
2740 2910
2741 2910
2742 2910
2743 2911
2744 2911
2745 2911
2746 2911
2747 2911
2748 2911
2749 2911
2750 2911
2751 2912
2752 2912
2753 2912
2754 2912
2755 2912
2756 2912
2757 2912
2758 2912
2759 2913
2760 2913
2761 2913
2762 2913
2763 2913
2764 2913
2765 2913
2766 2914
2767 2914
2768 2914
2769 2914
2770 2914
2771 2914
2772 2914
2773 2914
2774 2915
2775 2915
2776 2915
2777 2915
2778 2915
2779 2915
2780 2915
2781 2915
2782 2916
2783 2916
2784 2916
2785 2916
2786 2917
2787 2917
2788 2917
2789 2917
2790 2917
2791 2918
2792 2918
2793 2919
2794 2919
2795 2919
2796 2920
2797 2920
2798 2920
2799 2920
2800 2921
2801 2921
2802 2922
2803 2922
2804 2922
2805 2922
2806 2923
2807 2923
2808 2924
2809 2924
2810 2924
2811 2924
2812 2924
2813 2925
2814 2925
2815 2925
2816 2925
2817 2926
2818 2926
2819 2926
2820 2926
2821 2926
2822 2926
2823 2927
2824 2927
2825 2927
2826 2927
2827 2927
2828 2927
2829 2928
2830 2928
2831 2928
2832 2928
2833 2928
2834 2929
2835 2929
2836 2929
2837 2929
2838 2929
2839 2930
2840 2930
2841 2930
2842 2930
2843 2930
2844 2930
2845 2930
2846 2931
2847 2931
2848 2931
2849 2931
2850 2931
2851 2931
2852 2931
2853 2931
2854 2932
2855 2932
2856 2932
2857 2932
2858 2932
2859 2932
2860 2932
2861 2933
2862 2933
2863 2933
2864 2933
2865 2933
2866 2933
2867 2933
2868 2933
2869 2934
2870 2934
2871 2934
2872 2934
2873 2934
2874 2934
2875 2934
2876 2934
2877 2935
2878 2935
2879 2935
2880 2935
2881 2935
2882 2935
2883 2935
2884 2935
2885 2935
2886 2935
2887 2935
2888 2935
2889 2935
2890 2935
2891 2935
2892 2935
2893 2935
2894 2935
2895 2935
2896 2934
2897 2934
2898 2934
2899 2934
2900 2934
2901 2934
2902 2934
2903 2934
2904 2934
2905 2934
2906 2934
2907 2934
2908 2934
2909 2934
2910 2934
2911 2934
2912 2934
2913 2934
2914 2934
2915 2934
2916 2934
2917 2934
2918 2934
2919 2934
2920 2934
2921 2934
2922 2934
2923 2935
2924 2935
2925 2935
2926 2935
2927 2935
2928 2935
2929 2935
2930 2935
2931 2936
2932 2936
2933 2936
2934 2936
2935 2936
2936 2936
2937 2936
2938 2936
2939 2937
2940 2937
2941 2937
2942 2937
2943 2937
2944 2937
2945 2937
2946 2937
2947 2938
2948 2938
2949 2938
2950 2938
2951 2938
2952 2938
2953 2938
2954 2938
2955 2938
2956 2939
2957 2939
2958 2939
2959 2939
2960 2939
2961 2939
2962 2939
2963 2939
2964 2939
2965 2939
2966 2939
2967 2939
2968 2939
2969 2939
2970 2939
2971 2939
2972 2939
2973 2939
2974 2938
2975 2938
2976 2938
2977 2939
2978 2938
2979 2938
2980 2938
2981 2938
2982 2938
2983 2938
2984 2938
2985 2938
2986 2938
2987 2938
2988 2938
2989 2938
2990 2938
2991 2937
2992 2937
2993 2937
2994 2937
2995 2937
2996 2937
2997 2936
2998 2936
2999 2936
3000 2936
3001 2936
3002 2936
3003 2935
3004 2935
3005 2935
3006 2935
3007 2935
3008 2935
3009 2935
3010 2935
3011 2935
3012 2934
3013 2934
3014 2934
3015 2933
3016 2933
3017 2933
3018 2933
3019 2933
3020 2932
3021 2932
3022 2932
3023 2931
3024 2932
3025 2932
3026 2931
3027 2931
3028 2931
3029 2931
3030 2931
3031 2931
3032 2931
3033 2931
3034 2931
3035 2931
3036 2931
3037 2931
3038 2931
3039 2931
3040 2931
3041 2931
3042 2931
3043 2930
3044 2930
3045 2930
3046 2930
3047 2930
3048 2929
3049 2929
3050 2929
3051 2929
3052 2928
3053 2928
3054 2928
3055 2929
3056 2929
3057 2928
3058 2928
3059 2928
3060 2928
3061 2928
3062 2928
3063 2928
3064 2928
3065 2928
3066 2928
3067 2928
3068 2928
3069 2928
3070 2928
3071 2928
3072 2928
3073 2928
3074 2928
3075 2927
3076 2927
3077 2927
3078 2927
3079 2927
3080 2927
3081 2926
3082 2926
3083 2926
3084 2926
3085 2926
3086 2926
3087 2926
3088 2925
3089 2925
3090 2925
3091 2925
3092 2924
3093 2924
3094 2924
3095 2924
3096 2923
3097 2923
3098 2923
3099 2922
3100 2922
3101 2922
3102 2922
3103 2922
3104 2921
3105 2921
3106 2921
3107 2921
3108 2921
3109 2921
3110 2921
3111 2921
3112 2921
3113 2921
3114 2921
3115 2921
3116 2921
3117 2921
3118 2921
3119 2921
3120 2921
3121 2921
3122 2920
3123 2920
3124 2920
3125 2920
3126 2920
3127 2920
3128 2919
3129 2919
3130 2919
3131 2919
3132 2918
3133 2918
3134 2919
3135 2918
3136 2918
3137 2918
3138 2918
3139 2918
3140 2918
3141 2918
3142 2918
3143 2917
3144 2917
3145 2917
3146 2916
3147 2916
3148 2916
3149 2916
3150 2916
3151 2916
3152 2916
3153 2915
3154 2915
3155 2915
3156 2915
3157 2915
3158 2915
3159 2915
3160 2915
3161 2915
3162 2915
3163 2914
3164 2914
3165 2915
3166 2915
3167 2915
3168 2915
3169 2915
3170 2914
3171 2914
3172 2915
3173 2915
3174 2915
3175 2914
3176 2914
3177 2914
3178 2914
3179 2913
3180 2914
3181 2913
3182 2913
3183 2913
3184 2913
3185 2912
3186 2912
3187 2912
3188 2912
3189 2912
3190 2912
3191 2911
3192 2911
3193 2910
3194 2910
3195 2910
3196 2910
3197 2910
3198 2910
3199 2909
3200 2909
3201 2909
3202 2909
3203 2908
3204 2909
3205 2908
3206 2908
3207 2908
3208 2908
3209 2908
3210 2908
3211 2908
3212 2908
3213 2908
3214 2908
3215 2908
3216 2908
3217 2907
3218 2907
3219 2907
3220 2907
3221 2907
3222 2907
3223 2906
3224 2906
3225 2905
3226 2905
3227 2905
3228 2904
3229 2904
3230 2903
3231 2903
3232 2902
3233 2902
3234 2901
3235 2901
3236 2901
3237 2901
3238 2900
3239 2900
3240 2900
3241 2900
3242 2900
3243 2900
3244 2900
3245 2899
3246 2899
3247 2899
3248 2899
3249 2898
3250 2898
3251 2899
3252 2898
3253 2898
3254 2898
3255 2898
3256 2897
3257 2897
3258 2897
3259 2897
3260 2897
3261 2896
3262 2896
3263 2896
3264 2895
3265 2895
3266 2894
3267 2894
3268 2894
3269 2894
3270 2893
3271 2893
3272 2892
3273 2892
3274 2892
3275 2892
3276 2892
3277 2891
3278 2891
3279 2890
3280 2890
3281 2890
3282 2889
3283 2889
3284 2889
3285 2889
3286 2888
3287 2887
3288 2887
3289 2886
3290 2886
3291 2885
3292 2885
3293 2884
3294 2883
3295 2883
3296 2882
3297 2882
3298 2881
3299 2881
3300 2880
3301 2879
3302 2879
3303 2878
3304 2877
3305 2877
3306 2876
3307 2875
3308 2875
3309 2875
3310 2874
3311 2874
3312 2873
3313 2873
3314 2873
3315 2872
3316 2872
3317 2872
3318 2871
3319 2871
3320 2871
3321 2871
3322 2871
3323 2871
3324 2870
3325 2870
3326 2870
3327 2869
3328 2869
3329 2868
3330 2868
3331 2868
3332 2867
3333 2866
3334 2866
3335 2865
3336 2865
3337 2865
3338 2864
3339 2864
3340 2864
3341 2863
3342 2863
3343 2863
3344 2862
3345 2862
3346 2861
3347 2861
3348 2861
3349 2861
3350 2860
3351 2860
3352 2859
3353 2859
3354 2859
3355 2859
3356 2858
3357 2858
3358 2857
3359 2857
3360 2857
3361 2856
3362 2856
3363 2856
3364 2856
3365 2855
3366 2855
3367 2854
3368 2854
3369 2854
3370 2854
3371 2853
3372 2853
3373 2852
3374 2852
3375 2852
3376 2851
3377 2851
3378 2851
3379 2851
3380 2851
3381 2851
3382 2850
3383 2850
3384 2850
3385 2850
3386 2850
3387 2849
3388 2849
3389 2849
3390 2848
3391 2848
3392 2847
3393 2847
3394 2847
3395 2846
3396 2846
3397 2845
3398 2845
3399 2844
3400 2844
3401 2844
3402 2843
3403 2843
3404 2843
3405 2842
3406 2842
3407 2841
3408 2841
3409 2841
3410 2841
3411 2841
3412 2841
3413 2840
3414 2840
3415 2840
3416 2839
3417 2839
3418 2839
3419 2839
3420 2838
3421 2838
3422 2837
3423 2837
3424 2837
3425 2837
3426 2837
3427 2836
3428 2836
3429 2835
3430 2835
3431 2834
3432 2834
3433 2833
3434 2833
3435 2833
3436 2832
3437 2832
3438 2832
3439 2832
3440 2831
3441 2831
3442 2831
3443 2830
3444 2830
3445 2829
3446 2829
3447 2828
3448 2828
3449 2828
3450 2827
3451 2827
3452 2827
3453 2826
3454 2826
3455 2825
3456 2825
3457 2825
3458 2825
3459 2824
3460 2824
3461 2824
3462 2823
3463 2823
3464 2822
3465 2822
3466 2822
3467 2821
3468 2821
3469 2820
3470 2819
3471 2819
3472 2818
3473 2818
3474 2817
3475 2817
3476 2817
3477 2816
3478 2815
3479 2815
3480 2814
3481 2814
3482 2814
3483 2813
3484 2813
3485 2812
3486 2812
3487 2812
3488 2812
3489 2812
3490 2811
3491 2811
3492 2811
3493 2810
3494 2810
3495 2809
3496 2809
3497 2808
3498 2808
3499 2807
3500 2806
3501 2806
3502 2805
3503 2804
3504 2804
3505 2803
3506 2803
3507 2802
3508 2802
3509 2801
3510 2800
3511 2800
3512 2800
3513 2799
3514 2799
3515 2798
3516 2798
3517 2797
3518 2797
3519 2796
3520 2796
3521 2795
3522 2795
3523 2794
3524 2794
3525 2793
3526 2792
3527 2792
3528 2791
3529 2790
3530 2789
3531 2789
3532 2788
3533 2787
3534 2786
3535 2786
3536 2785
3537 2784
3538 2783
3539 2782
3540 2782
3541 2781
3542 2781
3543 2780
3544 2780
3545 2779
3546 2779
3547 2778
3548 2778
3549 2777
3550 2777
3551 2776
3552 2776
3553 2776
3554 2775
3555 2775
3556 2774
3557 2773
3558 2773
3559 2772
3560 2772
3561 2771
3562 2771
3563 2770
3564 2770
3565 2769
3566 2769
3567 2768
3568 2768
3569 2768
3570 2768
3571 2767
3572 2767
3573 2766
3574 2765
3575 2765
3576 2764
3577 2764
3578 2763
3579 2763
3580 2762
3581 2761
3582 2760
3583 2759
3584 2759
3585 2758
3586 2757
3587 2757
3588 2756
3589 2755
3590 2755
3591 2754
3592 2753
3593 2753
3594 2752
3595 2752
3596 2751
3597 2751
3598 2750
3599 2750
3600 2749
3601 2749
3602 2748
3603 2748
3604 2748
3605 2747
3606 2746
3607 2746
3608 2745
3609 2745
3610 2745
3611 2744
3612 2743
3613 2743
3614 2742
3615 2742
3616 2741
3617 2740
3618 2740
3619 2739
3620 2739
3621 2738
3622 2738
3623 2737
3624 2737
3625 2736
3626 2736
3627 2735
3628 2735
3629 2734
3630 2734
3631 2733
3632 2733
3633 2732
3634 2732
3635 2732
3636 2731
3637 2731
3638 2730
3639 2730
3640 2729
3641 2729
3642 2728
3643 2728
3644 2727
3645 2727
3646 2726
3647 2725
3648 2725
3649 2724
3650 2724
3651 2723
3652 2723
3653 2722
3654 2722
3655 2721
3656 2721
3657 2720
3658 2719
3659 2719
3660 2718
3661 2717
3662 2716
3663 2716
3664 2715
3665 2714
3666 2713
3667 2712
3668 2712
3669 2711
3670 2711
3671 2710
3672 2710
3673 2709
3674 2709
3675 2708
3676 2708
3677 2707
3678 2707
3679 2706
3680 2706
3681 2706
3682 2706
3683 2705
3684 2705
3685 2704
3686 2704
3687 2703
3688 2703
3689 2703
3690 2702
3691 2702
3692 2701
3693 2701
3694 2700
3695 2699
3696 2699
3697 2698
3698 2698
3699 2697
3700 2696
3701 2696
3702 2695
3703 2694
3704 2694
3705 2693
3706 2693
3707 2692
3708 2692
3709 2691
3710 2691
3711 2690
3712 2690
3713 2689
3714 2689
3715 2688
3716 2688
3717 2687
3718 2687
3719 2686
3720 2686
3721 2685
3722 2685
3723 2684
3724 2683
3725 2682
3726 2682
3727 2681
3728 2680
3729 2679
3730 2678
3731 2677
3732 2676
3733 2675
3734 2674
3735 2673
3736 2672
3737 2671
3738 2670
3739 2669
3740 2668
3741 2667
3741 2666
3742 2665
3743 2664
3743 2663
3744 2662
3745 2661
3746 2660
3747 2659
3748 2658
3749 2657
3750 2656
3751 2655
3752 2654
3753 2653
3754 2652
3755 2651
3756 2651
3757 2650
3758 2649
3759 2648
3760 2647
3761 2646
3762 2645
3763 2645
3764 2644
3765 2643
3766 2642
3767 2641
3768 2640
3769 2640
3770 2639
3770 2638
3771 2637
3772 2636
3772 2635
3773 2634
3774 2633
3775 2632
3776 2632
3777 2631
3778 2630
3779 2629
3780 2628
3781 2627
3782 2626
3783 2625
3784 2624
3785 2623
3786 2622
3787 2621
3788 2620
3789 2619
3790 2618
3791 2617
3792 2616
3793 2615
3793 2614
3794 2613
3794 2612
3795 2611
3796 2610
3797 2609
3797 2608
3798 2607
3798 2606
3799 2605
3800 2604
3800 2603
3801 2602
3802 2601
3803 2600
3803 2599
3804 2598
3805 2597
3806 2596
3807 2595
3808 2594
3809 2593
3810 2592
3811 2591
3812 2590
3813 2589
3814 2588
3815 2588
3816 2587
3817 2586
3818 2585
3819 2584
3820 2583
3821 2582
3822 2581
3823 2580
3824 2579
3825 2578
3826 2577
3827 2576
3827 2575
3828 2574
3829 2573
3830 2572
3831 2571
3831 2570
3832 2569
3832 2568
3833 2567
3833 2566
3834 2565
3835 2564
3835 2563
3836 2562
3836 2561
3837 2560
3838 2559
3838 2558
3839 2557
3840 2556
3840 2555
3841 2554
3842 2553
3843 2552
3843 2551
3844 2550
3845 2550
3845 2549
3846 2548
3847 2547
3848 2546
3849 2545
3850 2544
3851 2543
3852 2542
3852 2541
3853 2540
3854 2539
3855 2538
3856 2537
3857 2536
3858 2535
3858 2534
3859 2533
3860 2532
3860 2531
3861 2530
3861 2529
3862 2528
3862 2527
3863 2526
3863 2525
3863 2524
3864 2523
3865 2522
3865 2521
3866 2520
3867 2519
3867 2518
3868 2517
3869 2516
3870 2515
3871 2514
3872 2513
3873 2512
3874 2511
3874 2510
3875 2509
3875 2508
3876 2507
3877 2506
3877 2505
3878 2504
3878 2503
3878 2502
3879 2501
3879 2500
3880 2499
3881 2498
3881 2497
3882 2496
3883 2495
3883 2494
3884 2493
3884 2492
3885 2491
3885 2490
3886 2489
3886 2488
3887 2487
3887 2486
3887 2485
3888 2484
3888 2483
3889 2482
3889 2481
3889 2480
3890 2479
3890 2478
3891 2477
3891 2476
3892 2475
3892 2474
3892 2473
3893 2472
3893 2471
3894 2470
3894 2469
3895 2468
3895 2467
3895 2466
3896 2465
3896 2464
3896 2463
3897 2462
3898 2461
3898 2460
3898 2459
3898 2458
3899 2457
3899 2456
3899 2455
3900 2454
3900 2453
3900 2452
3900 2451
3900 2450
3901 2449
3901 2448
3901 2447
3902 2446
3902 2445
3902 2444
3903 2443
3903 2442
3903 2441
3904 2440
3904 2439
3905 2438
3906 2437
3906 2436
3907 2435
3907 2434
3908 2433
3909 2432
3910 2431
3910 2430
3911 2429
3911 2428
3912 2427
3912 2426
3913 2425
3914 2424
3914 2423
3915 2422
3915 2421
3915 2420
3916 2419
3916 2418
3916 2417
3917 2416
3917 2415
3918 2414
3918 2413
3918 2412
3918 2411
3918 2410
3919 2409
3919 2408
3919 2407
3920 2406
3920 2405
3920 2404
3921 2403
3921 2402
3922 2401
3922 2400
3923 2399
3923 2398
3923 2397
3924 2396
3924 2395
3925 2394
3925 2393
3926 2392
3926 2391
3926 2390
3926 2389
3927 2388
3927 2387
3927 2386
3928 2385
3928 2384
3928 2383
3928 2382
3929 2381
3929 2380
3929 2379
3930 2378
3930 2377
3930 2376
3930 2375
3930 2374
3930 2373
3931 2372
3931 2371
3931 2370
3932 2369
3932 2368
3932 2367
3932 2366
3932 2365
3932 2364
3932 2363
3933 2362
3933 2361
3933 2360
3933 2359
3933 2358
3933 2357
3933 2356
3934 2355
3934 2354
3934 2353
3934 2352
3934 2351
3934 2350
3935 2349
3935 2348
3936 2347
3936 2346
3936 2345
3937 2344
3937 2343
3937 2342
3938 2341
3938 2340
3939 2339
3939 2338
3940 2337
3940 2336
3940 2335
3940 2334
3941 2333
3941 2332
3942 2331
3942 2330
3942 2329
3942 2328
3943 2327
3943 2326
3943 2325
3944 2324
3944 2323
3944 2322
3944 2321
3944 2320
3944 2319
3944 2318
3945 2317
3945 2316
3945 2315
3945 2314
3945 2313
3946 2312
3946 2311
3946 2310
3946 2309
3947 2308
3947 2307
3947 2306
3947 2305
3947 2304
3947 2303
3947 2302
3948 2301
3948 2300
3948 2299
3948 2298
3948 2297
3948 2296
3948 2295
3949 2294
3949 2293
3949 2292
3949 2291
3949 2290
3949 2289
3949 2288
3949 2287
3950 2286
3950 2285
3950 2284
3950 2283
3950 2282
3950 2281
3950 2280
3951 2279
3951 2278
3951 2277
3951 2276
3951 2275
3951 2274
3951 2273
3951 2272
3952 2271
3952 2270
3952 2269
3952 2268
3952 2267
3952 2266
3952 2265
3953 2264
3953 2263
3953 2262
3953 2261
3953 2260
3953 2259
3953 2258
3953 2257
3954 2256
3954 2255
3954 2254
3954 2253
3954 2252
3954 2251
3954 2250
3954 2249
3955 2248
3955 2247
3955 2246
3955 2245
3955 2244
3955 2243
3955 2242
3955 2241
3956 2240
3956 2239
3956 2238
3956 2237
3956 2236
3956 2235
3956 2234
3957 2233
3957 2232
3957 2231
3957 2230
3957 2229
3957 2228
3957 2227
3957 2226
3958 2225
3958 2224
3958 2223
3958 2222
3958 2221
3958 2220
3958 2219
3958 2218
3959 2217
3959 2216
3959 2215
3959 2214
3959 2213
3959 2212
3959 2211
3960 2210
3960 2209
3960 2208
3960 2207
3960 2206
3960 2205
3960 2204
3960 2203
3961 2202
3961 2201
3961 2200
3961 2199
3961 2198
3961 2197
3961 2196
3961 2195
3962 2194
3962 2193
3962 2192
3962 2191
3962 2190
3961 2189
3961 2188
3961 2187
3962 2186
3961 2185
3961 2184
3961 2183
3961 2182
3961 2181
3960 2180
3961 2179
3961 2178
3960 2177
3960 2176
3960 2175
3960 2174
3960 2173
3960 2172
3960 2171
3960 2170
3960 2169
3960 2168
3960 2167
3960 2166
3960 2165
3960 2164
3961 2163
3961 2162
3961 2161
3960 2160
3960 2159
3960 2158
3959 2157
3959 2156
3959 2155
3959 2154
3959 2153
3958 2152
3958 2151
3958 2150
3957 2149
3957 2148
3957 2147
3957 2146
3957 2145
3957 2144
3956 2143
3956 2142
3956 2141
3956 2140
3956 2139
3955 2138
3955 2137
3955 2136
3955 2135
3955 2134
3955 2133
3955 2132
3955 2131
3954 2130
3954 2129
3954 2128
3954 2127
3954 2126
3953 2125
3953 2124
3953 2123
3953 2122
3953 2121
3952 2120
3952 2119
3952 2118
3952 2117
3952 2116
3952 2115
3951 2114
3951 2113
3951 2112
3950 2111
3950 2110
3950 2109
3950 2108
3950 2107
3950 2106
3949 2105
3949 2104
3949 2103
3948 2102
3948 2101
3948 2100
3948 2099
3947 2098
3947 2097
3946 2096
3946 2095
3945 2094
3945 2093
3945 2092
3945 2091
3944 2090
3944 2089
3943 2088
3943 2087
3942 2086
3942 2085
3942 2084
3941 2083
3941 2082
3940 2081
3940 2080
3939 2079
3938 2078
3938 2077
3938 2076
3937 2075
3936 2074
3935 2073
3935 2072
3934 2071
3934 2070
3933 2069
3933 2068
3933 2067
3932 2066
3931 2065
3931 2064
3931 2063
3931 2062
3930 2061
3930 2060
3930 2059
3930 2058
3929 2057
3929 2056
3928 2055
3928 2054
3927 2053
3927 2052
3927 2051
3926 2050
3926 2049
3925 2048
3925 2047
3924 2046
3924 2045
3923 2044
3923 2043
3922 2042
3922 2041
3921 2040
3920 2039
3920 2038
3919 2037
3919 2036
3918 2035
3918 2034
3917 2033
3917 2032
3916 2031
3916 2030
3916 2029
3915 2028
3915 2027
3914 2026
3914 2025
3913 2024
3913 2023
3912 2022
3912 2021
3911 2020
3911 2019
3910 2018
3909 2017
3909 2016
3908 2015
3907 2014
3907 2013
3906 2012
3906 2011
3905 2010
3904 2009
3904 2008
3903 2007
3902 2006
3902 2005
3902 2004
3901 2003
3900 2002
3900 2001
3899 2000
3899 1999
3898 1998
3898 1997
3897 1996
3897 1995
3896 1994
3896 1993
3895 1992
3895 1991
3894 1990
3894 1989
3893 1988
3893 1987
3892 1986
3891 1985
3891 1984
3890 1983
3889 1982
3889 1981
3888 1980
3887 1979
3887 1978
3886 1977
3885 1976
3885 1975
3884 1974
3883 1973
3883 1972
3882 1971
3881 1970
3880 1969
3880 1968
3879 1967
3879 1966
3878 1965
3878 1964
3878 1963
3877 1962
3876 1961
3876 1960
3875 1959
3875 1958
3874 1957
3874 1956
3874 1955
3873 1954
3872 1953
3872 1952
3872 1951
3871 1950
3871 1949
3871 1948
3871 1947
3871 1946
3872 1945
3873 1945
3874 1945
3875 1945
3876 1945
3877 1946
3878 1946
3879 1946
3880 1946
3881 1946
3882 1946
3883 1946
3884 1946
3885 1947
3886 1947
3887 1947
3887 1946
3886 1946
3885 1945
3884 1945
3883 1944
3882 1943
3881 1942
3880 1941
3879 1941
3878 1940
3877 1939
3876 1939
3875 1938
3874 1937
3873 1936
3872 1936
3871 1935
3870 1934
3869 1933
3868 1932
3867 1932
3866 1931
3865 1930
3864 1930
3863 1929
3862 1928
3861 1927
3860 1926
3859 1926
3858 1925
3857 1924
3856 1924
3855 1923
3854 1923
3855 1924
3856 1925
3857 1926
3858 1927
3859 1928
3860 1929
3861 1929
3862 1930
3863 1931
3864 1932
3865 1933
3865 1934
3866 1935
3866 1936
3867 1937
3867 1938
3868 1939
3868 1940
3868 1941
3869 1942
3869 1943
3869 1944
3868 1945
3867 1944
3866 1944
3865 1944
3864 1944
3863 1944
3862 1944
3861 1944
3860 1943
3859 1943
3858 1943
3857 1943
3856 1942
3855 1942
3854 1942
3853 1941
3852 1940
3851 1939
3850 1938
3849 1937
3848 1936
3847 1935
3846 1934
3846 1933
3845 1932
3844 1931
3843 1930
3842 1929
3841 1928
3840 1927
3839 1926
3838 1925
3837 1924
3836 1923
3835 1922
3834 1921
3833 1920
3832 1919
3831 1918
3830 1917
3829 1916
3828 1916
3827 1915
3826 1915
3825 1914
3824 1913
3823 1913
3822 1912
3821 1911
3820 1911
3819 1910
3818 1909
3817 1909
3816 1908
3815 1907
3814 1906
3813 1906
3812 1905
3811 1904
3810 1904
3809 1903
3808 1902
3807 1902
3806 1901
3805 1900
3804 1899
3803 1898
3802 1897
3801 1896
3800 1895
3799 1894
3798 1893
3797 1893
3796 1892
3795 1892
3794 1891
3793 1890
3792 1890
3791 1890
3790 1889
3789 1889
3788 1889
3787 1889
3786 1888
3785 1888
3784 1887
3783 1887
3782 1886
3781 1885
3780 1884
3779 1883
3779 1882
3778 1881
3777 1880
3777 1879
3776 1878
3775 1877
3774 1876
3773 1875
3772 1874
3772 1873
3771 1872
3770 1872
3769 1871
3768 1870
3767 1870
3766 1869
3765 1869
3764 1868
3763 1867
3762 1867
3761 1867
3760 1866
3759 1866
3758 1865
3757 1864
3756 1863
3755 1862
3754 1861
3753 1861
3752 1860
3751 1860
3750 1859
3749 1859
3748 1858
3747 1858
3746 1858
3745 1857
3744 1857
3743 1857
3742 1857
3741 1856
3740 1856
3739 1855
3738 1855
3737 1855
3736 1855
3735 1855
3734 1854
3733 1854
3732 1854
3731 1854
3730 1854
3729 1854
3728 1854
3727 1853
3726 1853
3725 1853
3724 1853
3723 1853
3722 1852
3721 1852
3720 1852
3719 1852
3718 1852
3717 1852
3716 1851
3715 1851
3714 1851
3713 1850
3712 1850
3711 1849
3710 1848
3709 1848
3708 1847
3707 1847
3706 1846
3705 1846
3704 1846
3703 1845
3702 1845
3701 1845
3700 1844
3699 1844
3698 1844
3697 1844
3696 1843
3695 1843
3694 1843
3693 1843
3692 1843
3691 1842
3690 1842
3689 1842
3688 1841
3687 1841
3686 1840
3685 1840
3684 1840
3683 1839
3682 1839
3681 1838
3680 1837
3679 1837
3678 1836
3677 1836
3676 1835
3675 1834
3674 1834
3673 1833
3672 1832
3671 1831
3670 1831
3669 1830
3668 1830
3667 1829
3666 1828
3665 1828
3664 1827
3663 1827
3662 1827
3661 1827
3660 1826
3659 1826
3658 1825
3657 1825
3656 1825
3655 1825
3654 1825
3653 1824
3652 1824
3651 1824
3650 1824
3649 1823
3648 1823
3647 1823
3646 1823
3645 1823
3644 1823
3643 1822
3642 1822
3641 1822
3640 1822
3639 1822
3638 1822
3637 1822
3636 1821
3635 1821
3634 1821
3633 1821
3632 1821
3631 1821
3630 1820
3629 1820
3628 1820
3627 1820
3626 1820
3625 1820
3624 1819
3623 1819
3622 1819
3621 1819
3620 1819
3619 1819
3618 1819
3617 1818
3616 1818
3615 1818
3614 1818
3613 1818
3612 1818
3611 1818
3610 1817
3609 1817
3608 1817
3607 1817
3606 1817
3605 1817
3604 1817
3603 1816
3602 1816
3601 1816
3600 1816
3599 1815
3598 1815
3597 1814
3596 1814
3595 1813
3594 1813
3593 1812
3592 1812
3591 1812
3590 1811
3589 1811
3588 1810
3587 1810
3586 1810
3585 1810
3584 1810
3583 1809
3582 1809
3581 1808
3580 1808
3579 1808
3578 1808
3577 1808
3576 1808
3575 1808
3574 1807
3573 1807
3572 1807
3571 1807
3570 1807
3569 1806
3568 1806
3567 1806
3566 1806
3565 1805
3564 1805
3563 1805
3562 1805
3561 1805
3560 1805
3559 1804
3558 1804
3557 1804
3556 1804
3555 1804
3554 1804
3553 1804
3552 1804
3551 1803
3550 1803
3549 1803
3548 1803
3547 1803
3546 1803
3545 1803
3544 1802
3543 1802
3542 1802
3541 1802
3540 1802
3539 1802
3538 1802
3537 1802
3536 1801
3535 1801
3534 1801
3533 1801
3532 1801
3531 1801
3530 1801
3529 1801
3528 1800
3527 1800
3526 1800
3525 1800
3524 1800
3523 1800
3522 1800
3521 1799
3520 1799
3519 1799
3518 1799
3517 1799
3516 1799
3515 1799
3514 1799
3513 1798
3512 1797
3511 1797
3510 1797
3509 1796
3508 1796
3507 1796
3506 1795
3505 1794
3504 1794
3503 1794
3502 1793
3501 1793
3500 1793
3499 1792
3498 1792
3497 1791
3496 1791
3495 1791
3494 1791
3493 1791
3492 1791
3491 1790
3490 1789
3489 1789
3488 1788
3487 1788
3486 1787
3485 1787
3484 1787
3483 1786
3482 1785
3481 1785
3480 1784
3479 1784
3478 1784
3477 1783
3476 1782
3475 1782
3474 1782
3473 1781
3472 1780
3471 1780
3470 1779
3469 1778
3468 1779
3467 1779
3466 1779
3465 1778
3464 1777
3463 1776
3462 1775
3461 1776
3460 1776
3459 1776
3458 1775
3457 1774
3456 1774
3455 1774
3454 1774
3453 1773
3452 1774
3451 1774
3450 1774
3449 1774
3448 1773
3447 1772
3447 1771
3446 1772
3445 1772
3444 1772
3443 1772
3442 1771
3441 1772
3440 1772
3439 1772
3438 1771
3437 1771
3436 1771
3435 1770
3434 1770
3433 1770
3432 1770
3431 1770
3430 1769
3429 1769
3428 1769
3427 1769
3426 1769
3425 1769
3424 1769
3423 1770
3422 1770
3421 1770
3420 1770
3419 1770
3418 1770
3417 1770
3416 1769
3416 1768
3416 1767
3416 1766
3415 1766
3414 1765
3414 1764
3414 1765
3413 1766
3412 1766
3411 1766
3410 1766
3409 1765
3409 1764
3408 1764
3407 1765
3406 1766
3405 1766
3405 1767
3404 1768
3404 1769
3403 1770
3402 1770
3401 1769
3401 1768
3401 1767
3401 1766
3401 1765
3400 1766
3399 1767
3398 1767
3398 1768
3397 1769
3396 1769
3395 1768
3394 1768
3393 1768
3393 1769
3393 1770
3392 1771
3391 1771
3390 1771
3389 1770
3389 1769
3388 1769
3387 1769
3386 1768
3386 1767
3385 1766
3384 1765
3383 1765
3382 1765
3381 1766
3380 1766
3379 1767
3378 1768
3377 1768
3376 1768
3375 1767
3374 1767
3373 1767
3372 1767
3371 1766
3370 1766
3369 1766
3368 1767
3367 1767
3366 1766
3365 1765
3365 1764
3364 1765
3363 1766
3363 1767
3362 1768
3361 1769
3360 1769
3359 1768
3359 1767
3359 1766
3359 1765
3359 1764
3359 1763
3359 1764
3359 1765
3359 1766
3359 1767
3359 1768
3358 1769
3357 1769
3356 1768
3356 1767
3356 1766
3355 1766
3354 1766
3354 1767
3353 1768
3352 1768
3351 1768
3351 1769
3351 1770
3350 1771
3349 1771
3348 1771
3347 1771
3346 1770
3346 1769
3346 1768
3346 1769
3345 1770
3344 1770
3343 1770
3342 1769
3341 1770
3340 1770
3339 1770
3338 1769
3338 1768
3337 1767
3337 1766
3337 1765
3336 1765
3335 1765
3334 1765
3333 1765
3332 1764
3332 1763
3332 1762
3333 1761
3332 1761
3332 1762
3331 1763
3330 1764
3329 1765
3328 1766
3327 1767
3328 1768
3327 1769
3326 1770
3325 1770
3324 1770
3323 1770
3322 1769
3322 1768
3322 1767
3322 1766
3323 1765
3324 1765
3323 1764
3323 1763
3322 1764
3321 1765
3321 1766
3320 1767
3320 1768
3319 1769
3318 1769
3317 1769
3316 1769
3315 1768
3315 1767
3315 1766
3315 1765
3314 1765
3313 1764
3312 1765
3311 1765
3310 1766
3311 1767
3311 1768
3310 1769
3309 1770
3308 1770
3307 1770
3306 1770
3305 1769
3304 1768
3304 1769
3303 1770
3302 1770
3301 1770
3300 1770
3300 1771
3299 1772
3298 1773
3297 1773
3296 1773
3295 1772
3295 1771
3295 1770
3295 1769
3296 1768
3296 1767
3295 1767
3294 1766
3293 1765
3292 1764
3291 1764
3290 1763
3289 1762
3289 1761
3289 1760
3288 1760
3287 1760
3286 1759
3285 1759
3285 1760
3285 1761
3284 1762
3283 1763
3282 1763
3281 1763
3280 1762
3279 1762
3278 1762
3277 1761
3276 1760
3276 1759
3275 1759
3274 1758
3274 1757
3273 1756
3272 1756
3271 1756
3270 1755
3270 1756
3271 1757
3272 1758
3272 1759
3272 1760
3271 1761
3270 1761
3269 1761
3268 1761
3267 1760
3267 1759
3267 1758
3267 1757
3266 1756
3265 1756
3264 1756
3263 1756
3262 1755
3261 1755
3260 1755
3259 1754
3259 1753
3259 1752
3260 1751
3259 1752
3258 1752
3257 1751
3256 1751
3255 1751
3254 1750
