3506 1477
3506 1478
3506 1479
3506 1480
3506 1481
3505 1482
3505 1483
3504 1484
3504 1485
3503 1486
3503 1487
3503 1488
3502 1489
3502 1490
3501 1491
3500 1491
3499 1492
3498 1493
3498 1494
3497 1495
3496 1496
3495 1496
3494 1497
3493 1497
3492 1498
3491 1498
3490 1499
3489 1499
3488 1500
3487 1501
3486 1502
3485 1503
3484 1503
3483 1504
3482 1504
3481 1505
3480 1506
3479 1507
3478 1508
3478 1509
3477 1510
3476 1511
3475 1511
3474 1512
3473 1512
3472 1513
3471 1513
3470 1513
3469 1513
3468 1513
3467 1513
3466 1513
3465 1513
3464 1514
3463 1514
3462 1514
3461 1514
3460 1515
3459 1515
3458 1515
3457 1516
3456 1516
3455 1517
3454 1517
3453 1518
3452 1518
3451 1519
3450 1519
3449 1519
3448 1519
3447 1519
3446 1520
3445 1520
3444 1520
3443 1520
3442 1520
3441 1520
3440 1520
3439 1520
3438 1520
3437 1520
3436 1520
3435 1520
3434 1521
3433 1521
3432 1521
3431 1521
3430 1521
3429 1521
3428 1521
3427 1521
3426 1521
3425 1521
3424 1521
3423 1521
3422 1521
3421 1521
3420 1521
3419 1521
3418 1521
3417 1521
3416 1521
3415 1521
3414 1521
3413 1521
3412 1521
3411 1521
3410 1521
3409 1521
3408 1521
3407 1521
3406 1521
3405 1521
3404 1521
3403 1521
3402 1521
3401 1521
3400 1521
3399 1521
3398 1521
3397 1521
3396 1520
3395 1520
3394 1519
3393 1518
3393 1517
3392 1516
3391 1515
3390 1514
3389 1514
3388 1513
3387 1512
3386 1512
3385 1511
3384 1510
3383 1509
3382 1508
3381 1507
3380 1507
3379 1506
3378 1506
3377 1505
3376 1505
3375 1504
3374 1504
3373 1503
3372 1502
3371 1501
3370 1500
3369 1500
3368 1499
3367 1498
3366 1498
3365 1497
3364 1497
3363 1496
3362 1496
3361 1495
3360 1494
3359 1493
3358 1492
3357 1492
3356 1491
3355 1491
3354 1490
3353 1490
3352 1489
3351 1488
3351 1487
3350 1486
3350 1485
3349 1484
3348 1483
3347 1482
3346 1482
3345 1482
3344 1483
3343 1484
3342 1485
3341 1485
3340 1486
3339 1486
3338 1487
3338 1488
3337 1489
3336 1490
3335 1490
3334 1491
3333 1491
3332 1492
3331 1493
3330 1494
3329 1495
3328 1496
3327 1496
3326 1497
3325 1497
3324 1498
3323 1498
3322 1499
3321 1499
3320 1500
3319 1501
3318 1502
3317 1502
3316 1503
3315 1503
3314 1504
3313 1505
3312 1505
3311 1505
3310 1506
3309 1506
3308 1507
3307 1508
3306 1509
3305 1510
3304 1511
3303 1512
3302 1513
3301 1514
3300 1515
3299 1516
3298 1517
3297 1517
3296 1517
3295 1518
3294 1518
3293 1519
3293 1520
3292 1521
3291 1522
3290 1522
3289 1523
3288 1524
3287 1524
3286 1525
3285 1526
3284 1527
3283 1528
3282 1529
3281 1530
3280 1530
3279 1531
3278 1531
3277 1531
3276 1532
3275 1532
3274 1532
3273 1533
3272 1533
3271 1534
3270 1534
3269 1535
3268 1536
3267 1537
3266 1537
3265 1538
3264 1538
3263 1539
3262 1540
3261 1541
3260 1542
3259 1543
3258 1544
3257 1545
3256 1545
3255 1546
3254 1547
3253 1548
3252 1549
3251 1550
3250 1551
3249 1552
3248 1553
3247 1554
3246 1554
3245 1555
3244 1556
3243 1556
3242 1557
3241 1558
3240 1558
3239 1559
3238 1560
3237 1561
3236 1561
3235 1562
3234 1563
3233 1564
3232 1565
3231 1566
3230 1567
3229 1568
3228 1568
3227 1569
3226 1570
3225 1571
3224 1572
3223 1573
3222 1574
3221 1575
3220 1576
3219 1577
3218 1578
3217 1579
3216 1580
3215 1581
3214 1582
3213 1583
3212 1584
3211 1584
3210 1585
3209 1585
3208 1586
3207 1587
3206 1588
3205 1589
3204 1590
3203 1590
3202 1591
3201 1592
3200 1593
3200 1594
3199 1595
3198 1596
3198 1597
3197 1598
3196 1599
3195 1599
3194 1599
3193 1599
3192 1600
3191 1600
3190 1600
3189 1600
3188 1600
3187 1600
3186 1600
3185 1600
3184 1600
3183 1600
3182 1600
3181 1600
3180 1600
3179 1599
3178 1599
3177 1598
3176 1598
3175 1597
3174 1597
3173 1597
3172 1596
3171 1596
3170 1596
3169 1595
3168 1595
3167 1595
3166 1595
3165 1594
3165 1593
3164 1592
3163 1591
3162 1591
3161 1590
3160 1590
3159 1590
3158 1589
3157 1589
3156 1588
3155 1587
3154 1587
3153 1586
3152 1585
3151 1585
3150 1584
3149 1584
3148 1583
3147 1583
3146 1582
3145 1582
3144 1581
3143 1581
3142 1580
3141 1579
3140 1578
3139 1577
3138 1576
3137 1575
3136 1575
3135 1575
3134 1575
3133 1575
3132 1575
3131 1575
3130 1575
3129 1575
3128 1576
3127 1576
3126 1576
3125 1577
3124 1577
3123 1577
3122 1578
3121 1578
3120 1579
3119 1579
3118 1580
3117 1581
3116 1582
3115 1582
3114 1583
3113 1583
3112 1584
3111 1585
3110 1586
3109 1587
3108 1588
3107 1588
3106 1589
3105 1589
3104 1590
3103 1590
3102 1591
3101 1592
3101 1593
3100 1594
3100 1595
3099 1596
3099 1597
3099 1598
3098 1599
3098 1600
3097 1601
3096 1602
3095 1603
3094 1604
3094 1605
3093 1606
3093 1607
3092 1608
3091 1609
3090 1609
3089 1610
3088 1611
3087 1611
3086 1611
3085 1612
3084 1612
3083 1612
3082 1612
3081 1612
3080 1613
3079 1613
3078 1613
3077 1613
3076 1613
3075 1613
3074 1613
3073 1613
3072 1613
3071 1613
3070 1613
3069 1613
3068 1613
3067 1613
3067 1614
3066 1615
3066 1616
3066 1617
3066 1618
3065 1619
3065 1620
3065 1621
3065 1622
3065 1623
3065 1624
3065 1625
3064 1626
3064 1627
3064 1628
3064 1629
3064 1630
3064 1631
3064 1632
3064 1633
3064 1634
3064 1635
3063 1636
3062 1637
3061 1637
3060 1637
3059 1637
3058 1638
3057 1638
3056 1638
3055 1638
3054 1638
3053 1638
3052 1638
3051 1639
3050 1639
3049 1639
3048 1639
3047 1639
3046 1639
3045 1639
3044 1639
3043 1639
3042 1639
3041 1639
3040 1639
3039 1639
3038 1639
3037 1639
3036 1639
3035 1639
3034 1640
3033 1640
3032 1640
3031 1640
3030 1640
3029 1640
3028 1640
3027 1640
3026 1640
3025 1640
3024 1640
3023 1640
3022 1640
3021 1640
3020 1640
3019 1640
3018 1640
3017 1639
3016 1639
3015 1638
3014 1638
3013 1637
3012 1637
3011 1637
3010 1636
3009 1636
3008 1636
3007 1635
3006 1635
3005 1635
3004 1635
3003 1634
3002 1633
3001 1632
3000 1631
3000 1630
2999 1629
2999 1628
2999 1627
2999 1626
2998 1625
2998 1624
2997 1623
2996 1622
2995 1621
2994 1620
2994 1619
2993 1618
2993 1617
2992 1616
2992 1615
2992 1614
2991 1613
2991 1612
2991 1611
2991 1610
2990 1609
2989 1608
2988 1607
2988 1606
2987 1605
2987 1604
2987 1603
2986 1602
2986 1601
2986 1600
2985 1599
2985 1598
2985 1597
2985 1596
2984 1596
2983 1596
2982 1597
2981 1598
2981 1599
2981 1600
2980 1601
2979 1602
2979 1603
2978 1604
2978 1605
2977 1606
2977 1607
2976 1608
2976 1609
2975 1610
2975 1611
2974 1612
2974 1613
2974 1614
2973 1615
2973 1616
2973 1617
2973 1618
2973 1619
2972 1620
2972 1621
2971 1622
2970 1623
2969 1624
2969 1625
2968 1626
2967 1627
2966 1628
2965 1629
2964 1629
2963 1630
2962 1631
2962 1632
2961 1633
2961 1634
2961 1635
2960 1636
2960 1637
2960 1638
2960 1639
2959 1640
2959 1641
2959 1642
2959 1643
2959 1644
2959 1645
2958 1646
2957 1647
2956 1648
2955 1649
2954 1650
2953 1651
2952 1652
2951 1652
2950 1651
2949 1650
2948 1649
2947 1649
2946 1648
2945 1647
2944 1646
2943 1645
2942 1644
2941 1644
2940 1644
2939 1643
2938 1643
2937 1642
2936 1641
2935 1640
2935 1639
2934 1638
2933 1638
2932 1637
2931 1637
2930 1636
2929 1636
2928 1635
2927 1635
2926 1634
2925 1634
2924 1634
2923 1634
2922 1634
2921 1634
2920 1634
2919 1634
2918 1634
2917 1634
2916 1634
2915 1634
2914 1634
2913 1634
2912 1634
2911 1633
2910 1633
2909 1633
2908 1633
2907 1633
2906 1634
2905 1635
2904 1636
2903 1636
2903 1637
2902 1638
2902 1639
2901 1640
2901 1641
2900 1642
2899 1643
2898 1644
2898 1645
2897 1646
2896 1647
2895 1648
2894 1649
2894 1650
2893 1651
2892 1652
2891 1653
2890 1654
2889 1655
2888 1656
2887 1657
2886 1658
2885 1659
2884 1660
2884 1661
2883 1662
2882 1662
2881 1663
2880 1664
2879 1664
2878 1665
2878 1666
2877 1667
2876 1668
2875 1669
2874 1670
2873 1671
2872 1672
2871 1673
2870 1674
2869 1675
2868 1676
2867 1677
2866 1677
2865 1677
2864 1677
2863 1678
2862 1678
2861 1679
2860 1679
2859 1680
2858 1681
2857 1682
2856 1683
2855 1683
2854 1684
2853 1684
2852 1685
2851 1685
2851 1686
2850 1687
2849 1688
2848 1688
2847 1689
2846 1689
2845 1690
2844 1690
2843 1691
2842 1691
2841 1692
2840 1692
2839 1692
2838 1692
2837 1692
2836 1692
2835 1692
2834 1691
2833 1691
2832 1690
2831 1690
2830 1689
2829 1688
2829 1687
2828 1686
2828 1685
2828 1684
2827 1683
2827 1682
2827 1681
2827 1680
2826 1679
2825 1678
2824 1677
2823 1676
2823 1675
2822 1674
2822 1673
2821 1672
2821 1671
2821 1670
2820 1669
2820 1668
2819 1667
2818 1666
2817 1665
2817 1664
2816 1663
2816 1662
2815 1661
2815 1660
2815 1659
2814 1658
2814 1657
2814 1656
2814 1655
2813 1654
2813 1653
2813 1652
2813 1651
2813 1650
2813 1649
2813 1648
2813 1647
2813 1646
2813 1645
2812 1644
2812 1643
2812 1642
2811 1642
2810 1641
2809 1641
2808 1641
2807 1641
2806 1641
2805 1641
2804 1642
2804 1643
2803 1644
2803 1645
2802 1646
2802 1647
2801 1648
2800 1649
2799 1650
2798 1651
2798 1652
2797 1653
2796 1654
2796 1655
2796 1656
2795 1657
2795 1658
2794 1659
2793 1660
2792 1661
2791 1662
2790 1663
2790 1664
2789 1665
2789 1666
2789 1667
2788 1668
2788 1669
2787 1670
2787 1671
2786 1672
2785 1673
2784 1674
2783 1675
2782 1676
2781 1677
2780 1678
2779 1679
2779 1680
2778 1681
2777 1682
2776 1683
2775 1684
2774 1685
2773 1685
2772 1686
2771 1687
2771 1688
2770 1689
2769 1689
2768 1690
2767 1690
2766 1691
2765 1691
2764 1691
2763 1691
2762 1691
2761 1692
2760 1692
2759 1692
2758 1692
2757 1692
2756 1692
2755 1692
2754 1692
2753 1692
2752 1692
2751 1692
2750 1693
2749 1693
2748 1693
2747 1693
2746 1693
2745 1693
2744 1693
2743 1693
2742 1693
2741 1693
2740 1693
2739 1693
2738 1693
2737 1693
2736 1693
2735 1693
2734 1693
2733 1693
2732 1693
2731 1693
2730 1693
2729 1693
2728 1693
2727 1693
2726 1693
2725 1693
2724 1693
2723 1693
2722 1693
2721 1693
2720 1693
2719 1693
2718 1693
2717 1693
2716 1693
2715 1693
2714 1693
2713 1693
2712 1693
2711 1693
2710 1693
2709 1693
2708 1693
2707 1693
2706 1693
2705 1693
2704 1693
2703 1693
2702 1693
2701 1693
2700 1693
2699 1693
2698 1693
2697 1693
2696 1693
2695 1693
2694 1693
2693 1693
2692 1693
2691 1693
2690 1694
2690 1695
2690 1696
2690 1697
2690 1698
2691 1699
2691 1700
2692 1701
2693 1702
2693 1703
2694 1704
2695 1705
2696 1706
2696 1707
2697 1708
2698 1708
2699 1709
2700 1709
2701 1709
2702 1710
2702 1711
2703 1712
2704 1713
2704 1714
2705 1715
2705 1716
2705 1717
2706 1718
2706 1719
2707 1720
2708 1721
2709 1722
2709 1723
2710 1724
2710 1725
2711 1726
2711 1727
2712 1728
2712 1729
2712 1730
2712 1731
2713 1732
2713 1733
2713 1734
2713 1735
2713 1736
2713 1737
2713 1738
2713 1739
2713 1740
2713 1741
2713 1742
2713 1743
2713 1744
2714 1745
2713 1746
2713 1747
2712 1748
2712 1749
2712 1750
2711 1751
2711 1752
2711 1753
2710 1754
2710 1755
2710 1756
2709 1757
2709 1758
2708 1759
2708 1760
2707 1761
2706 1762
2706 1763
2705 1764
2704 1765
2704 1766
2703 1767
2703 1768
2702 1769
2701 1770
2700 1771
2699 1772
2698 1773
2697 1774
2696 1774
2695 1775
2694 1775
2693 1776
2692 1776
2691 1777
2690 1777
2689 1778
2688 1779
2688 1780
2688 1781
2688 1782
2687 1783
2687 1784
2686 1785
2685 1786
2684 1787
2683 1788
2683 1789
2683 1790
2682 1791
2682 1792
2682 1793
2682 1794
2681 1795
2681 1796
2680 1797
2679 1798
2678 1798
2677 1798
2677 1799
2676 1800
2675 1801
2674 1801
2673 1801
2672 1802
2671 1802
2670 1802
2669 1803
2668 1803
2667 1803
2666 1804
2665 1805
2664 1806
2664 1807
2663 1808
2663 1809
2663 1810
2663 1811
2662 1812
2662 1813
2662 1814
2661 1815
2660 1816
2659 1816
2658 1816
2657 1817
2656 1817
2655 1817
2654 1816
2654 1815
2654 1814
2654 1813
2654 1812
2654 1811
2654 1810
2654 1809
2654 1808
2654 1807
2654 1806
2654 1805
2654 1804
2654 1803
2654 1802
2654 1801
2654 1800
2654 1799
2654 1798
2654 1797
2654 1796
2654 1795
2654 1794
2654 1793
2654 1792
2654 1791
2654 1790
2654 1789
2654 1788
2654 1787
2653 1786
2653 1785
2653 1784
2653 1783
2653 1782
2653 1781
2653 1780
2653 1779
2652 1778
2651 1777
2650 1776
2650 1775
2650 1774
2649 1773
2649 1772
2649 1771
2649 1770
2648 1769
2648 1768
2648 1767
2648 1766
2648 1765
2648 1764
2647 1763
2646 1763
2645 1762
2644 1761
2644 1760
2643 1759
2642 1758
2641 1757
2640 1756
2639 1756
2638 1755
2637 1754
2636 1753
2635 1752
2634 1752
2633 1751
2632 1750
2631 1749
2630 1748
2629 1747
2629 1748
2628 1749
2628 1750
2628 1751
2628 1752
2628 1753
2628 1754
2628 1755
2628 1756
2628 1757
2628 1758
2628 1759
2628 1760
2629 1761
2630 1762
2631 1763
2631 1764
2632 1765
2632 1766
2633 1767
2633 1768
2633 1769
2633 1770
2634 1771
2634 1772
2634 1773
2634 1774
2634 1775
2634 1776
2634 1777
2634 1778
2634 1779
2634 1780
2634 1781
2634 1782
2634 1783
2634 1784
2634 1785
2634 1786
2634 1787
2634 1788
2634 1789
2634 1790
2634 1791
2634 1792
2634 1793
2634 1794
2634 1795
2634 1796
2634 1797
2634 1798
2634 1799
2634 1800
2634 1801
2634 1802
2633 1803
2633 1804
2633 1805
2632 1806
2632 1807
2632 1808
2631 1809
2631 1810
2631 1811
2630 1812
2630 1813
2629 1814
2629 1815
2629 1816
2628 1817
2627 1818
2626 1818
2625 1818
2624 1818
2623 1818
2622 1818
2621 1818
2620 1818
2619 1818
2618 1818
2617 1818
2616 1818
2615 1818
2614 1818
2613 1818
2612 1818
2611 1818
2610 1817
2609 1816
2609 1815
2608 1814
2607 1814
2606 1813
2605 1812
2604 1811
2604 1810
2603 1809
2603 1808
2602 1807
2602 1806
2602 1805
2601 1804
2601 1803
2601 1802
2601 1801
2601 1800
2601 1799
2601 1798
2601 1797
2601 1796
2600 1795
2600 1794
2599 1793
2599 1792
2599 1791
2598 1790
2598 1789
2598 1788
2597 1787
2597 1786
2597 1785
2597 1784
2597 1783
2596 1782
2596 1781
2596 1780
2596 1779
2596 1778
2596 1777
2596 1776
2596 1775
2596 1774
2595 1773
2595 1772
2595 1771
2595 1770
2595 1769
2595 1768
2595 1767
2595 1766
2595 1765
2595 1764
2595 1763
2595 1762
2595 1761
2595 1760
2595 1761
2595 1762
2595 1763
2595 1764
2595 1765
2595 1766
2595 1767
2595 1768
2595 1769
2595 1770
2595 1771
2595 1772
2595 1773
2595 1774
2595 1775
2594 1776
2594 1777
2594 1778
2593 1779
2593 1780
2592 1781
2592 1782
2592 1783
2591 1784
2591 1785
2591 1786
2591 1787
2591 1788
2590 1789
2590 1790
2590 1791
2590 1792
2589 1793
2589 1794
2589 1795
2589 1796
2589 1797
2589 1798
2589 1799
2589 1800
2589 1801
2589 1802
2588 1803
2588 1804
2588 1805
2588 1806
2588 1807
2588 1808
2588 1809
2588 1810
2588 1811
2588 1812
2588 1813
2588 1814
2588 1815
2588 1816
2588 1817
2588 1818
2588 1819
2588 1820
2588 1821
2588 1822
2588 1823
2588 1824
2588 1825
2588 1826
2588 1827
2588 1828
2588 1829
2588 1830
2588 1831
2588 1832
2588 1833
2588 1834
2587 1835
2587 1836
2586 1837
2586 1838
2585 1839
2584 1840
2584 1841
2584 1842
2584 1843
2583 1844
2583 1845
2583 1846
2583 1847
2582 1848
2582 1849
2581 1850
2580 1849
2579 1848
2578 1847
2578 1846
2577 1845
2577 1844
2576 1844
2575 1843
2575 1842
2574 1841
2573 1840
2572 1839
2572 1838
2571 1837
2570 1836
2569 1835
2569 1834
2568 1833
2568 1832
2567 1831
2566 1830
2566 1829
2565 1828
2564 1827
2563 1826
2562 1825
2561 1824
2560 1823
2560 1822
2559 1821
2559 1820
2558 1819
2557 1818
2557 1817
2556 1816
2555 1815
2555 1814
2554 1813
2553 1812
2553 1811
2552 1810
2552 1809
2551 1808
2551 1807
2551 1806
2550 1805
2549 1804
2548 1803
2547 1802
2546 1802
2545 1801
2544 1800
2543 1799
2543 1800
2544 1800
2545 1801
2545 1802
2546 1803
2546 1804
2546 1805
2546 1806
2547 1807
2547 1808
2547 1809
2548 1810
2548 1811
2549 1812
2550 1813
2551 1814
2551 1815
2552 1816
2552 1817
2553 1818
2553 1819
2553 1820
2554 1821
2554 1822
2554 1823
2554 1824
2554 1825
2555 1826
2556 1827
2556 1828
2557 1829
2558 1830
2558 1831
2559 1832
2559 1833
2560 1834
2560 1835
2560 1836
2560 1837
2560 1838
2560 1839
2561 1840
2561 1841
2561 1842
2561 1843
2561 1844
2561 1845
2561 1846
2561 1847
2561 1848
2561 1849
2561 1850
2561 1851
2561 1852
2561 1853
2562 1854
2562 1855
2562 1856
2562 1857
2562 1858
2562 1859
2562 1860
2562 1861
2562 1862
2562 1863
2562 1864
2562 1865
2562 1866
2562 1867
2562 1868
2562 1869
2562 1870
2562 1871
2562 1872
2561 1873
2561 1874
2560 1875
2560 1876
2559 1877
2559 1878
2559 1879
2558 1880
2558 1881
2558 1882
2557 1883
2557 1884
2557 1885
2556 1886
2555 1887
2555 1888
2554 1889
2553 1890
2553 1891
2552 1892
2551 1893
2551 1894
2550 1895
2549 1896
2548 1897
2547 1897
2546 1897
2545 1897
2544 1897
2543 1897
2542 1897
2541 1897
2540 1897
2539 1897
2538 1897
2537 1897
2536 1897
2535 1897
2534 1897
2533 1897
2532 1897
2531 1897
2530 1897
2529 1897
2528 1897
2527 1897
2526 1897
2525 1897
2524 1897
2523 1898
2522 1898
2521 1897
2520 1897
2519 1896
2518 1895
2517 1895
2516 1894
2515 1894
2514 1893
2513 1892
2512 1891
2511 1890
2510 1889
2509 1888
2508 1888
2507 1888
2506 1887
2505 1887
2504 1886
2503 1885
2502 1884
2501 1883
2500 1882
2499 1881
2498 1880
2497 1879
2496 1878
2495 1877
2494 1876
2493 1875
2492 1875
2491 1874
2490 1873
2489 1873
2488 1872
2487 1871
2487 1870
2486 1869
2485 1868
2484 1868
2483 1867
2482 1867
2481 1866
2480 1865
2480 1864
2479 1863
2478 1862
2477 1862
2476 1861
2475 1860
2475 1859
2474 1858
2474 1857
2473 1856
2472 1855
2471 1854
2471 1853
2470 1852
2469 1851
2468 1850
2467 1849
2466 1848
2465 1847
2465 1846
2465 1845
2464 1844
2464 1843
2463 1842
2463 1841
2463 1840
2463 1841
2463 1842
2463 1843
2463 1844
2463 1845
2463 1846
2463 1847
2463 1848
2463 1849
2463 1850
2463 1851
2463 1852
2463 1853
2463 1854
2463 1855
2463 1856
2463 1857
2463 1858
2463 1859
2463 1860
2463 1861
2463 1862
2463 1863
2463 1864
2463 1865
2464 1866
2464 1867
2465 1868
2465 1869
2466 1870
2466 1871
2467 1872
2468 1872
2469 1873
2470 1874
2471 1875
2471 1876
2472 1877
2473 1878
2473 1879
2473 1880
2474 1881
2474 1882
2474 1883
2474 1884
2475 1885
2475 1886
2475 1887
2475 1888
2475 1889
2475 1890
2475 1891
2475 1892
2475 1893
2475 1894
2475 1895
2476 1896
2476 1897
2476 1898
2476 1899
2476 1900
2476 1901
2476 1902
2476 1903
2476 1904
2476 1905
2476 1906
2476 1907
2476 1908
2476 1909
2476 1910
2476 1911
2476 1912
2476 1913
2476 1914
2476 1915
2476 1916
2476 1917
2476 1918
2476 1919
2476 1920
2476 1921
2476 1922
2476 1923
2476 1924
2476 1925
2476 1926
2476 1927
2476 1928
2476 1929
2476 1930
2476 1931
2476 1932
2476 1933
2476 1934
2476 1935
2476 1936
2476 1937
2476 1938
2475 1939
2475 1940
2475 1941
2474 1942
2474 1943
2474 1944
2473 1945
2473 1946
2473 1947
2472 1948
2472 1949
2472 1950
2471 1951
2471 1952
2471 1953
2471 1954
2470 1955
2470 1956
2469 1957
2468 1958
2467 1959
2466 1960
2466 1961
2466 1962
2465 1963
2465 1964
2465 1965
2464 1966
2464 1967
2463 1968
2463 1969
2462 1970
2461 1971
2460 1972
2459 1973
2458 1974
2457 1975
2456 1976
2455 1977
2454 1977
2453 1978
2452 1978
2451 1979
2450 1979
2449 1980
2448 1980
2447 1981
2446 1982
2445 1983
2444 1983
2443 1984
2442 1985
2441 1986
2440 1987
2439 1987
2438 1988
2437 1988
2436 1989
2435 1989
2434 1989
2433 1989
2432 1989
2431 1990
2430 1990
2429 1990
2428 1990
2427 1990
2426 1990
2425 1990
2424 1990
2423 1990
2422 1990
2421 1990
2420 1990
2419 1990
2418 1990
2417 1990
2416 1990
2415 1990
2414 1990
2413 1990
2412 1990
2411 1989
2410 1989
2409 1989
2408 1988
2407 1988
2406 1988
2405 1987
2404 1987
2403 1987
2402 1987
2401 1986
2400 1986
2399 1986
2398 1986
2397 1985
2396 1985
2395 1985
2394 1985
2393 1984
2392 1984
2391 1984
2390 1983
2389 1982
2388 1981
2387 1980
2386 1979
2385 1979
2384 1978
2383 1977
2383 1976
2383 1975
2383 1974
2383 1973
2383 1972
2383 1971
2383 1970
2382 1969
2382 1968
2381 1967
2381 1966
2380 1965
2380 1964
2379 1963
2378 1962
2378 1961
2377 1960
2376 1959
2376 1958
2375 1957
2374 1956
2374 1955
2373 1954
2372 1953
2372 1952
2371 1951
2371 1950
2370 1949
2369 1948
2368 1947
2368 1946
2367 1945
2366 1944
2366 1943
2365 1942
2365 1941
2364 1940
2363 1939
2363 1938
2362 1937
2362 1936
2361 1935
2361 1934
2360 1933
2360 1932
2360 1931
2359 1930
2359 1929
2359 1928
2359 1927
2358 1926
2358 1925
2358 1924
2358 1923
2358 1922
2357 1921
2357 1920
2357 1919
2357 1918
2357 1917
2357 1916
2357 1915
2357 1914
2356 1913
2355 1913
2354 1912
2353 1912
2352 1911
2351 1911
2350 1910
2350 1909
2349 1908
2348 1907
2347 1906
2346 1905
2345 1904
2344 1903
2343 1902
2342 1901
2341 1900
2341 1899
2340 1898
2340 1897
2339 1896
2339 1895
2338 1894
2338 1893
2338 1892
2338 1891
2337 1892
2337 1893
2337 1894
2337 1895
2337 1896
2337 1897
2337 1898
2337 1899
2337 1900
2337 1901
2337 1902
2337 1903
2337 1904
2337 1905
2337 1906
2337 1907
2337 1908
2337 1909
2337 1910
2337 1911
2338 1912
2338 1913
2339 1914
2340 1915
2340 1916
2341 1917
2341 1918
2342 1919
2342 1920
2342 1921
2342 1922
2342 1923
2343 1924
2343 1925
2344 1926
2344 1927
2345 1928
2346 1929
2346 1930
2347 1931
2347 1932
2348 1933
2348 1934
2349 1935
2349 1936
2349 1937
2349 1938
2349 1939
2349 1940
2350 1941
2350 1942
2350 1943
2350 1944
2350 1945
2350 1946
2350 1947
2350 1948
2350 1949
2350 1950
2350 1951
2350 1952
2349 1953
2349 1954
2348 1955
2348 1956
2347 1957
2346 1958
2346 1959
2345 1960
2344 1961
2343 1962
2343 1963
2342 1964
2342 1965
2341 1966
2340 1967
2340 1968
2339 1969
2338 1970
2337 1971
2337 1972
2336 1973
2336 1974
2335 1975
2334 1976
2333 1977
2332 1978
2331 1978
2330 1979
2329 1980
2329 1981
2328 1982
2328 1983
2327 1984
2327 1985
2326 1986
2325 1987
2324 1988
2323 1988
2322 1988
2321 1989
2320 1989
2319 1989
2318 1990
2317 1990
2316 1990
2315 1989
2314 1988
2314 1987
2313 1986
2313 1985
2313 1984
2312 1983
2312 1982
2312 1981
2311 1981
2310 1980
2309 1980
2308 1979
2307 1978
2306 1977
2306 1976
2306 1975
2305 1974
2305 1973
2305 1972
2305 1971
2304 1970
2304 1969
2304 1968
2303 1967
2303 1966
2302 1965
2302 1964
2301 1963
2301 1962
2301 1961
2300 1960
2300 1959
2300 1958
2299 1957
2299 1956
2299 1955
2299 1954
2298 1953
2298 1952
2298 1951
2298 1950
2298 1949
2298 1948
2297 1947
2297 1946
2297 1945
2296 1944
2295 1943
2294 1942
2293 1941
2293 1940
2292 1939
2291 1938
2290 1937
2289 1936
2288 1935
2288 1934
2287 1933
2287 1932
2286 1931
2286 1930
2285 1929
2285 1928
2284 1927
2283 1926
2283 1925
2282 1924
2281 1923
2281 1922
2280 1921
2280 1920
2279 1919
2279 1918
2278 1917
2278 1916
2277 1915
2276 1914
2276 1913
2275 1912
2275 1911
2274 1910
2273 1909
2273 1908
2272 1907
2272 1906
2271 1906
2271 1907
2271 1908
2271 1909
2271 1910
2271 1911
2271 1912
2271 1913
2271 1914
2271 1915
2271 1916
2271 1917
2271 1918
2271 1919
2271 1920
2271 1921
2271 1922
2271 1923
2271 1924
2271 1925
2271 1926
2271 1927
2271 1928
2271 1929
2271 1930
2271 1931
2271 1932
2271 1933
2271 1934
2271 1935
2271 1936
2271 1937
2271 1938
2271 1939
2271 1940
2271 1941
2271 1942
2271 1943
2271 1944
2271 1945
2271 1946
2271 1947
2271 1948
2271 1949
2271 1950
2271 1951
2271 1952
2271 1953
2271 1954
2271 1955
2271 1956
2271 1957
2271 1958
2271 1959
2271 1960
2271 1961
2271 1962
2271 1963
2271 1964
2271 1965
2271 1966
2271 1967
2271 1968
2271 1969
2271 1970
2271 1971
2272 1972
2272 1973
2272 1974
2272 1975
2273 1976
2273 1977
2273 1978
2274 1979
2274 1980
2274 1981
2274 1982
2275 1983
2275 1984
2275 1985
2275 1986
2275 1987
2275 1988
2276 1989
2276 1990
2276 1991
2276 1992
2277 1993
2277 1994
2278 1995
2278 1996
2279 1997
2279 1998
2280 1999
2281 2000
2282 2001
2282 2002
2283 2003
2284 2004
2284 2005
2285 2006
2285 2007
2286 2008
2287 2009
2287 2010
2287 2011
2288 2012
2289 2013
2289 2014
2290 2015
2291 2016
2292 2017
2293 2018
2294 2019
2295 2020
2296 2021
2297 2022
2297 2023
2297 2024
2296 2025
2295 2025
2294 2026
2293 2026
2292 2027
2291 2027
2290 2027
2289 2028
2288 2028
2287 2029
2286 2029
2285 2029
2284 2029
2283 2029
2282 2029
2281 2029
2280 2028
2279 2028
2278 2027
2277 2027
2276 2026
2275 2025
2274 2024
2273 2023
2272 2023
2271 2022
2270 2021
2269 2020
2268 2019
2267 2018
2266 2017
2265 2016
2264 2016
2263 2015
2262 2014
2261 2013
2260 2012
2259 2011
2258 2010
2257 2009
2256 2008
2255 2007
2254 2006
2253 2005
2252 2004
2252 2005
2252 2006
2252 2007
2252 2008
2251 2009
2251 2010
2251 2011
2251 2012
2251 2013
2251 2014
2251 2015
2251 2016
2251 2017
2251 2018
2251 2019
2251 2020
2251 2021
2251 2022
2251 2023
2251 2024
2251 2025
2251 2026
2251 2027
2251 2028
2251 2029
2251 2030
2251 2031
2251 2032
2251 2033
2251 2034
2251 2035
2251 2036
2251 2037
2251 2038
2251 2039
2251 2040
2251 2041
2250 2042
2250 2043
2249 2044
2249 2045
2248 2046
2248 2047
2248 2048
2247 2049
2247 2050
2246 2051
2246 2052
2246 2053
2246 2054
2246 2055
2246 2056
2245 2057
2244 2058
2244 2059
2243 2060
2242 2061
2242 2062
2241 2063
2241 2064
2240 2065
2240 2066
2239 2067
2238 2068
2237 2068
2236 2068
2235 2068
2234 2068
2233 2068
2232 2068
2231 2067
2230 2067
2229 2067
2228 2066
2227 2066
2226 2066
2225 2065
2224 2065
2223 2065
2222 2065
2221 2065
2220 2064
2219 2064
2218 2064
2217 2064
2216 2064
2215 2064
2214 2064
2213 2064
2212 2064
2211 2064
2210 2063
2209 2063
2208 2063
2207 2063
2206 2063
2205 2063
2204 2062
2203 2062
2202 2061
2201 2060
2200 2060
2199 2060
2198 2059
2197 2059
2196 2058
2195 2058
2194 2057
2193 2056
2192 2055
2191 2054
2190 2054
2189 2053
2188 2052
2187 2051
2186 2050
2185 2049
2184 2048
2183 2048
2182 2047
2181 2047
2180 2046
2179 2045
2178 2044
2177 2043
2176 2042
2176 2041
2175 2040
2174 2039
2173 2038
2172 2037
2172 2036
2172 2035
2172 2034
2172 2033
2172 2032
2171 2031
2171 2030
2171 2029
2171 2028
2171 2027
2171 2026
2171 2025
2171 2024
2171 2023
2171 2022
2171 2021
2172 2020
2172 2019
2172 2018
2172 2017
2173 2016
2173 2015
2173 2014
2174 2013
2174 2012
2174 2011
2175 2010
2175 2009
2175 2008
2175 2007
2176 2006
2176 2005
2176 2004
2176 2003
2177 2002
2177 2001
2178 2000
2179 1999
2180 1999
2181 1998
2181 1997
2182 1996
2183 1995
2184 1994
2185 1993
2185 1992
2186 1991
2186 1990
2187 1989
2187 1988
2187 1987
2188 1986
2188 1985
2188 1984
2189 1983
2189 1982
2189 1981
2190 1980
2190 1979
2190 1978
2190 1977
2190 1976
2191 1975
2191 1974
2192 1973
2192 1972
2193 1971
2193 1970
2194 1969
2194 1968
2195 1967
2195 1966
2196 1965
2196 1964
2197 1963
2197 1962
2198 1961
2198 1960
2199 1959
2199 1958
2200 1957
2200 1956
2201 1955
2201 1954
2202 1953
2202 1952
2202 1951
2202 1950
2203 1949
2203 1948
2203 1947
2203 1946
2204 1945
2204 1944
2203 1944
2202 1944
2201 1944
2200 1944
2199 1944
2198 1944
2197 1944
2196 1944
2195 1944
2194 1944
2193 1944
2192 1944
2191 1944
2190 1944
2189 1944
2188 1944
2187 1944
2186 1945
2185 1946
2184 1947
2183 1948
2182 1949
2181 1950
2180 1951
2180 1952
2179 1953
2178 1954
2177 1955
2177 1956
2176 1957
2176 1958
2175 1959
2175 1960
2175 1961
2174 1962
2174 1963
2174 1964
2174 1965
2173 1966
2173 1967
2173 1968
2173 1969
2173 1970
2173 1971
2173 1972
2173 1973
2173 1974
2173 1975
2173 1976
2173 1977
2173 1978
2172 1979
2172 1980
2172 1981
2171 1982
2171 1983
2170 1984
2169 1985
2169 1986
2169 1987
2168 1988
2168 1989
2168 1990
2167 1991
2167 1992
2166 1993
2165 1994
2165 1995
2164 1996
2163 1997
2162 1998
2162 1999
2161 2000
2160 2001
2160 2002
2159 2003
2158 2004
2157 2005
2156 2006
2155 2007
2155 2008
2154 2009
2153 2010
2152 2011
2151 2012
2150 2013
2150 2014
2149 2015
2149 2016
2148 2017
2148 2018
2147 2019
2146 2020
2145 2020
2144 2021
2143 2021
2142 2022
2142 2023
2141 2024
2140 2025
2139 2026
2138 2026
2137 2027
2136 2027
2135 2028
2134 2028
2133 2029
2132 2029
2131 2029
2130 2029
2129 2029
2128 2029
2127 2029
2126 2029
2125 2029
2124 2029
2123 2030
2122 2030
2121 2030
2120 2030
2119 2029
2118 2028
2117 2027
2116 2026
2115 2025
2114 2024
2114 2023
2114 2022
2114 2021
2113 2020
2113 2019
2113 2018
2113 2017
2113 2016
2113 2015
2113 2014
2113 2013
2113 2012
2113 2011
2113 2010
2113 2009
2112 2008
2112 2007
2112 2006
2112 2005
2112 2004
2112 2003
2112 2002
2111 2001
2111 2000
2110 1999
2110 1998
2109 1997
2109 1996
2108 1995
2107 1994
2107 1993
2106 1992
2106 1991
2105 1990
2105 1989
2105 1988
2105 1987
2105 1986
2105 1985
2105 1984
2105 1983
2105 1982
2105 1981
2105 1980
2105 1979
2105 1978
2105 1977
2105 1976
2105 1975
2105 1974
2105 1973
2105 1972
2105 1971
2105 1970
2105 1969
2105 1968
2105 1967
2105 1966
2104 1967
2104 1968
2103 1969
2103 1970
2103 1971
2102 1972
2102 1973
2102 1974
2102 1975
2101 1976
2101 1977
2101 1978
2100 1979
2100 1980
2099 1981
2099 1982
2098 1983
2098 1984
2097 1985
2097 1986
2097 1987
2096 1988
2096 1989
2096 1990
2095 1991
2095 1992
2095 1993
2095 1994
2094 1995
2094 1996
2094 1997
2094 1998
2094 1999
2093 2000
2093 2001
2093 2002
2092 2003
2092 2004
2091 2005
2091 2006
2090 2007
2090 2008
2090 2009
2089 2010
2089 2011
2088 2012
2088 2013
2088 2014
2088 2015
2087 2016
2087 2017
2087 2018
2087 2019
2086 2020
2085 2021
2084 2021
2084 2022
2083 2023
2082 2024
2082 2025
2081 2026
2080 2027
2079 2028
2078 2029
2077 2029
2076 2030
2075 2031
2074 2032
2073 2033
2073 2034
2072 2035
2071 2036
2070 2037
2070 2038
2069 2039
2068 2040
2068 2041
2068 2042
2068 2043
2067 2044
2067 2045
2066 2046
2065 2047
2064 2047
2063 2048
2062 2048
2061 2049
2060 2049
2059 2049
2058 2049
2057 2049
2056 2049
2055 2049
2054 2049
2053 2049
2052 2049
2051 2049
2050 2049
2049 2049
2048 2049
2047 2049
2046 2049
2045 2049
2044 2050
2043 2050
2042 2050
2041 2050
2040 2050
2039 2050
2038 2049
2037 2049
2036 2049
2035 2049
2035 2050
2034 2051
2034 2052
2034 2053
2034 2054
2034 2055
2034 2056
2034 2057
2034 2058
2034 2059
2034 2060
2034 2061
2034 2062
2034 2063
2034 2064
2034 2065
2033 2066
2033 2067
2033 2068
2033 2069
2033 2070
2032 2071
2032 2072
2031 2073
2031 2074
2030 2075
2030 2076
2030 2077
2029 2078
2029 2079
2028 2080
2028 2081
2027 2082
2027 2083
2026 2084
2026 2085
2025 2086
2025 2087
2024 2088
2024 2089
2024 2090
2023 2091
2022 2092
2022 2093
2021 2094
2021 2095
2020 2096
2019 2097
2019 2098
2018 2099
2017 2100
2016 2101
2015 2102
2014 2103
2013 2103
2012 2104
2012 2105
2011 2106
2011 2107
2010 2108
2009 2109
2009 2110
2008 2111
2007 2112
2007 2113
2006 2114
2005 2115
2004 2116
2004 2117
2003 2118
2003 2119
2002 2120
2002 2121
2002 2122
2001 2123
2000 2124
1999 2125
1998 2125
1997 2126
1996 2126
1995 2126
1994 2127
1993 2127
1992 2128
1991 2129
1990 2129
1989 2130
1988 2130
1987 2131
1986 2132
1985 2132
1984 2133
1983 2133
1982 2133
1981 2134
1980 2134
1979 2135
1978 2136
1977 2137
1976 2138
1975 2138
1974 2139
1973 2140
1972 2141
1971 2142
1970 2142
1969 2143
1968 2143
1967 2144
1966 2144
1965 2145
1964 2145
1963 2145
1962 2146
1961 2147
1960 2148
1959 2149
1958 2150
1957 2151
1956 2152
1955 2152
1954 2152
1953 2153
1952 2153
1951 2154
1950 2154
1949 2154
1948 2154
1947 2154
1946 2154
1945 2153
1944 2152
1944 2151
1943 2150
1942 2149
1941 2148
1940 2147
1939 2146
1938 2145
1937 2144
1936 2143
1935 2142
1934 2141
1933 2140
1932 2139
1931 2138
1931 2137
1930 2136
1929 2135
1928 2134
1927 2133
1926 2132
1926 2131
1925 2130
1925 2129
1925 2128
1924 2127
1923 2126
1923 2125
1922 2124
1921 2123
1921 2122
1920 2121
1920 2120
1919 2119
1919 2118
1918 2117
1918 2116
1918 2115
1917 2114
1917 2113
1917 2112
1916 2111
1916 2110
1916 2109
1916 2108
1916 2107
1915 2106
1915 2105
1915 2104
1914 2103
1914 2102
1914 2101
1913 2100
1912 2099
1911 2098
1910 2097
1909 2096
1908 2095
1907 2094
1906 2093
1905 2092
1904 2091
1904 2090
1903 2089
1903 2088
1902 2087
1902 2086
1902 2085
1901 2084
1900 2083
1899 2084
1899 2085
1898 2086
1898 2087
1897 2088
1896 2089
1895 2090
1894 2091
1893 2092
1892 2092
1891 2093
1890 2094
1889 2094
1888 2094
1887 2095
1886 2096
1886 2097
1885 2098
1884 2098
1883 2099
1882 2099
1881 2100
1880 2100
1879 2100
1878 2101
1877 2102
1876 2103
1875 2103
1874 2104
1873 2105
1872 2106
1871 2106
1870 2107
1869 2108
1868 2107
1868 2106
1868 2105
1867 2104
1867 2103
1867 2102
1867 2101
1867 2100
1867 2099
1866 2098
1866 2097
1865 2096
1865 2095
1864 2094
1864 2093
1863 2092
1863 2091
1863 2090
1863 2089
1862 2088
1862 2087
1862 2086
1862 2085
1862 2084
1862 2083
1862 2082
1861 2081
1861 2080
1861 2079
1861 2078
1861 2077
1861 2076
1861 2075
1861 2074
1861 2073
1861 2072
1861 2071
1861 2070
1861 2069
1861 2068
1861 2067
1861 2066
1861 2065
1861 2064
1861 2063
1861 2062
1861 2061
1861 2060
1861 2059
1861 2058
1861 2057
1861 2056
1861 2055
1861 2054
1861 2053
1861 2052
1861 2051
1861 2050
1861 2049
1861 2048
1861 2047
1861 2046
1861 2045
1861 2044
1861 2043
1861 2042
1861 2041
1861 2040
1861 2039
1861 2038
1861 2037
1861 2036
1861 2035
1861 2034
1861 2033
1861 2032
1861 2031
1861 2030
1861 2029
1861 2028
1861 2027
1861 2026
1861 2025
1861 2024
1861 2023
1861 2022
1861 2021
1861 2020
1861 2019
1861 2018
1861 2017
1861 2016
1861 2015
1861 2014
1861 2013
1861 2012
1861 2011
1861 2010
1861 2009
1861 2008
1861 2007
1861 2008
1860 2009
1860 2010
1859 2011
1859 2012
1858 2013
1858 2014
1858 2015
1857 2016
1857 2017
1856 2018
1856 2019
1856 2020
1855 2021
1855 2022
1854 2023
1854 2024
1854 2025
1853 2026
1853 2027
1853 2028
1852 2029
1852 2030
1852 2031
1852 2032
1852 2033
1851 2034
1851 2035
1851 2036
1851 2037
1851 2038
1851 2039
1851 2040
1850 2041
1850 2042
1850 2043
1850 2044
1850 2045
1849 2046
1849 2047
1849 2048
1849 2049
1848 2050
1848 2051
1848 2052
1848 2053
1847 2054
1847 2055
1847 2056
1846 2057
1846 2058
1845 2059
1845 2060
1845 2061
1845 2062
1844 2063
1844 2064
1844 2065
1844 2066
1844 2067
1844 2068
1844 2069
1843 2070
1843 2071
1843 2072
1843 2073
1843 2074
1843 2075
1843 2076
1842 2077
1842 2078
1842 2079
1842 2080
1842 2081
1841 2082
1840 2082
1839 2082
1838 2082
1837 2082
1836 2081
1835 2081
1834 2081
1833 2080
1832 2080
1831 2080
1830 2079
1829 2079
1828 2078
1827 2078
1826 2078
1825 2078
1824 2077
1823 2076
1822 2076
1821 2075
1820 2074
1819 2074
1818 2073
1817 2073
1816 2072
1815 2072
1814 2072
1813 2071
1812 2071
1811 2070
1810 2070
1810 2071
1810 2072
1810 2073
1811 2074
1811 2075
1812 2076
1812 2077
1812 2078
1813 2079
1813 2080
1813 2081
1814 2082
1814 2083
1814 2084
1815 2085
1816 2086
1816 2087
1817 2088
1818 2089
1818 2090
1819 2091
1820 2092
1821 2093
1821 2094
1822 2095
1823 2096
1824 2097
1825 2098
1826 2099
1826 2100
1827 2101
1827 2102
1827 2103
1827 2104
1827 2105
1827 2106
1828 2107
1828 2108
1828 2109
1828 2110
1827 2111
1827 2112
1826 2113
1826 2114
1825 2115
1825 2116
1824 2117
1824 2118
1823 2119
1822 2120
1821 2120
1820 2120
1819 2121
1818 2121
1817 2121
1816 2121
1815 2121
1814 2121
1813 2122
1812 2122
1811 2122
1810 2122
1809 2122
1808 2122
1807 2122
1806 2122
1805 2122
1804 2122
1803 2122
1802 2122
1801 2122
1800 2122
1799 2122
1798 2122
1797 2122
1796 2123
1795 2123
1794 2124
1793 2125
1792 2126
1791 2126
1790 2127
1789 2127
1788 2127
1787 2127
1786 2127
1785 2127
1784 2128
1783 2128
1782 2128
1781 2128
1780 2128
1779 2128
1778 2128
1777 2128
1776 2128
1775 2128
1774 2128
1773 2128
1772 2128
1771 2128
1770 2128
1769 2128
1768 2128
1767 2129
1766 2129
1765 2129
1764 2129
1763 2129
1762 2129
1761 2129
1760 2129
1759 2129
1758 2129
1757 2129
1756 2129
1755 2128
1754 2128
1753 2128
1752 2128
1751 2127
1750 2127
1749 2127
1748 2126
1747 2126
1746 2126
1745 2125
1744 2125
1743 2125
1742 2124
1741 2124
1740 2123
1739 2123
1738 2122
1737 2121
1736 2121
1735 2120
1734 2120
1733 2119
1732 2119
1731 2118
1730 2118
1729 2118
1728 2118
1727 2117
1726 2117
1725 2117
1724 2117
1723 2117
1722 2117
1721 2116
1720 2115
1719 2114
1719 2113
1718 2112
1717 2111
1717 2110
1716 2109
1716 2108
1716 2107
1716 2106
1716 2105
1716 2104
1716 2103
1716 2102
1716 2101
1716 2100
1716 2099
1716 2098
1716 2097
1716 2096
1716 2095
1716 2094
1715 2093
1714 2092
1713 2092
1712 2091
1712 2090
1711 2089
1711 2088
1711 2087
1710 2086
1710 2085
1710 2084
1709 2084
1708 2083
1707 2083
1706 2083
1705 2083
1704 2084
1703 2084
1702 2085
1701 2085
1700 2086
1699 2086
1698 2087
1697 2088
1696 2089
1696 2090
1695 2091
1694 2092
1693 2093
1693 2094
1692 2095
1691 2095
1690 2096
1689 2097
1688 2098
1687 2099
1686 2100
1685 2101
1684 2102
1683 2103
1682 2104
1681 2104
1680 2105
1679 2106
1678 2107
1677 2108
1676 2109
1675 2109
1674 2110
1673 2110
1672 2111
1671 2111
1670 2112
1669 2112
1668 2113
1667 2113
1666 2114
1665 2114
1664 2115
1663 2115
1662 2115
1661 2115
1660 2115
1659 2115
1658 2115
1657 2115
1656 2115
1655 2114
1654 2114
1653 2114
1652 2113
1651 2113
1650 2113
1649 2112
1648 2112
1647 2112
1646 2112
1645 2111
1644 2111
1643 2111
1642 2111
1641 2111
1640 2110
1639 2110
1638 2109
1637 2109
1636 2108
1635 2107
1634 2106
1633 2105
1632 2104
1631 2103
1630 2102
1629 2101
1628 2100
1627 2100
1626 2099
1625 2098
1624 2097
1623 2096
1622 2095
1621 2095
1620 2094
1619 2094
1618 2093
1617 2093
1616 2092
1615 2092
1614 2091
1613 2091
1612 2091
1611 2090
1610 2090
1609 2089
1608 2088
1607 2087
1606 2087
1605 2086
1604 2086
1603 2085
1602 2085
1601 2084
1600 2084
1599 2084
1598 2084
1597 2084
1596 2084
1595 2084
1594 2084
1593 2083
1592 2083
1591 2083
1590 2083
1589 2083
1588 2083
1587 2083
1586 2083
1585 2083
1584 2083
1583 2083
1582 2083
1581 2083
1580 2083
1579 2083
1578 2083
1577 2083
1576 2083
1575 2083
1574 2084
1573 2084
1572 2084
1571 2085
1570 2085
1569 2085
1568 2086
1567 2086
1566 2086
1565 2087
1564 2087
1563 2087
1563 2088
1562 2089
1561 2090
1561 2091
1560 2092
1560 2093
1559 2094
1559 2095
1559 2096
1559 2097
1559 2098
1559 2099
1558 2100
1558 2101
1558 2102
1558 2103
1558 2104
1558 2105
1558 2106
1558 2107
1559 2107
1560 2107
1561 2108
1562 2108
1563 2108
1564 2108
1565 2108
1566 2108
1567 2108
1568 2108
1569 2109
1570 2109
1571 2109
1572 2110
1573 2110
1574 2111
1575 2111
1576 2111
1577 2112
1578 2112
1579 2112
1580 2112
1581 2113
1582 2113
1583 2114
1584 2115
1585 2116
1586 2117
1587 2117
1588 2118
1589 2118
1590 2119
1591 2120
1592 2121
1593 2122
1594 2123
1594 2124
1595 2125
1596 2126
1596 2127
1595 2128
1594 2128
1593 2128
1592 2128
1591 2128
1590 2128
1589 2128
1588 2128
1587 2128
1586 2129
1585 2129
1584 2129
1583 2129
1582 2129
1581 2129
1580 2129
1579 2129
1578 2129
1577 2129
1576 2129
1575 2129
1574 2129
1573 2129
1572 2129
1571 2129
1570 2129
1569 2129
1568 2129
1567 2129
1566 2129
1565 2129
1564 2129
1563 2129
1562 2129
1561 2129
1560 2129
1559 2129
1558 2129
1557 2129
1556 2129
1555 2129
1554 2129
1553 2129
1552 2129
1551 2129
1550 2129
1549 2129
1548 2129
1547 2129
1547 2130
1547 2131
1547 2132
1547 2133
1547 2134
1547 2135
1547 2136
1548 2137
1548 2138
1549 2139
1549 2140
1550 2141
1550 2142
1551 2143
1552 2144
1552 2145
1553 2146
1553 2147
1554 2148
1554 2149
1555 2150
1555 2151
1556 2152
1556 2153
1556 2154
1556 2155
1557 2156
1557 2157
1557 2158
1557 2159
1556 2160
1555 2160
1554 2159
1553 2158
1553 2157
1552 2156
1551 2155
1551 2154
1550 2153
1549 2152
1549 2151
1548 2150
1548 2149
1547 2148
1547 2147
1546 2146
1545 2145
1545 2144
1545 2143
1544 2142
1543 2141
1542 2140
1541 2139
1540 2138
1539 2137
1539 2136
1538 2135
1537 2134
1536 2133
1535 2132
1534 2131
1533 2131
1532 2130
1531 2129
1530 2129
1529 2129
1528 2129
1527 2129
1526 2129
1525 2129
1524 2129
1523 2129
1522 2129
1521 2129
1520 2129
1519 2129
1518 2129
1517 2129
1516 2129
1515 2129
1514 2129
1513 2129
1512 2130
1511 2130
1510 2130
1509 2131
1508 2131
1507 2131
1506 2132
1505 2132
1504 2132
1503 2132
1502 2133
1501 2133
1500 2133
1499 2133
1498 2134
1497 2134
1496 2134
1495 2134
1494 2134
1493 2134
1492 2134
1491 2134
1490 2134
1489 2134
1488 2135
1487 2135
1486 2135
1485 2135
1484 2135
1483 2135
1482 2136
1481 2136
1480 2136
1479 2137
1478 2137
1477 2137
1476 2137
1475 2138
1474 2138
1473 2138
1472 2139
1471 2139
1470 2140
1469 2140
1468 2140
1467 2141
1466 2141
1465 2142
1464 2142
1463 2142
1462 2143
1461 2143
1460 2144
1459 2144
1458 2144
1457 2145
1456 2145
1455 2145
1454 2146
1453 2146
1452 2147
1451 2147
1450 2148
1449 2149
1448 2149
1447 2150
1446 2150
1445 2151
1444 2152
1443 2152
1442 2152
1441 2153
1440 2153
1439 2153
1438 2153
1437 2153
1436 2154
1435 2154
1434 2155
1433 2155
1432 2156
1431 2156
1430 2157
1429 2157
1428 2157
1427 2158
1426 2158
1425 2158
1424 2159
1423 2159
1422 2159
1421 2160
1420 2160
1419 2161
1418 2161
1417 2162
1416 2162
1415 2163
1414 2164
1413 2165
1412 2166
1412 2167
1411 2168
1410 2169
1409 2170
1408 2171
1407 2172
1406 2172
1405 2172
1404 2173
1403 2173
1402 2173
1401 2173
1400 2174
1399 2174
1398 2174
1397 2174
1396 2174
1395 2174
1394 2174
1393 2175
1392 2175
1391 2176
1390 2176
1389 2176
1388 2177
1387 2177
1386 2177
1385 2178
1384 2178
1383 2178
1382 2178
1381 2179
1380 2179
1379 2179
1378 2179
1377 2179
1376 2180
1375 2180
1374 2180
1373 2180
1372 2180
1371 2180
1370 2180
1369 2181
1368 2181
1367 2181
1366 2181
1365 2181
1364 2181
1363 2181
1362 2181
1361 2181
1360 2181
1359 2181
1358 2181
1357 2181
1356 2181
1355 2181
1354 2181
1353 2181
1352 2181
1351 2181
1350 2181
1349 2181
1348 2181
1347 2182
1346 2182
1345 2182
1344 2182
1343 2182
1342 2182
1341 2182
1340 2182
1339 2182
1338 2182
1337 2182
1336 2182
1335 2182
1334 2182
1333 2182
1332 2182
1331 2182
1330 2182
1329 2182
1328 2182
1327 2183
1326 2183
1325 2184
1324 2184
1323 2184
1322 2185
1321 2185
1320 2185
1319 2185
1318 2186
1317 2186
1316 2186
1315 2186
1314 2186
1313 2186
1312 2186
1311 2187
1310 2187
1309 2187
1308 2187
1307 2187
1306 2187
1305 2187
1304 2188
1303 2188
1302 2188
1301 2189
1300 2189
1299 2189
1298 2190
1297 2190
1296 2190
1295 2191
1294 2191
1293 2191
1292 2192
1291 2192
1290 2192
1289 2193
1288 2193
1287 2194
1286 2194
1285 2195
1284 2195
1283 2196
1282 2196
1281 2197
1280 2197
1279 2198
1278 2198
1277 2199
1276 2199
1275 2199
1274 2199
1273 2199
1272 2200
1271 2200
1270 2200
1269 2200
1268 2200
1267 2200
1266 2200
1265 2200
1264 2200
1263 2201
1262 2201
1261 2201
1260 2201
1259 2201
1258 2201
1257 2201
1256 2201
1255 2201
1254 2201
1253 2202
1252 2202
1251 2202
1250 2203
1249 2203
1248 2204
1247 2204
1246 2204
1245 2205
1244 2205
1243 2205
1242 2205
1241 2205
1240 2206
1239 2206
1238 2206
1237 2206
1236 2206
1235 2206
1234 2206
1233 2206
1232 2207
1231 2207
1230 2207
1229 2207
1228 2207
1227 2207
1226 2207
1225 2207
1224 2207
1223 2207
1222 2207
1221 2207
1220 2208
1219 2208
1218 2208
1217 2209
1216 2209
1215 2209
1214 2209
1213 2210
1212 2210
1211 2210
1210 2211
1209 2211
1208 2211
1207 2211
1206 2212
1205 2212
1204 2212
1203 2212
1202 2212
1201 2212
1200 2212
1199 2213
1198 2213
1197 2213
1196 2213
1195 2213
1194 2213
1193 2213
1192 2213
1191 2213
1190 2213
1189 2213
1188 2214
1187 2214
1186 2214
1185 2214
1184 2214
1183 2214
1182 2214
1181 2214
1180 2214
1179 2214
1178 2214
1177 2214
1176 2214
1175 2214
1174 2214
1173 2214
1172 2214
1171 2214
1170 2214
1169 2214
1168 2214
1167 2214
1166 2214
1165 2214
1164 2214
1163 2214
1162 2214
1161 2214
1160 2214
1159 2214
1158 2214
1157 2214
1156 2214
1155 2214
1154 2214
1153 2214
1152 2214
1151 2214
1150 2214
1149 2215
1148 2215
1147 2215
1146 2215
1145 2215
1144 2215
1143 2215
1142 2215
1141 2215
1140 2215
1139 2216
1138 2216
1137 2216
1136 2216
1135 2217
1134 2217
1133 2217
1132 2217
1131 2218
1130 2218
1129 2218
1128 2218
1127 2218
1126 2219
1125 2219
1124 2219
1123 2219
1122 2219
1121 2219
1120 2219
1119 2219
1118 2220
1117 2220
1116 2220
1115 2220
1114 2220
1113 2220
1112 2220
1111 2220
1110 2220
1109 2220
1108 2220
1107 2220
1106 2220
1105 2220
1104 2221
1103 2221
1102 2221
1101 2221
1100 2221
1099 2221
1098 2221
1097 2221
1096 2221
1095 2221
1094 2221
1093 2221
1092 2221
1091 2221
1090 2221
1089 2221
1088 2221
1087 2221
1086 2221
1085 2221
1084 2221
1083 2221
1082 2221
1081 2221
1080 2221
1079 2221
1078 2221
1077 2221
1076 2221
1075 2221
1074 2222
1073 2222
1072 2222
1071 2222
1070 2223
1069 2223
1068 2223
1067 2224
1066 2224
1065 2224
1064 2224
1063 2225
1062 2225
1061 2225
1060 2225
1059 2225
1058 2226
1057 2226
1056 2226
1055 2226
1054 2226
1053 2226
1052 2226
1051 2227
1050 2227
1049 2227
1048 2227
1047 2227
1046 2227
1045 2227
1044 2227
1043 2227
1042 2227
1041 2227
1040 2227
1039 2227
1038 2227
1037 2227
1036 2227
1035 2227
1034 2227
1033 2227
1032 2227
1031 2227
1030 2227
1029 2227
1028 2227
1027 2228
1026 2228
1025 2228
1024 2228
1023 2228
1022 2228
1021 2228
1020 2228
1019 2228
1018 2228
1017 2228
1016 2228
1015 2228
1014 2228
1013 2228
1012 2228
1011 2228
1010 2228
1009 2228
1008 2228
1007 2229
1006 2229
1005 2229
1004 2229
1003 2230
1002 2230
1001 2230
1000 2231
999 2231
998 2231
997 2232
996 2232
995 2232
994 2232
993 2232
992 2233
991 2233
990 2233
989 2233
988 2233
987 2233
986 2233
985 2233
984 2233
983 2233
982 2233
981 2234
980 2234
979 2234
978 2234
977 2234
976 2234
975 2234
974 2234
973 2234
972 2234
971 2234
970 2234
969 2234
968 2234
967 2234
966 2234
965 2234
964 2234
963 2234
962 2234
961 2234
960 2234
959 2234
958 2234
957 2234
956 2234
955 2234
954 2234
953 2234
952 2234
951 2234
950 2234
949 2234
948 2234
947 2234
946 2234
945 2234
944 2234
943 2234
942 2234
941 2234
940 2234
939 2234
938 2234
937 2234
936 2234
935 2234
934 2234
933 2234
932 2234
931 2234
930 2234
929 2235
928 2235
927 2235
926 2235
925 2235
924 2236
923 2236
922 2236
921 2236
920 2237
919 2237
918 2237
917 2238
916 2238
915 2238
914 2238
913 2239
912 2239
911 2239
910 2239
909 2239
908 2239
907 2240
906 2240
905 2240
904 2240
903 2241
902 2241
901 2241
900 2242
899 2242
898 2242
897 2243
896 2243
895 2243
894 2244
893 2244
892 2244
891 2245
890 2245
889 2245
888 2245
887 2245
886 2246
885 2246
884 2246
883 2246
882 2246
881 2246
880 2246
879 2246
878 2246
877 2246
876 2247
875 2247
874 2247
873 2247
872 2247
871 2247
870 2247
869 2247
868 2247
867 2247
866 2247
865 2247
864 2247
863 2247
862 2247
861 2247
860 2247
859 2247
858 2247
857 2247
856 2247
855 2247
854 2247
853 2247
852 2247
851 2247
850 2247
849 2247
848 2247
847 2247
846 2248
845 2248
844 2248
843 2248
842 2248
841 2248
840 2248
839 2248
838 2248
837 2248
836 2248
835 2248
834 2248
833 2248
832 2248
831 2248
830 2248
829 2248
828 2248
827 2248
826 2248
825 2248
824 2248
823 2248
822 2248
821 2248
820 2248
819 2248
818 2248
817 2248
816 2248
815 2248
814 2248
813 2248
812 2248
811 2248
810 2248
809 2248
808 2248
807 2248
806 2248
805 2248
804 2248
803 2248
802 2248
801 2248
800 2248
799 2248
798 2248
797 2248
796 2248
795 2248
794 2248
795 2248
796 2249
797 2249
798 2249
799 2249
800 2250
801 2250
802 2250
803 2250
804 2251
805 2251
806 2251
807 2251
808 2251
809 2252
810 2252
811 2252
812 2252
813 2252
814 2252
815 2252
816 2253
817 2253
818 2253
819 2253
820 2253
821 2253
822 2254
823 2254
824 2254
825 2255
826 2255
827 2255
828 2256
829 2256
830 2257
831 2257
832 2257
833 2257
834 2258
835 2258
836 2258
837 2258
838 2258
839 2258
840 2259
841 2259
842 2259
843 2259
844 2259
845 2259
846 2259
847 2259
848 2259
849 2259
850 2259
851 2259
852 2259
853 2260
854 2260
855 2260
856 2260
857 2260
858 2260
859 2260
860 2260
861 2260
862 2260
863 2260
864 2260
865 2260
866 2260
867 2260
868 2260
869 2260
870 2260
871 2260
872 2260
873 2260
874 2260
875 2260
876 2260
877 2260
878 2260
879 2260
880 2260
881 2260
882 2261
883 2261
884 2261
885 2262
886 2262
887 2263
888 2263
889 2263
890 2264
891 2264
892 2264
893 2264
894 2264
895 2265
896 2265
897 2265
898 2265
899 2265
900 2265
901 2265
902 2266
903 2266
904 2266
905 2266
906 2266
907 2266
908 2266
909 2266
910 2266
911 2266
912 2266
913 2266
914 2266
915 2266
916 2266
917 2266
918 2266
919 2266
920 2266
921 2266
922 2266
923 2266
924 2266
925 2266
926 2266
927 2266
928 2266
929 2266
930 2266
931 2266
932 2266
933 2266
934 2266
935 2266
936 2266
937 2266
938 2266
939 2267
940 2267
941 2267
942 2267
943 2267
944 2267
945 2267
946 2267
947 2267
948 2267
949 2267
950 2267
951 2267
952 2267
953 2267
954 2267
955 2267
956 2267
957 2267
958 2267
959 2267
960 2267
961 2267
962 2267
963 2267
964 2267
965 2267
966 2267
967 2267
968 2267
969 2267
970 2267
971 2267
972 2267
973 2267
974 2267
975 2267
976 2267
977 2267
978 2267
979 2267
980 2267
981 2267
982 2267
983 2267
984 2267
985 2267
986 2267
987 2267
988 2267
989 2267
990 2267
991 2267
992 2267
993 2267
994 2267
995 2267
996 2267
997 2267
998 2267
999 2267
1000 2267
1001 2267
1002 2267
1003 2267
1004 2267
1005 2266
1006 2266
1007 2266
1008 2266
1009 2265
1010 2265
1011 2265
1012 2264
1013 2264
1014 2264
1015 2263
1016 2263
1017 2263
1018 2263
1019 2262
1020 2262
1021 2262
1022 2262
1023 2262
1024 2262
1025 2261
1026 2261
1027 2261
1028 2261
1029 2261
1030 2261
1031 2261
1032 2261
1033 2261
1034 2261
1035 2261
1036 2261
1037 2261
1038 2260
1039 2260
1040 2260
1041 2260
1042 2260
1043 2260
1044 2260
1045 2260
1046 2260
1047 2260
1048 2260
1049 2260
1050 2260
1051 2260
1052 2260
1053 2260
1054 2260
1055 2260
1056 2260
1057 2260
1058 2260
1059 2260
1060 2260
1061 2260
1062 2260
1063 2260
1064 2260
1065 2260
1066 2260
1067 2260
1068 2260
1069 2260
1070 2260
1071 2260
1072 2260
1073 2260
1074 2260
1075 2260
1076 2260
1077 2260
1078 2260
1079 2260
1080 2260
1081 2260
1082 2260
1083 2260
1084 2260
1085 2260
1086 2259
1087 2259
1088 2258
1089 2258
1090 2258
1091 2257
1092 2257
1093 2257
1094 2257
1095 2256
1096 2256
1097 2256
1098 2256
1099 2255
1100 2255
1101 2255
1102 2254
1103 2254
1104 2253
1105 2253
1106 2252
1107 2252
1108 2251
1109 2251
1110 2250
1111 2250
1112 2249
1113 2248
1114 2248
1115 2247
1116 2246
1117 2246
1118 2245
1119 2244
1120 2244
1121 2243
1122 2242
1123 2242
1124 2241
1125 2240
1126 2240
1127 2239
1128 2238
1129 2237
1130 2237
1131 2237
1132 2236
1133 2236
1134 2236
1135 2236
1136 2235
1137 2235
1138 2235
1139 2235
1140 2234
1141 2234
1142 2233
1143 2232
1144 2232
1145 2231
1146 2231
1147 2230
1148 2230
1149 2229
1150 2229
1151 2229
1152 2228
1153 2228
1154 2228
1155 2228
1156 2228
1157 2228
1158 2228
1159 2228
1160 2228
1161 2228
1162 2227
1163 2227
1164 2227
1165 2227
1166 2227
1167 2227
1168 2227
1169 2227
1170 2227
1171 2227
1172 2227
1173 2227
1174 2227
1175 2227
1176 2227
1177 2227
1178 2227
1179 2227
1180 2227
1181 2227
1182 2227
1183 2227
1184 2227
1185 2227
1186 2227
1187 2227
1188 2227
1189 2227
1190 2227
1191 2227
1192 2227
1193 2227
1194 2227
1195 2227
1196 2227
1197 2227
1198 2227
1199 2227
1200 2227
1201 2227
1202 2227
1203 2227
1204 2227
1205 2227
1206 2227
1207 2227
1208 2227
1209 2227
1210 2227
1211 2227
1212 2227
1213 2227
1214 2227
1215 2227
1216 2227
1217 2227
1218 2227
1219 2227
1220 2227
1221 2227
1222 2227
1223 2227
1224 2227
1225 2227
1226 2227
1227 2227
1228 2227
1229 2227
1230 2227
1231 2227
1232 2227
1233 2227
1234 2227
1235 2227
1236 2227
1237 2227
1238 2227
1239 2227
1240 2227
1241 2227
1242 2227
1243 2227
1244 2227
1245 2227
1246 2227
1247 2227
1248 2227
1249 2227
1250 2227
1251 2227
1252 2227
1253 2227
1254 2227
1255 2227
1256 2227
1257 2227
1258 2227
1259 2227
1260 2227
1261 2227
1262 2227
1263 2227
1264 2227
1265 2227
1266 2227
1267 2227
1268 2227
1269 2227
1270 2227
1271 2227
1272 2227
1273 2227
1274 2227
1275 2227
1276 2227
1277 2227
1278 2227
1279 2227
1280 2227
1281 2227
1282 2227
1283 2227
1284 2227
1285 2227
1286 2227
1287 2227
1288 2227
1289 2227
1290 2227
1291 2227
1292 2227
1293 2227
1294 2227
1295 2227
1296 2227
1297 2227
1298 2227
1299 2227
1300 2227
1301 2227
1302 2227
1303 2227
1304 2227
1305 2227
1306 2227
1307 2227
1308 2227
1309 2227
1310 2227
1311 2227
1312 2227
1313 2227
1314 2227
1315 2227
1316 2227
1317 2227
1318 2227
1319 2227
1320 2227
1321 2227
1322 2227
1323 2227
1324 2227
1325 2227
1326 2227
1327 2227
1328 2227
1329 2227
1330 2227
1331 2227
1332 2227
1333 2227
1334 2227
1335 2227
1336 2227
1337 2227
1338 2227
1339 2227
1340 2227
1341 2227
1342 2227
1343 2227
1344 2227
1345 2227
1346 2227
1347 2227
1348 2227
1349 2227
1350 2227
1351 2227
1352 2227
1353 2227
1354 2227
1355 2227
1356 2227
1357 2227
1358 2227
1359 2227
1360 2227
1361 2227
1362 2227
1363 2227
1364 2227
1365 2227
1366 2227
1367 2227
1368 2227
1369 2227
1370 2227
1371 2228
1371 2229
1372 2229
1373 2230
1374 2230
1375 2230
1376 2231
1377 2231
1378 2232
1379 2232
1380 2233
1381 2233
1382 2234
1383 2234
1384 2235
1385 2236
1386 2236
1387 2237
1388 2237
1389 2238
1390 2238
1391 2238
1392 2239
1393 2239
1394 2239
1395 2239
1396 2239
1397 2239
1398 2239
1399 2240
1400 2240
1401 2240
1402 2241
1403 2241
1404 2242
1405 2243
1406 2243
1407 2243
1408 2244
1409 2244
1410 2244
1411 2244
1412 2245
1413 2245
1414 2245
1415 2245
1416 2245
1417 2245
1418 2246
1419 2246
1420 2246
1421 2246
1422 2246
1423 2246
1424 2246
1425 2246
1426 2246
1427 2246
1428 2246
1429 2246
1430 2246
1431 2246
1432 2246
1433 2246
1434 2246
1435 2246
1436 2247
1437 2247
1438 2247
1439 2247
1440 2247
1441 2247
1442 2247
1443 2247
1444 2247
1445 2247
1446 2247
1447 2247
1448 2248
1449 2248
1450 2248
1451 2249
1452 2249
1453 2249
1454 2250
1455 2250
1456 2250
1457 2250
1458 2251
1459 2251
1460 2251
1461 2251
1462 2251
1463 2252
1464 2252
1465 2252
1466 2252
1467 2252
1468 2252
1469 2252
1470 2253
1471 2253
1472 2254
1473 2254
1474 2254
1475 2255
1476 2256
1477 2256
1478 2257
1479 2257
1480 2257
1481 2258
1482 2258
1483 2258
1484 2258
1485 2258
1486 2259
1487 2259
1488 2259
1489 2259
1490 2260
1491 2260
1492 2261
1493 2262
1494 2262
1495 2263
1496 2263
1497 2263
1498 2264
1499 2264
1500 2264
1501 2264
1502 2265
1503 2265
1504 2265
1505 2265
1506 2265
1507 2266
1508 2266
1509 2266
1510 2267
1511 2267
1512 2267
1513 2268
1514 2268
1515 2269
1516 2269
1517 2270
1518 2270
1519 2271
1520 2271
1521 2271
1522 2272
1523 2273
1524 2274
1525 2275
1526 2275
1527 2276
1528 2276
1529 2277
1530 2277
1531 2277
1532 2278
1533 2279
1533 2280
1534 2281
1534 2282
1534 2283
1535 2284
1535 2285
1535 2286
1536 2287
1536 2288
1536 2289
1537 2290
1537 2291
1537 2292
1537 2293
1537 2294
1537 2295
1538 2296
1538 2297
1538 2298
1538 2299
1538 2300
1538 2301
1538 2302
1538 2303
1539 2304
1539 2305
1540 2306
1541 2307
1541 2308
1541 2309
1542 2310
1542 2311
1542 2312
1543 2313
1543 2314
1543 2315
1543 2316
1543 2317
1543 2318
1544 2319
1544 2320
1545 2321
1545 2322
1546 2323
1546 2324
1547 2325
1547 2326
1548 2327
1548 2328
1548 2329
1549 2330
1549 2331
1549 2332
1549 2333
1549 2334
1549 2335
1549 2336
1550 2337
1550 2338
1550 2339
1550 2340
1550 2341
1550 2342
1550 2343
1550 2344
1550 2345
1550 2346
1550 2347
1550 2348
1550 2349
1550 2350
1550 2351
1549 2352
1549 2353
1549 2354
1549 2355
1548 2356
1548 2357
1548 2358
1547 2359
1547 2360
1547 2361
1547 2362
1546 2363
1546 2364
1546 2365
1546 2366
1546 2367
1546 2368
1546 2369
1546 2370
1545 2371
1545 2372
1545 2373
1545 2374
1544 2375
1544 2376
1543 2377
1542 2378
1542 2379
1541 2380
1541 2381
1540 2382
1540 2383
1539 2384
1538 2385
1539 2385
1540 2385
1541 2385
1542 2385
1543 2385
1544 2385
1545 2384
1546 2384
1547 2384
1548 2383
1549 2383
1550 2383
1551 2382
1552 2382
1553 2381
1554 2381
1555 2380
1556 2380
1557 2379
1558 2379
1559 2379
1560 2378
1561 2378
1562 2377
1563 2377
1564 2377
1565 2376
1566 2376
1567 2376
1568 2375
1569 2375
1570 2374
1571 2373
1572 2373
1573 2372
1574 2372
1575 2371
1576 2370
1577 2370
1578 2369
1579 2369
1580 2368
1581 2367
1582 2367
1583 2366
1584 2365
1585 2364
1586 2363
1587 2363
1588 2363
1589 2362
1590 2362
1591 2362
1592 2361
1593 2361
1594 2360
1595 2360
1596 2359
1597 2358
1598 2357
1599 2356
1600 2355
1601 2354
1602 2353
1603 2353
1604 2352
1605 2351
1606 2350
1607 2350
1608 2349
1609 2348
1610 2347
1611 2347
1612 2346
1613 2345
1614 2344
1615 2344
1616 2343
1617 2343
1618 2342
1619 2341
1620 2341
1621 2340
1622 2339
1623 2338
1624 2337
1625 2337
1626 2336
1627 2335
1628 2334
1629 2334
1630 2335
1630 2336
1630 2337
1630 2338
1630 2339
1630 2340
1630 2341
1630 2342
1630 2343
1630 2344
1630 2345
1630 2346
1629 2347
1629 2348
1629 2349
1629 2350
1629 2351
1628 2352
1628 2353
1627 2354
1626 2355
1626 2356
1625 2357
1625 2358
1624 2359
1623 2360
1623 2361
1622 2362
1622 2363
1622 2364
1621 2365
1621 2366
1621 2367
1620 2368
1620 2369
1620 2370
1619 2371
1619 2372
1618 2373
1618 2374
1617 2375
1616 2376
1616 2377
1615 2378
1615 2379
1614 2380
1614 2381
1613 2382
1613 2383
1613 2384
1612 2385
1612 2386
1612 2387
1612 2388
1611 2389
1611 2390
1612 2390
1613 2390
1614 2390
1615 2390
1616 2390
1617 2390
1618 2389
1619 2389
1620 2389
1621 2389
1622 2388
1623 2388
1624 2388
1625 2388
1626 2388
1627 2388
1628 2387
1629 2387
1630 2387
1631 2386
1632 2386
1633 2386
1634 2385
1635 2385
1636 2385
1637 2384
1638 2383
1639 2383
1640 2382
1641 2381
1642 2380
1643 2379
1644 2378
1645 2377
1646 2376
1647 2375
1648 2374
1649 2373
1650 2372
1651 2371
1652 2370
1653 2369
1654 2368
1655 2367
1656 2366
1657 2366
1658 2366
1659 2367
1660 2368
1660 2369
1661 2370
1661 2371
1661 2372
1662 2373
1662 2374
1662 2375
1662 2376
1662 2377
1663 2378
1663 2379
1663 2380
1663 2381
1664 2382
1665 2383
1665 2384
1666 2385
1667 2386
1668 2387
1668 2388
1669 2389
1670 2390
1670 2391
1671 2392
1671 2393
1672 2394
1672 2395
1673 2396
1673 2397
1674 2398
1674 2399
1674 2400
1675 2401
1675 2402
1675 2403
1675 2404
1675 2405
1676 2406
1676 2407
1676 2408
1676 2409
1676 2410
1677 2410
1678 2411
1679 2411
1680 2411
1681 2411
1682 2411
1683 2411
1684 2410
1685 2410
1686 2410
1687 2409
1688 2409
1689 2408
1690 2407
1691 2407
1692 2406
1693 2405
1694 2404
1695 2403
1696 2402
1697 2401
1697 2400
1698 2399
1699 2398
1700 2397
1701 2396
1701 2395
1702 2394
1703 2393
1704 2392
1705 2391
1705 2390
1706 2389
1707 2388
1708 2387
1708 2386
1709 2385
1710 2384
1711 2384
1711 2383
1712 2382
1712 2381
1713 2380
1713 2379
1714 2378
1715 2377
1716 2376
1717 2375
1718 2374
1719 2373
1720 2372
1721 2371
1721 2370
1722 2369
1723 2368
1723 2367
1724 2366
1724 2365
1725 2364
1726 2363
1726 2362
1727 2361
1728 2360
1729 2359
1730 2358
1730 2357
1731 2356
1731 2355
1732 2354
1733 2353
1734 2352
1735 2351
1736 2351
1737 2350
1738 2349
1738 2348
1739 2347
1739 2346
1740 2345
1740 2344
1741 2343
1742 2343
1743 2343
1744 2344
1745 2345
1745 2346
1746 2347
1746 2348
1746 2349
1746 2350
1747 2351
1747 2352
1747 2353
1747 2354
1747 2355
1747 2356
1747 2357
1747 2358
1747 2359
1747 2360
1748 2361
1748 2362
1748 2363
1748 2364
1748 2365
1748 2366
1748 2367
1748 2368
1747 2369
1747 2370
1747 2371
1747 2372
1747 2373
1747 2374
1747 2375
1747 2376
1747 2377
1746 2378
1746 2379
1746 2380
1746 2381
1746 2382
1746 2383
1746 2384
1745 2385
1745 2386
1745 2387
1745 2388
1745 2389
1744 2390
1744 2391
1744 2392
1744 2393
1743 2394
1743 2395
1743 2396
1742 2397
1742 2398
1741 2399
1741 2400
1741 2401
1740 2402
1740 2403
1739 2404
1739 2405
1739 2406
1738 2407
1738 2408
1737 2409
1737 2410
1736 2411
1736 2412
1735 2413
1735 2414
1734 2415
1734 2416
1734 2417
1733 2418
1733 2419
1733 2420
1732 2421
1731 2422
1731 2423
1730 2424
1730 2425
1729 2426
1728 2427
1728 2428
1727 2429
1727 2430
1726 2431
1725 2432
1725 2433
1724 2434
1723 2435
1722 2436
1722 2437
1721 2438
1720 2439
1719 2440
1718 2441
1718 2442
1717 2443
1716 2444
1715 2445
1714 2446
1713 2447
1712 2448
1712 2449
1711 2450
1710 2451
1709 2452
1708 2453
1707 2454
1706 2455
1705 2456
1704 2457
1704 2458
1703 2459
1702 2460
1702 2461
1701 2462
1701 2463
1700 2464
1700 2465
1699 2466
1699 2467
1699 2468
1698 2469
1698 2470
1698 2471
1697 2472
1696 2473
1696 2474
1695 2475
1695 2476
1694 2477
1694 2478
1694 2479
1693 2480
1693 2481
1693 2482
1692 2483
1692 2484
1692 2485
1692 2486
1691 2487
1691 2488
1691 2489
1691 2490
1691 2491
1691 2492
1691 2493
1691 2494
1691 2495
1691 2496
1691 2497
1691 2498
1690 2499
1690 2500
1690 2501
1690 2502
1690 2503
1690 2504
1690 2505
1690 2506
1690 2507
1690 2508
1690 2509
1689 2510
1689 2511
1689 2512
1689 2513
1688 2514
1688 2515
1688 2516
1688 2517
1687 2518
1687 2519
1687 2520
1687 2521
1686 2522
1686 2523
1686 2524
1686 2525
1686 2526
1685 2527
1685 2528
1685 2529
1685 2530
1685 2531
1684 2532
1684 2533
1684 2534
1684 2533
1684 2532
1685 2531
1685 2530
1685 2529
1685 2528
1686 2527
1686 2526
1687 2525
1687 2524
1688 2523
1688 2522
1689 2521
1689 2520
1690 2519
1690 2518
1691 2517
1692 2516
1692 2515
1693 2514
1693 2513
1694 2512
1694 2511
1695 2510
1695 2509
1696 2508
1697 2507
1697 2506
1698 2505
1698 2504
1699 2503
1699 2502
1700 2501
1701 2500
1701 2499
1702 2498
1703 2497
1704 2496
1704 2495
1705 2494
1706 2493
1707 2492
1707 2491
1708 2490
1709 2489
1709 2488
1710 2487
1711 2486
1711 2485
1712 2484
1713 2483
1713 2482
1714 2481
1715 2480
1715 2479
1716 2478
1717 2477
1717 2476
1718 2475
1719 2474
1720 2473
1721 2472
1721 2471
1722 2470
1723 2469
1723 2468
1724 2467
1725 2466
1725 2465
1726 2464
1727 2463
1727 2462
1728 2461
1728 2460
1729 2459
1730 2458
1730 2457
1731 2456
1732 2455
1733 2454
1733 2453
1734 2452
1734 2451
1735 2450
1736 2449
1736 2448
1737 2447
1738 2446
1738 2445
1739 2444
1740 2443
1740 2442
1741 2441
1742 2440
1742 2439
1743 2438
1743 2437
1744 2436
1744 2435
1744 2434
1745 2433
1745 2432
1745 2431
1745 2430
1746 2429
1746 2428
1746 2427
1746 2426
1746 2425
1747 2424
1747 2423
1748 2422
1748 2421
1749 2420
1749 2419
1750 2418
1750 2417
1751 2416
1751 2415
1752 2414
1752 2413
1753 2412
1753 2411
1754 2410
1755 2409
1756 2409
1757 2408
1758 2408
1759 2407
1760 2407
1761 2406
1762 2405
1763 2404
1764 2403
1765 2402
1766 2401
1767 2401
1768 2400
1769 2400
1770 2400
1771 2400
1772 2400
1773 2400
1774 2400
1775 2401
1776 2401
1777 2402
1778 2402
1779 2402
1780 2403
1781 2404
1782 2404
1783 2405
1784 2405
1785 2406
1786 2406
1787 2407
1788 2408
1789 2409
1790 2410
1791 2411
1792 2412
1793 2413
1794 2413
1795 2414
1796 2415
1797 2415
1798 2416
1799 2417
1800 2417
1801 2417
1802 2417
1803 2417
1804 2418
1805 2418
1806 2418
1807 2418
1808 2418
1809 2418
1810 2418
1811 2418
1812 2418
1813 2418
1814 2418
1815 2418
1816 2418
1817 2418
1818 2418
1819 2418
1820 2418
1821 2418
1822 2418
1823 2418
1824 2418
1825 2418
1826 2419
1826 2420
1827 2421
1827 2422
1828 2423
1828 2424
1828 2425
1828 2426
1829 2427
1830 2428
1831 2429
1831 2430
1832 2431
1833 2432
1834 2433
1835 2433
1836 2434
1837 2435
1837 2436
1838 2437
1838 2438
1839 2439
1840 2440
1841 2441
1842 2442
1843 2443
1844 2444
1844 2445
1845 2446
1846 2447
1846 2448
1847 2449
1847 2450
1848 2451
1848 2452
1848 2453
1848 2454
1848 2455
1848 2456
1848 2457
1848 2458
1848 2459
1849 2458
1849 2457
1850 2456
1850 2455
1850 2454
1851 2453
1851 2452
1851 2451
1851 2450
1851 2449
1852 2448
1852 2447
1852 2446
1853 2445
1853 2444
1853 2443
1854 2442
1855 2441
1855 2440
1856 2439
1857 2438
1857 2437
1858 2436
1858 2435
1858 2434
1859 2433
1859 2432
1859 2431
1860 2430
1860 2429
1861 2428
1862 2428
1863 2427
1864 2427
1865 2428
1865 2429
1866 2430
1866 2431
1867 2432
1868 2433
1869 2434
1870 2435
1871 2436
1872 2437
1873 2438
1874 2438
1875 2439
1876 2440
1877 2441
1878 2442
1879 2443
1880 2443
1881 2444
1882 2444
1883 2445
1884 2445
1885 2446
1886 2447
1887 2447
1888 2448
1889 2448
1890 2449
1891 2449
1892 2449
1893 2449
1894 2450
1895 2450
1896 2450
1897 2450
1898 2450
1899 2450
1900 2450
1901 2451
1902 2451
1903 2451
1904 2451
1905 2451
1906 2451
1907 2452
1908 2452
1909 2453
1910 2453
1911 2454
1912 2454
1913 2455
1914 2455
1915 2456
1916 2456
1917 2456
1918 2457
1919 2458
1919 2459
1919 2460
1920 2461
1921 2462
1921 2463
1922 2464
1923 2465
1923 2466
1924 2467
1924 2468
1924 2469
1925 2470
1925 2471
1925 2472
1926 2473
1926 2474
1926 2475
1926 2476
1926 2477
1926 2478
1927 2479
1927 2480
1927 2481
1927 2482
1928 2482
1929 2482
1930 2482
1931 2483
1932 2483
1933 2483
1934 2483
1935 2484
1936 2484
1937 2485
1938 2485
1939 2485
1940 2486
1941 2486
1942 2487
1943 2487
1944 2487
1945 2488
1946 2488
1947 2488
1948 2488
1949 2489
1950 2489
1951 2489
1952 2489
1953 2490
1954 2490
1955 2490
1956 2490
1957 2491
1958 2491
1959 2491
1960 2491
1961 2491
1962 2492
1963 2493
1963 2494
1964 2495
1964 2496
1964 2497
1965 2498
1965 2499
1965 2500
1965 2501
1965 2502
1965 2503
1965 2504
1966 2505
1966 2506
1966 2507
1966 2508
1966 2509
1966 2510
1966 2511
1966 2512
1966 2513
1966 2514
1966 2515
1966 2516
1966 2517
1967 2518
1967 2519
1967 2520
1967 2521
1967 2522
1967 2523
1967 2524
1967 2525
1967 2526
1967 2527
1967 2528
1967 2529
1967 2530
1967 2531
1967 2532
1967 2533
1967 2534
1967 2535
1967 2536
1967 2537
1967 2538
1967 2539
1967 2540
1967 2541
1967 2542
1967 2543
1967 2544
1967 2545
1967 2546
1967 2547
1967 2548
1967 2549
1967 2550
1967 2551
1967 2552
1966 2553
1966 2554
1966 2555
1966 2556
1965 2557
1965 2558
1965 2559
1964 2560
1964 2561
1964 2562
1963 2563
1963 2564
1963 2565
1962 2566
1962 2567
1962 2568
1962 2569
1962 2570
1962 2571
1961 2572
1961 2573
1961 2574
1961 2575
1961 2576
1961 2577
1961 2578
1961 2579
1961 2580
1961 2581
1962 2581
1963 2580
1964 2579
1965 2579
1966 2578
1967 2578
1968 2577
1969 2576
1970 2575
1971 2574
1972 2573
1973 2572
1974 2571
1975 2570
1976 2569
1977 2568
1978 2567
1979 2566
1980 2565
1980 2564
1981 2563
1982 2563
1983 2562
1984 2561
1985 2560
1986 2560
1986 2559
1987 2558
1987 2557
1988 2556
1989 2555
1989 2554
1990 2553
1991 2552
1992 2551
1992 2550
1993 2549
1994 2548
1995 2547
1996 2546
1997 2545
1998 2544
1999 2543
2000 2542
2001 2541
2001 2540
2002 2539
2002 2538
2003 2537
2004 2537
2005 2536
2006 2536
2007 2535
2008 2535
2009 2534
2010 2533
2011 2533
2012 2532
2013 2531
2014 2530
2015 2529
2016 2528
2017 2527
2018 2526
2019 2525
2020 2524
2021 2523
2022 2523
2023 2522
2024 2522
2025 2521
2026 2521
2027 2520
2028 2520
2029 2519
2030 2519
2031 2519
2032 2518
2033 2518
2034 2518
2035 2519
2036 2520
2037 2521
2037 2522
2037 2523
2037 2524
2038 2525
2038 2526
2039 2527
2039 2528
2040 2529
2040 2530
2041 2531
2041 2532
2042 2533
2042 2534
2042 2535
2043 2536
2043 2537
2043 2538
2043 2539
2044 2540
2045 2541
2046 2542
2047 2543
2047 2544
2048 2545
2049 2546
2050 2547
2051 2548
2051 2549
2051 2550
2051 2551
2052 2552
2052 2553
2052 2554
2052 2555
2053 2556
2054 2557
2054 2558
2055 2559
2055 2560
2055 2561
2056 2562
2056 2563
2056 2564
2056 2565
2057 2566
2057 2567
2057 2568
2057 2569
2057 2570
2058 2571
2058 2572
2058 2573
2058 2574
2058 2575
2058 2576
2058 2577
2058 2578
2058 2579
2058 2580
2058 2581
2059 2582
2059 2583
2059 2584
2059 2585
2059 2586
2059 2587
2059 2588
2060 2589
2061 2590
2061 2591
2062 2592
2063 2593
2064 2594
2064 2595
2065 2596
2066 2596
2067 2596
2068 2596
2069 2596
2070 2596
2071 2595
2072 2595
2073 2594
2074 2593
2075 2592
2076 2592
2077 2591
2078 2590
2079 2589
2080 2588
2081 2587
2082 2587
2083 2586
2084 2585
2085 2584
2086 2583
2087 2582
2088 2581
2089 2580
2090 2579
2091 2578
2092 2579
2092 2580
2092 2581
2092 2582
2092 2583
2092 2584
2092 2585
2092 2586
2092 2587
2092 2588
2092 2589
2092 2590
2092 2591
2092 2592
2092 2593
2092 2594
2092 2595
2092 2596
2092 2597
2092 2598
2092 2599
2092 2600
2092 2601
2092 2602
2092 2603
2093 2604
2093 2605
2093 2606
2093 2607
2093 2608
2093 2609
2093 2610
2093 2611
2093 2612
2093 2613
2093 2614
2093 2615
2093 2616
2093 2617
2093 2618
2093 2619
2093 2620
2093 2621
2093 2622
2093 2623
2093 2624
2093 2625
2093 2626
2093 2627
2093 2628
2093 2629
2093 2630
2093 2631
2093 2632
2093 2633
2093 2634
2093 2635
2093 2636
2093 2637
2093 2638
2093 2639
2093 2640
2093 2641
2093 2642
2093 2643
2093 2644
2093 2645
2093 2646
2093 2647
2093 2648
2093 2649
2093 2650
2093 2651
2093 2652
2093 2653
2093 2654
2093 2655
2093 2656
2093 2657
2093 2658
2093 2659
2093 2660
2093 2661
2093 2662
2093 2663
2093 2664
2093 2665
2093 2666
2093 2667
2093 2668
2093 2669
2094 2670
2094 2671
2094 2672
2095 2673
2095 2674
2096 2675
2096 2676
2097 2677
2097 2678
2097 2679
2098 2680
2098 2681
2099 2682
2099 2683
2099 2684
2100 2685
2100 2686
2100 2687
2101 2688
2101 2689
2101 2690
2102 2691
2102 2692
2102 2693
2102 2694
2102 2695
2103 2696
2103 2697
2103 2698
2103 2699
2103 2700
2103 2701
2104 2702
2104 2703
2104 2704
2104 2705
2104 2706
2105 2707
2105 2708
2105 2709
2106 2710
2106 2711
2106 2712
2106 2713
2107 2714
2107 2715
2107 2716
2108 2717
2108 2718
2108 2719
2109 2720
2109 2721
2109 2722
2109 2723
2109 2724
2110 2725
2110 2726
2110 2727
2110 2728
2110 2729
2111 2730
2111 2731
2111 2732
2111 2733
2111 2734
2111 2735
2111 2736
2112 2737
2112 2738
2112 2739
2113 2740
2113 2741
2113 2742
2114 2743
2114 2744
2114 2745
2115 2746
2115 2747
2115 2748
2116 2749
2116 2750
2117 2751
2117 2752
2118 2753
2119 2754
2120 2755
2120 2756
2121 2757
2122 2758
2123 2759
2124 2760
2124 2759
2124 2758
2124 2757
2124 2756
2124 2755
2124 2754
2124 2753
2124 2752
2124 2751
2124 2750
2125 2749
2125 2748
2125 2747
2125 2746
2125 2745
2125 2744
2126 2743
2126 2742
2126 2741
2126 2740
2126 2739
2126 2738
2127 2737
2127 2736
2127 2735
2127 2734
2127 2733
2128 2732
2128 2731
2128 2730
2128 2729
2128 2728
2129 2727
2129 2726
2129 2725
2129 2724
2130 2723
2130 2722
2130 2721
2131 2720
2131 2719
2131 2718
2131 2717
2132 2716
2132 2715
2132 2714
2133 2713
2133 2712
2133 2711
2133 2710
2134 2709
2134 2708
2134 2707
2135 2706
2135 2705
2135 2704
2135 2703
2135 2702
2136 2701
2136 2700
2136 2699
2136 2698
2136 2697
2136 2696
2137 2695
2137 2694
2137 2693
2137 2692
2137 2691
2137 2690
2137 2689
2137 2688
2138 2687
2138 2686
2138 2685
2138 2684
2139 2683
2139 2682
2140 2681
2140 2680
2141 2679
2141 2678
2142 2677
2143 2676
2143 2675
2144 2674
2144 2673
2145 2672
2145 2671
2146 2670
2146 2669
2147 2668
2147 2667
2147 2666
2148 2665
2148 2664
2148 2663
2148 2662
2149 2661
2149 2660
2149 2659
2149 2658
2149 2657
2150 2656
2150 2655
2150 2654
2150 2653
2150 2652
2150 2651
2150 2650
2150 2649
2151 2648
2151 2647
2151 2646
2151 2645
2151 2644
2151 2643
2151 2642
2151 2641
2151 2640
2151 2639
2151 2638
2152 2637
2153 2637
2154 2637
2155 2637
2156 2637
2157 2638
2158 2639
2159 2639
2160 2640
2161 2641
2162 2641
2163 2642
2164 2643
2165 2644
2166 2645
2167 2646
2168 2647
2169 2648
2170 2649
2170 2650
2171 2651
2172 2651
2173 2652
2174 2653
2175 2654
2176 2655
2176 2656
2177 2657
2177 2658
2177 2659
2177 2660
2178 2661
2178 2662
2178 2663
2179 2664
2179 2665
2179 2666
2180 2667
2180 2668
2181 2669
2181 2670
2181 2671
2182 2672
2182 2673
2182 2674
2182 2675
2183 2676
2183 2677
2183 2678
2183 2679
2183 2680
2183 2681
2184 2682
2184 2683
2184 2684
2184 2685
2184 2686
2184 2687
2184 2688
2184 2689
2184 2690
2184 2691
2184 2692
2185 2693
2185 2694
2185 2695
2186 2696
2186 2697
2186 2698
2187 2699
2187 2700
2187 2701
2188 2702
2188 2703
2188 2704
2189 2705
2189 2706
2189 2707
2189 2708
2190 2709
2190 2710
2190 2711
2190 2712
2190 2713
2191 2714
2191 2715
2191 2716
2191 2717
2192 2718
2193 2719
2194 2720
2195 2721
2196 2722
2197 2723
2198 2724
2198 2725
2199 2726
2200 2727
2200 2728
2201 2729
2202 2730
2202 2731
2203 2732
2203 2733
2204 2734
2204 2735
2204 2736
2204 2737
2204 2738
2205 2739
2205 2740
2205 2741
2205 2742
2205 2743
2205 2744
2205 2745
2205 2746
2205 2747
2205 2748
2205 2749
2205 2750
2205 2751
2205 2752
2206 2753
2207 2753
2208 2753
2209 2752
2210 2751
2211 2750
2212 2749
2213 2748
2214 2747
2214 2746
2215 2745
2216 2744
2217 2743
2218 2742
2218 2741
2219 2740
2220 2739
2221 2738
2221 2737
2222 2736
2223 2735
2224 2734
2225 2733
2225 2732
2226 2731
2227 2730
2227 2729
2228 2728
2229 2727
2229 2726
2230 2725
2231 2724
2231 2723
2232 2722
2233 2721
2233 2720
2234 2719
2235 2718
2235 2717
2236 2716
2236 2715
2237 2714
2237 2713
2238 2712
2238 2711
2239 2710
2239 2709
2240 2708
2241 2707
2241 2706
2242 2705
2243 2704
2243 2703
2244 2702
2244 2701
2245 2700
2246 2699
2246 2698
2247 2697
2247 2696
2248 2695
2248 2694
2249 2693
2249 2692
2250 2691
2251 2690
2252 2691
2253 2692
2254 2693
2254 2694
2255 2695
2256 2696
2257 2697
2258 2698
2258 2699
2259 2700
2260 2701
2260 2702
2261 2703
2262 2704
2262 2705
2263 2706
2264 2707
2264 2708
2265 2709
2265 2710
2266 2711
2266 2712
2267 2713
2267 2714
2267 2715
2268 2716
2268 2717
2268 2718
2269 2719
2269 2720
2270 2721
2270 2722
2271 2723
2272 2724
2272 2725
2273 2726
2274 2727
2275 2728
2276 2729
2277 2730
2278 2731
2279 2732
2279 2733
2280 2734
2280 2735
2281 2736
2281 2737
2281 2738
2282 2739
2282 2740
2283 2741
2283 2742
2284 2743
2284 2744
2285 2745
2285 2746
2285 2747
2286 2748
2286 2749
2287 2750
2287 2751
2287 2752
2287 2753
2288 2754
2288 2755
2288 2756
2288 2757
2289 2758
2289 2759
2289 2760
2289 2761
2289 2762
2290 2763
2290 2764
2290 2765
2290 2766
2290 2767
2290 2768
2291 2769
2291 2770
2291 2771
2291 2772
2291 2773
2291 2774
2291 2775
2291 2776
2291 2777
2291 2778
2291 2779
2291 2780
2291 2781
2291 2782
2291 2783
2291 2784
2291 2785
2291 2786
2291 2787
2291 2788
2291 2789
2291 2790
2291 2791
2291 2792
2291 2793
2292 2793
2293 2792
2294 2792
2295 2791
2296 2790
2297 2790
2298 2789
2298 2788
2299 2787
2300 2786
2301 2785
2302 2784
2303 2783
2304 2782
2305 2781
2306 2780
2307 2779
2308 2778
2308 2777
2309 2776
2310 2775
2310 2774
2311 2773
2311 2772
2312 2771
2312 2770
2313 2769
2313 2768
2314 2767
2314 2766
2315 2765
2315 2764
2316 2763
2317 2762
2317 2761
2318 2760
2318 2759
2319 2758
2319 2757
2320 2756
2320 2755
2320 2754
2321 2753
2321 2752
2321 2751
2321 2750
2322 2749
2322 2748
2322 2747
2322 2746
2323 2745
2324 2744
2325 2744
2326 2743
2327 2743
2328 2743
2329 2744
2329 2745
2329 2746
2330 2747
2330 2748
2330 2749
2330 2750
2330 2751
2330 2752
2330 2753
2330 2754
2330 2755
2330 2756
2330 2757
2330 2758
2330 2759
2330 2760
2330 2761
2330 2762
2330 2763
2330 2764
2330 2765
2330 2766
2330 2767
2330 2768
2330 2769
2330 2770
2330 2771
2330 2772
2330 2773
2330 2774
2330 2775
2330 2776
2330 2777
2330 2778
2330 2779
2330 2780
2330 2781
2330 2782
2330 2783
2330 2784
2330 2785
2330 2786
2329 2787
2329 2788
2329 2789
2328 2790
2328 2791
2328 2792
2328 2793
2327 2794
2327 2795
2327 2796
2327 2797
2327 2798
2326 2799
2326 2800
2326 2801
2326 2802
2326 2803
2326 2804
2326 2805
2325 2806
2325 2807
2325 2808
2325 2809
2325 2810
2325 2811
2325 2812
2325 2813
2325 2814
2325 2815
2325 2816
2325 2817
2325 2818
2325 2819
2324 2820
2324 2821
2325 2820
2326 2819
2327 2818
2327 2817
2328 2816
2329 2815
2330 2814
2330 2813
2331 2812
2331 2811
2332 2810
2333 2809
2334 2808
2334 2807
2335 2806
2336 2805
2336 2804
2337 2803
2337 2802
2338 2801
2339 2800
2339 2799
2340 2798
2341 2797
2342 2796
2342 2795
2343 2794
2344 2793
2344 2792
2345 2791
2345 2790
2346 2789
2346 2788
2347 2787
2347 2786
2348 2785
2348 2784
2349 2783
2350 2782
2350 2781
2351 2780
2351 2779
2352 2778
2352 2777
2353 2776
2353 2775
2353 2774
2354 2773
2354 2772
2355 2771
2356 2770
2357 2769
2358 2768
2359 2767
2359 2766
2360 2765
2361 2764
2362 2763
2363 2764
2363 2765
2363 2766
2363 2767
2363 2768
2363 2769
2363 2770
2363 2771
2363 2772
2363 2773
2363 2774
2363 2775
2363 2776
2363 2777
2363 2778
2363 2779
2363 2780
2363 2781
2363 2782
2363 2783
2363 2784
2363 2785
2363 2786
2363 2787
2363 2788
2363 2789
2363 2790
2363 2791
2364 2792
2364 2793
2364 2794
2364 2795
2364 2796
2364 2797
2364 2798
2364 2799
2364 2800
2365 2801
2366 2802
2366 2803
2367 2804
2368 2805
2369 2806
2369 2807
2370 2808
2371 2809
2372 2810
2372 2811
2373 2812
2374 2813
2374 2814
2375 2815
2375 2816
2376 2817
2377 2818
2377 2819
2378 2820
2378 2821
2379 2822
2379 2823
2380 2824
2380 2825
2380 2826
2381 2827
2381 2828
2382 2829
2383 2830
2383 2831
2383 2832
2384 2833
2384 2834
2384 2835
2385 2836
2385 2837
2386 2838
2386 2839
2386 2840
2387 2841
2387 2842
2388 2843
2388 2844
2389 2845
2390 2846
2391 2847
2391 2848
2392 2849
2392 2850
2393 2851
2393 2852
2393 2853
2394 2854
2394 2855
2395 2856
2395 2857
2395 2858
2395 2859
2396 2860
2396 2861
2397 2862
2397 2863
2397 2864
2398 2865
2398 2866
2398 2867
2399 2868
2399 2869
2399 2870
2399 2871
2400 2872
2400 2873
2401 2874
2401 2875
2401 2876
2402 2877
2402 2878
2403 2879
2403 2880
2403 2881
2404 2882
2404 2883
2404 2884
2405 2885
2405 2886
2406 2887
2406 2888
2406 2889
2406 2890
2407 2891
2407 2892
2407 2893
2407 2894
2408 2895
2408 2896
2408 2897
2408 2898
2408 2899
2408 2900
2409 2901
2409 2902
2409 2903
2409 2904
2409 2905
2409 2906
2409 2907
2410 2908
2411 2909
2411 2910
2412 2911
2412 2912
2413 2911
2413 2910
2413 2909
2413 2908
2413 2907
2414 2906
2414 2905
2414 2904
2414 2903
2414 2902
2414 2901
2415 2900
2415 2899
2415 2898
2415 2897
2416 2896
2417 2897
2417 2898
2417 2899
2418 2900
2418 2901
2418 2902
2419 2903
2419 2904
2419 2905
2420 2906
2420 2907
2420 2908
2420 2909
2420 2910
2421 2911
2421 2912
2421 2913
2421 2914
2421 2915
2421 2916
2421 2917
2422 2918
2422 2919
2422 2920
2422 2921
2422 2922
2422 2923
2422 2924
2422 2925
2422 2926
2422 2927
2423 2928
2423 2929
2423 2930
2423 2931
2423 2932
2423 2933
2424 2934
2425 2935
2425 2936
2426 2937
2426 2938
2427 2939
2427 2940
2427 2941
2428 2942
2428 2943
2428 2944
2429 2945
2430 2945
2431 2946
2432 2946
2433 2947
2434 2948
2435 2949
2436 2949
2437 2950
2438 2951
2439 2952
2440 2953
2441 2954
2441 2955
2442 2956
2443 2957
2444 2958
2445 2959
2446 2960
2447 2961
2448 2962
2449 2963
2450 2964
2450 2965
2451 2966
2452 2967
2452 2968
2453 2968
2454 2969
2455 2970
2456 2970
2457 2971
2458 2971
2459 2972
2460 2972
2461 2972
2462 2971
2462 2970
2463 2969
2464 2968
2465 2967
2465 2966
2466 2965
2467 2964
2467 2963
2468 2962
2469 2961
2469 2960
2470 2959
2470 2958
2471 2957
2471 2956
2472 2955
2472 2954
2473 2953
2473 2952
2474 2951
2474 2950
2474 2949
2475 2948
2475 2947
2476 2946
2476 2945
2476 2944
2477 2943
2477 2942
2478 2941
2478 2940
2479 2939
2479 2938
2480 2937
2480 2936
2480 2935
2481 2934
2481 2933
2482 2932
2482 2931
2483 2930
2483 2929
2484 2928
2484 2927
2485 2926
2485 2925
2486 2924
2486 2923
2487 2922
2487 2921
2488 2920
2488 2919
2488 2918
2489 2917
2489 2916
2490 2915
2490 2914
2491 2913
2492 2912
2492 2911
2493 2910
2494 2909
2495 2908
2496 2907
2497 2906
2498 2905
2499 2904
2500 2903
2501 2902
2502 2902
2503 2903
2504 2904
2504 2905
2505 2906
2506 2907
2507 2908
2507 2909
2508 2910
2508 2911
2509 2912
2510 2913
2510 2914
2511 2915
2512 2916
2512 2917
2513 2918
2513 2919
2514 2920
2515 2921
2515 2922
2516 2923
2517 2924
2517 2925
2518 2926
2519 2927
2519 2928
2520 2929
2521 2930
2522 2931
2522 2932
2523 2933
2524 2934
2524 2935
2525 2936
2525 2937
2526 2938
2526 2939
2526 2940
2527 2941
2527 2942
2527 2943
2528 2944
2528 2945
2529 2946
2529 2947
2530 2948
2531 2949
2531 2950
2532 2951
2532 2952
2533 2953
2533 2954
2534 2955
2535 2956
2535 2957
2536 2958
2537 2959
2538 2960
2538 2961
2539 2962
2540 2963
2541 2964
2542 2965
2542 2966
2543 2967
2544 2968
2545 2969
2546 2970
2547 2971
2548 2972
2549 2973
2549 2974
2550 2975
2551 2976
2552 2977
2552 2978
2553 2979
2553 2980
2554 2981
2554 2982
2555 2983
2556 2984
2556 2985
2557 2986
2557 2987
2558 2988
2558 2989
2558 2990
2559 2991
2559 2992
2559 2993
2559 2994
2559 2995
2560 2996
2560 2997
2560 2998
2560 2999
2560 3000
2560 3001
2560 3002
2560 3003
2561 3004
2561 3005
2561 3006
2561 3007
2561 3008
2562 3009
2562 3010
2562 3011
2562 3012
2563 3013
2563 3014
2563 3015
2564 3016
2564 3017
2564 3018
2565 3019
2565 3020
2565 3021
2565 3022
2566 3023
2566 3024
2566 3025
2567 3026
2567 3027
2567 3028
2567 3029
2568 3028
2568 3027
2569 3026
2569 3025
2569 3024
2570 3023
2570 3022
2570 3021
2570 3020
2571 3019
2571 3018
2571 3017
2571 3016
2572 3015
2572 3014
2572 3013
2572 3012
2573 3011
2573 3010
2573 3009
2574 3008
2574 3007
2574 3006
2575 3005
2575 3004
2575 3003
2575 3002
2576 3001
2576 3000
2576 2999
2576 2998
2576 2997
2577 2996
2577 2995
2577 2994
2577 2993
2578 2992
2578 2991
2578 2990
2578 2989
2578 2988
2578 2987
2578 2986
2579 2985
2579 2984
2579 2983
2579 2982
2579 2981
2579 2980
2579 2979
2579 2978
2580 2977
2580 2976
2580 2975
2580 2974
2580 2973
2580 2972
2580 2971
2580 2970
2581 2969
2581 2968
2582 2967
2582 2966
2582 2965
2583 2964
2583 2963
2584 2962
2584 2961
2585 2960
2585 2959
2585 2958
2585 2957
2586 2956
2586 2955
2586 2954
2586 2953
2586 2952
2586 2951
2587 2950
2587 2949
2587 2948
2588 2947
2588 2946
2589 2945
2589 2944
2590 2943
2590 2942
2591 2941
2592 2940
2592 2939
2593 2938
2594 2937
2594 2936
2595 2935
2596 2934
2596 2933
2597 2932
2597 2931
2598 2930
2599 2929
2600 2928
2601 2927
2602 2926
2603 2925
2604 2924
2605 2923
2606 2922
2607 2921
2608 2921
2609 2921
2610 2921
2611 2921
2612 2921
2613 2921
2614 2920
2615 2920
2616 2920
2617 2920
2618 2919
2619 2919
2620 2919
2621 2919
2622 2918
2623 2918
2624 2918
2625 2918
2626 2917
2627 2917
2628 2917
2629 2917
2630 2916
2631 2916
2632 2916
2633 2916
2634 2915
2635 2915
2636 2915
2637 2915
2638 2915
2639 2915
2640 2915
2641 2915
2642 2914
2643 2914
2644 2914
2645 2913
2646 2913
2647 2912
2648 2911
2649 2911
2650 2911
2651 2910
2652 2910
2653 2910
2654 2909
2655 2909
2656 2909
2657 2909
2658 2909
2659 2909
2660 2908
2661 2908
2662 2908
2663 2908
2664 2908
2665 2908
2666 2908
2667 2908
2668 2908
2669 2908
2670 2908
2671 2908
2672 2908
2673 2908
2674 2908
2675 2908
2676 2908
2677 2908
2678 2908
2679 2907
2680 2908
2681 2909
2682 2910
2683 2911
2684 2912
2685 2913
2686 2913
2687 2914
2688 2915
2689 2915
2690 2916
2691 2917
2692 2917
2693 2918
2694 2918
2695 2919
2696 2919
2697 2920
2698 2920
2699 2921
2700 2921
2701 2922
2702 2922
2703 2923
2704 2924
2705 2924
2706 2925
2707 2925
2708 2926
2709 2927
2710 2927
2711 2928
2712 2929
2713 2930
2714 2931
2715 2932
2716 2933
2717 2934
2718 2935
2719 2936
2720 2937
2721 2938
2722 2939
2723 2940
2724 2941
2725 2942
2726 2943
2727 2944
2727 2945
2728 2946
2729 2947
2729 2948
2730 2949
2731 2950
2732 2950
2733 2951
2734 2952
2734 2953
2735 2954
2735 2955
2736 2956
2737 2957
2737 2958
2738 2959
2739 2960
2740 2961
2741 2962
2742 2963
2742 2964
2743 2965
2743 2966
2744 2967
2744 2968
2744 2969
2745 2970
2745 2971
2745 2972
2745 2973
2745 2974
2745 2975
2746 2976
2746 2977
2746 2978
2746 2979
2746 2980
2746 2981
2746 2982
2746 2983
2746 2984
2746 2985
2746 2986
2746 2987
2746 2988
2746 2989
2746 2990
2746 2991
2746 2990
2746 2989
2746 2988
2746 2987
2746 2986
2746 2985
2746 2984
2746 2983
2746 2982
2746 2981
2746 2980
2746 2979
2746 2978
2746 2977
2746 2976
2746 2975
2746 2974
2746 2973
2746 2972
2746 2971
2746 2970
2746 2969
2746 2968
2746 2967
2746 2966
2746 2965
2746 2964
2746 2963
2746 2962
2746 2961
2746 2960
2746 2959
2746 2958
2746 2957
2746 2956
2747 2955
2747 2954
2747 2953
2747 2952
2747 2951
2748 2950
2748 2949
2748 2948
2748 2947
2749 2946
2749 2945
2749 2944
2750 2943
2750 2942
2750 2941
2751 2940
2751 2939
2751 2938
2752 2937
2752 2936
2753 2935
2754 2935
2755 2935
2756 2935
2757 2935
2758 2934
2759 2934
2760 2934
2761 2934
2762 2934
2763 2934
2764 2934
2765 2934
2766 2934
2767 2934
2768 2934
2769 2934
2770 2934
2771 2934
2772 2934
2773 2934
2774 2934
2775 2934
2776 2934
2777 2934
2778 2934
2779 2934
2780 2934
2781 2934
2782 2934
2783 2934
2784 2934
2785 2934
2786 2933
2787 2933
2788 2932
2789 2931
2790 2931
2791 2931
2792 2930
2793 2930
2794 2929
2795 2928
2796 2928
2797 2927
2798 2927
2799 2926
2800 2926
2801 2925
2802 2925
2803 2925
2804 2924
2805 2924
2806 2923
2807 2923
2808 2923
2809 2923
2810 2922
2811 2922
2812 2922
2813 2922
2814 2922
2815 2922
2816 2922
2817 2922
2818 2921
2819 2921
2820 2921
2821 2920
2822 2920
2823 2920
2824 2919
2825 2918
2826 2918
2827 2917
2828 2916
2829 2916
2830 2916
2831 2916
2832 2915
2833 2915
2834 2915
2835 2915
2836 2915
2837 2915
2838 2915
2839 2915
2840 2915
2841 2915
2842 2915
2843 2915
2844 2915
2845 2915
2846 2916
2847 2916
2848 2916
2849 2917
2850 2917
2851 2917
2852 2918
2853 2918
2854 2918
2855 2918
2856 2918
2857 2919
2858 2919
2859 2919
2860 2919
2861 2919
2862 2919
2863 2919
2864 2919
2865 2920
2866 2920
2867 2920
2868 2920
2869 2920
2870 2920
2871 2920
2872 2920
2873 2920
2874 2920
2875 2920
2876 2920
2877 2920
2878 2920
2879 2920
2880 2920
2881 2920
2882 2920
2883 2919
2884 2919
2885 2919
2886 2918
2887 2918
2888 2917
2889 2917
2890 2917
2891 2916
2892 2916
2893 2916
2894 2916
2895 2915
2896 2915
2897 2915
2898 2915
2899 2915
2900 2915
2901 2915
2902 2915
2903 2915
2904 2915
2905 2915
2906 2915
2907 2914
2908 2914
2909 2914
2910 2914
2911 2914
2912 2914
2913 2914
2914 2914
2915 2914
2916 2914
2917 2914
2918 2914
2919 2914
2920 2914
2921 2914
2922 2914
2923 2914
2924 2914
2925 2914
2926 2914
2927 2914
2928 2914
2929 2914
2930 2914
2931 2914
2932 2914
2933 2914
2934 2914
2935 2914
2936 2914
2937 2914
2938 2914
2939 2914
2940 2914
2941 2914
2942 2914
2943 2914
2944 2914
2945 2914
2946 2914
2947 2914
2948 2914
2949 2914
2950 2914
2951 2914
2952 2914
2953 2914
2954 2915
2955 2915
2956 2916
2957 2916
2958 2917
2959 2918
2960 2919
2960 2920
2961 2921
2961 2922
2962 2922
2963 2923
2964 2924
2965 2924
2966 2924
2967 2925
2968 2925
2969 2925
2970 2925
2971 2926
2972 2926
2973 2927
2974 2927
2975 2928
2976 2929
2977 2929
2978 2930
2979 2930
2980 2930
2981 2931
2982 2931
2983 2931
2984 2931
2985 2932
2986 2932
2987 2932
2988 2932
2989 2932
2990 2932
2991 2933
2992 2933
2993 2933
2994 2934
2995 2934
2996 2934
2997 2935
2998 2935
2999 2935
3000 2936
3001 2936
3002 2936
3003 2937
3004 2937
3005 2937
3006 2937
3007 2938
3008 2938
3009 2938
3010 2938
3011 2939
3012 2939
3013 2939
3014 2939
3015 2939
3016 2940
3017 2940
3018 2941
3019 2941
3020 2942
3021 2943
3022 2944
3023 2945
3024 2945
3025 2946
3026 2947
3027 2948
3028 2948
3029 2949
3030 2949
3031 2950
3032 2950
3033 2951
3034 2952
3035 2953
3036 2953
3037 2954
3038 2955
3039 2956
3040 2957
3041 2958
3041 2959
3042 2960
3043 2961
3044 2962
3045 2963
3046 2963
3047 2964
3048 2965
3049 2966
3050 2967
3051 2968
3052 2969
3053 2970
3053 2971
3054 2972
3055 2973
3056 2974
3057 2975
3057 2976
3058 2977
3059 2978
3059 2979
3060 2980
3061 2981
3061 2982
3062 2983
3063 2984
3064 2985
3064 2986
3065 2987
3066 2988
3066 2989
3067 2990
3067 2991
3068 2992
3068 2993
3068 2994
3069 2995
3070 2996
3070 2997
3071 2998
3071 2999
3072 3000
3072 3001
3073 3002
3073 3003
3073 3004
3074 3005
3074 3006
3075 3007
3075 3008
3076 3009
3076 3010
3076 3011
3077 3012
3077 3013
3078 3014
3078 3015
3078 3016
3079 3017
3079 3018
3079 3019
3080 3020
3080 3021
3080 3022
3080 3023
3080 3024
3081 3025
3081 3026
3081 3027
3081 3028
3081 3029
3082 3030
3082 3031
3082 3032
3082 3033
3082 3034
3083 3035
3083 3036
3083 3037
3083 3038
3083 3039
3083 3040
3083 3041
3083 3042
3083 3043
3083 3044
3083 3045
3083 3046
3083 3047
3083 3048
3083 3049
3083 3050
3083 3051
3083 3052
3083 3053
3083 3054
3083 3055
3083 3056
3084 3056
3085 3055
3086 3054
3086 3053
3087 3052
3088 3051
3088 3050
3089 3049
3089 3048
3090 3047
3090 3046
3091 3045
3092 3044
3092 3043
3093 3042
3093 3041
3094 3040
3095 3039
3095 3038
3096 3037
3096 3036
3097 3035
3097 3034
3097 3033
3098 3032
3099 3031
3099 3030
3100 3029
3100 3028
3101 3027
3101 3026
3102 3025
3103 3024
3103 3023
3104 3022
3105 3021
3105 3020
3106 3019
3107 3018
3108 3018
3109 3017
3110 3017
3111 3016
3112 3015
3113 3014
3113 3013
3113 3012
3114 3011
3114 3010
3115 3009
3115 3008
3116 3007
3117 3006
3117 3005
3118 3004
3118 3003
3119 3002
3120 3001
3120 3000
3121 2999
3122 2998
3123 2997
3124 2996
3124 2995
3125 2994
3125 2993
3126 2992
3127 2991
3128 2990
3129 2989
3129 2988
3130 2987
3131 2986
3132 2985
3133 2984
3134 2983
3135 2982
3136 2982
3137 2982
3138 2982
3139 2981
3140 2981
3141 2981
3142 2981
3143 2981
3144 2981
3145 2981
3146 2981
3147 2981
3148 2981
3149 2981
3150 2980
3151 2980
3152 2980
3153 2980
3154 2979
3155 2979
3156 2979
3157 2978
3158 2978
3159 2977
3160 2977
3161 2977
3162 2977
3163 2976
3164 2976
3165 2975
3166 2975
3167 2974
3168 2974
3169 2973
3170 2972
3171 2972
3172 2971
3173 2971
3174 2970
3175 2970
3176 2969
3177 2969
3178 2968
3179 2967
3180 2967
3181 2966
3182 2966
3183 2965
3184 2965
3185 2964
3186 2964
3187 2963
3188 2963
3189 2962
3190 2961
3191 2961
3192 2960
3193 2960
3194 2959
3195 2959
3196 2959
3197 2958
3198 2958
3199 2957
3200 2957
3201 2957
3202 2956
3203 2956
3204 2955
3205 2955
3206 2955
3207 2955
3208 2955
3209 2955
3210 2954
3211 2954
3212 2954
3213 2954
3214 2954
3215 2954
3216 2954
3217 2954
3218 2955
3219 2955
3220 2955
3221 2956
3222 2957
3223 2957
3224 2957
3225 2958
3226 2958
3227 2958
3228 2959
3229 2960
3230 2961
3231 2962
3232 2963
3233 2964
3234 2965
3235 2966
3236 2967
3237 2968
3238 2969
3239 2970
3240 2971
3241 2972
3242 2973
3243 2973
3244 2974
3245 2975
3246 2975
3247 2976
3248 2977
3249 2977
3250 2978
3251 2979
3252 2980
3253 2980
3254 2981
3255 2981
3256 2982
3257 2982
3258 2982
3259 2983
3260 2983
3261 2984
3262 2984
3263 2985
3264 2985
3265 2986
3266 2986
3267 2987
3268 2988
3269 2988
3270 2989
3271 2989
3272 2990
3273 2990
3274 2990
3275 2991
3276 2991
3277 2991
3278 2991
3279 2992
3280 2993
3281 2993
3282 2994
3283 2995
3283 2996
3284 2997
3285 2998
3286 2999
3286 3000
3287 3000
3288 3001
3289 3002
3290 3003
3291 3004
3292 3005
3293 3006
3294 3007
3295 3007
3296 3008
3297 3008
3298 3009
3299 3010
3300 3010
3301 3011
3302 3011
3303 3012
3304 3013
3305 3014
3306 3014
3307 3015
3308 3016
3309 3017
3310 3017
3311 3018
3312 3018
3313 3019
3314 3020
3315 3020
3316 3021
3317 3022
3318 3023
3319 3023
3320 3024
3321 3025
3322 3026
3322 3027
3323 3028
3324 3029
3325 3030
3325 3031
3326 3032
3327 3033
3328 3034
3329 3035
3330 3036
3331 3037
3332 3038
3333 3039
3334 3040
3335 3041
3336 3042
3337 3043
3337 3044
3338 3045
3338 3046
3339 3047
3339 3048
3340 3049
3340 3050
3340 3049
3340 3048
3340 3047
3340 3046
3340 3045
3340 3044
3340 3043
3340 3042
3340 3041
3340 3040
3340 3039
3340 3038
3340 3037
3340 3036
3340 3035
3340 3034
3340 3033
3340 3032
3340 3031
3340 3030
3340 3029
3340 3028
3340 3027
3340 3026
3340 3025
3340 3024
3340 3023
3340 3022
3340 3021
3340 3020
3340 3019
3340 3018
3340 3017
3340 3016
3340 3015
3340 3014
3340 3013
3340 3012
3340 3011
3340 3010
3340 3009
3340 3008
3340 3007
3340 3006
3339 3005
3339 3004
3338 3003
3338 3002
3337 3001
3336 3000
3336 2999
3335 2998
3334 2997
3333 2996
3332 2995
3331 2994
3330 2993
3329 2992
3328 2991
3327 2990
3326 2989
3326 2988
3325 2987
3324 2986
3323 2985
3323 2984
3322 2983
3321 2982
3321 2981
3320 2980
3320 2979
3319 2978
3318 2977
3318 2976
3317 2975
3316 2974
3316 2973
3315 2972
3315 2971
3314 2970
3314 2969
3313 2968
3313 2967
3312 2966
3311 2965
3311 2964
3310 2963
3309 2962
3308 2961
3307 2960
3306 2959
3305 2958
3304 2957
3304 2956
3304 2955
3303 2954
3303 2953
3302 2952
3302 2951
3302 2950
3302 2949
3302 2948
3303 2947
3304 2946
3305 2945
3306 2945
3307 2945
3308 2944
3309 2944
3310 2944
3311 2944
3312 2944
3313 2944
3314 2944
3315 2944
3316 2944
3317 2945
3318 2945
3319 2945
3320 2945
3321 2945
3322 2945
3323 2945
3324 2945
3325 2946
3326 2946
3327 2946
3328 2946
3329 2946
3330 2946
3331 2946
3332 2946
3333 2946
3334 2946
3335 2946
3336 2946
3337 2946
3338 2946
3339 2946
3340 2946
3341 2947
3342 2947
3343 2947
3344 2947
3345 2947
3346 2947
3347 2947
3348 2947
3349 2947
3350 2947
3351 2947
3352 2947
3353 2947
3354 2947
3355 2947
3356 2947
3357 2947
3358 2947
3359 2948
3360 2948
3361 2948
3362 2948
3363 2949
3364 2949
3365 2950
3366 2950
3367 2951
3368 2951
3369 2951
3370 2951
3371 2952
3372 2952
3373 2952
3374 2952
3375 2952
3376 2952
3377 2952
3378 2953
3379 2953
3380 2953
3381 2953
3382 2953
3383 2953
3384 2953
3385 2953
3386 2953
3387 2953
3388 2953
3389 2953
3390 2953
3391 2953
3392 2953
3393 2953
3394 2953
3395 2953
3396 2953
3397 2953
3398 2953
3399 2953
3400 2953
3401 2953
3402 2953
3403 2953
3404 2953
3405 2953
3406 2953
3407 2953
3408 2953
3409 2953
3410 2953
3411 2953
3412 2953
3413 2953
3414 2953
3415 2953
3416 2954
3417 2954
3418 2954
3419 2954
3420 2954
3421 2954
3422 2954
3423 2954
3424 2954
3425 2954
3426 2954
3427 2954
3428 2954
3429 2954
3430 2954
3431 2954
3432 2954
3433 2954
3434 2954
3435 2954
3436 2954
3437 2954
3438 2954
3439 2954
3440 2954
3441 2954
3442 2954
3443 2954
3444 2954
3445 2954
3446 2954
3447 2954
3448 2954
3449 2954
3450 2954
3451 2954
3452 2955
3453 2955
3454 2955
3455 2956
3456 2956
3457 2957
3458 2957
3459 2957
3460 2958
3461 2958
3462 2958
3463 2958
3464 2958
3465 2958
3466 2959
3467 2959
3468 2959
3469 2959
3470 2959
3471 2959
3472 2959
3473 2959
3474 2959
3475 2959
3476 2960
3477 2960
3478 2960
3479 2960
3480 2960
3481 2960
3482 2960
3483 2960
3484 2960
3485 2960
3486 2960
3487 2960
3488 2960
3489 2959
3490 2958
3490 2957
3491 2956
3492 2955
3493 2955
3494 2955
3495 2955
3496 2954
3497 2954
3498 2954
3499 2954
3500 2953
3501 2953
3502 2952
3503 2952
3504 2951
3505 2951
3506 2950
3507 2950
3508 2949
3509 2949
3510 2949
3511 2948
3512 2947
3513 2946
3514 2946
3515 2945
3516 2944
3517 2944
3518 2944
3519 2943
3520 2943
3521 2943
3522 2943
3523 2943
3524 2942
3525 2942
3526 2941
3527 2941
3528 2940
3529 2940
3530 2939
3531 2938
3532 2938
3533 2937
3534 2937
3535 2936
3536 2935
3537 2934
3538 2933
3539 2933
3540 2932
3541 2931
3542 2931
3543 2930
3544 2930
3545 2930
3546 2929
3547 2929
3548 2928
3549 2927
3550 2927
3551 2926
3552 2925
3553 2925
3554 2924
3555 2924
3556 2923
3557 2923
3558 2922
3559 2922
3560 2921
3561 2921
3562 2920
3563 2919
3564 2919
3564 2918
3565 2917
3566 2916
3567 2915
3568 2914
3569 2913
3570 2913
3571 2912
3572 2911
3573 2911
3574 2910
3575 2909
3576 2908
3577 2908
3578 2907
3579 2906
3580 2905
3581 2904
3582 2903
3583 2902
3584 2901
3585 2900
3586 2899
3587 2898
3587 2897
3588 2896
3588 2895
3588 2894
3589 2893
3589 2892
3590 2891
3591 2890
3591 2889
3592 2888
3593 2887
3593 2886
3594 2885
3595 2884
3595 2883
3596 2882
3597 2881
3598 2880
3599 2879
3599 2878
3600 2877
3600 2876
3601 2875
3602 2874
3602 2873
3603 2872
3604 2871
3604 2870
3605 2869
3605 2868
3606 2867
3607 2866
3607 2865
3608 2864
3609 2863
3610 2862
3611 2861
3612 2860
3613 2859
3614 2858
3615 2857
3616 2856
3617 2855
3618 2855
3619 2854
3619 2853
3620 2852
3621 2851
3622 2850
3623 2849
3624 2848
3625 2847
3626 2846
3626 2845
3627 2844
3628 2843
3629 2842
3630 2841
3631 2840
3632 2839
3633 2838
3633 2837
3634 2836
3634 2835
3635 2834
3636 2834
3637 2833
3638 2832
3639 2832
3640 2831
3640 2830
3641 2829
3642 2828
3643 2827
3644 2827
3645 2826
3645 2825
3646 2824
3646 2823
3647 2822
3648 2821
3648 2820
3649 2819
3650 2818
3651 2818
3652 2817
3652 2816
3653 2815
3653 2814
3654 2813
3654 2812
3655 2811
3656 2810
3657 2809
3658 2808
3659 2807
3660 2806
3661 2805
3662 2804
3663 2803
3664 2802
3665 2801
3666 2800
3667 2799
3667 2798
3668 2797
3669 2796
3670 2795
3670 2794
3671 2793
3672 2792
3672 2791
3673 2790
3673 2789
3674 2788
3674 2787
3674 2786
3675 2785
3675 2784
3676 2783
3676 2782
3677 2781
3677 2780
3678 2779
3678 2778
3679 2777
3680 2776
3681 2775
3681 2774
3682 2773
3683 2772
3684 2771
3684 2770
3685 2769
3686 2768
3686 2767
3687 2766
3687 2765
3687 2764
3688 2763
3688 2762
3689 2761
3689 2760
3690 2759
3691 2758
3692 2757
3693 2756
3694 2755
3695 2754
3696 2753
3697 2752
3697 2751
3698 2750
3698 2749
3699 2748
3700 2747
3700 2746
3701 2745
3702 2744
3703 2743
3703 2742
3704 2741
3704 2740
3705 2739
3706 2738
3707 2737
3708 2736
3709 2735
3709 2734
3710 2733
3711 2732
3711 2731
3712 2730
3712 2729
3713 2728
3713 2727
3714 2726
3715 2725
3716 2724
3717 2723
3718 2722
3719 2721
3720 2720
3721 2719
3722 2718
3723 2717
3724 2716
3724 2715
3725 2714
3725 2713
3726 2712
3726 2711
3727 2710
3727 2709
3727 2708
3728 2707
3728 2706
3729 2705
3730 2704
3730 2703
3731 2702
3731 2701
3732 2700
3732 2699
3733 2698
3733 2697
3733 2696
3734 2695
3734 2694
3734 2693
3734 2692
3735 2691
3735 2690
3735 2689
3735 2688
3735 2687
3736 2686
3736 2685
3737 2684
3737 2683
3737 2682
3738 2681
3738 2680
3739 2679
3739 2678
3740 2677
3740 2676
3740 2675
3740 2674
3741 2673
3741 2672
3741 2671
3741 2670
3741 2669
3741 2668
3742 2667
3742 2666
3742 2665
3742 2664
3742 2663
3742 2662
3742 2661
3742 2660
3742 2659
3742 2658
3742 2657
3742 2656
3743 2655
3743 2654
3743 2653
3743 2652
3743 2651
3743 2650
3744 2649
3744 2648
3744 2647
3744 2646
3745 2645
3745 2644
3745 2643
3746 2642
3746 2641
3746 2640
3746 2639
3747 2638
3747 2637
3748 2636
3748 2635
3748 2634
3749 2633
3749 2632
3750 2631
3750 2630
3750 2629
3750 2628
3751 2627
3751 2626
3751 2625
3752 2624
3752 2623
3752 2622
3752 2621
3753 2620
3753 2619
3753 2618
3753 2617
3753 2616
3753 2615
3754 2614
3754 2613
3754 2612
3754 2611
3754 2610
3754 2609
3754 2608
3755 2607
3755 2606
3755 2605
3755 2604
3755 2603
3755 2602
3756 2601
3756 2600
3757 2599
3757 2598
3757 2597
3758 2596
3758 2595
3758 2594
3759 2593
3759 2592
3759 2591
3760 2590
3760 2589
3760 2588
3760 2587
3760 2586
3761 2585
3761 2584
3761 2583
3761 2582
3761 2581
3762 2580
3762 2579
3762 2578
3762 2577
3762 2576
3762 2575
3762 2574
3762 2573
3762 2572
3762 2571
3762 2570
3762 2569
3763 2568
3763 2567
3763 2566
3763 2565
3763 2564
3763 2563
3763 2562
3763 2561
3763 2560
3763 2559
3763 2558
3763 2557
3763 2556
3763 2555
3763 2554
3763 2553
3763 2552
3763 2551
3763 2550
3763 2549
3763 2548
3763 2547
3763 2546
3763 2545
3763 2544
3763 2543
3763 2542
3763 2541
3763 2540
3763 2539
3763 2538
3763 2537
3763 2536
3763 2535
3763 2534
3763 2533
3763 2532
3763 2531
3763 2530
3763 2529
3763 2528
3763 2527
3763 2526
3763 2525
3763 2524
3763 2523
3763 2522
3762 2521
3762 2520
3762 2519
3762 2518
3762 2517
3762 2516
3761 2515
3761 2514
3761 2513
3761 2512
3760 2511
3760 2510
3760 2509
3760 2508
3759 2507
3759 2506
3759 2505
3758 2504
3758 2503
3758 2502
3757 2501
3757 2500
3756 2499
3756 2498
3756 2497
3755 2496
3755 2495
3754 2494
3754 2493
3754 2492
3753 2491
3753 2490
3752 2489
3752 2488
3751 2487
3750 2486
3750 2485
3749 2484
3749 2483
3748 2482
3747 2481
3747 2480
3746 2479
3745 2478
3745 2477
3744 2476
3743 2475
3743 2474
3742 2473
3742 2472
3741 2471
3741 2470
3740 2469
3739 2468
3738 2467
3737 2466
3736 2465
3735 2464
3734 2463
3733 2462
3732 2461
3731 2460
3730 2459
3729 2458
3728 2457
3727 2456
3726 2455
3725 2454
3724 2453
3723 2452
3722 2451
3721 2450
3720 2449
3719 2448
3718 2447
3718 2446
3717 2445
3716 2444
3715 2444
3714 2443
3713 2442
3712 2441
3711 2441
3710 2440
3709 2439
3708 2439
3707 2438
3706 2437
3705 2437
3704 2436
3703 2435
3702 2434
3701 2434
3700 2433
3699 2432
3698 2432
3697 2431
3696 2431
3695 2430
3694 2430
3693 2429
3692 2429
3691 2428
3690 2428
3689 2427
3688 2426
3687 2426
3686 2425
3685 2425
3684 2424
3683 2424
3682 2423
3681 2423
3680 2422
3679 2422
3678 2421
3677 2421
3676 2420
3675 2420
3674 2419
3673 2419
3672 2418
3671 2418
3670 2417
3669 2416
3668 2415
3667 2414
3666 2413
3665 2413
3664 2412
3663 2412
3662 2411
3661 2411
3660 2410
3659 2410
3658 2410
3657 2409
3656 2409
3655 2409
3654 2409
3653 2408
3652 2408
3651 2407
3650 2406
3649 2406
3648 2405
3647 2405
3646 2404
3645 2403
3644 2403
3643 2402
3642 2401
3641 2400
3640 2400
3639 2399
3639 2398
3638 2397
3637 2396
3636 2395
3635 2394
3634 2393
3633 2392
3632 2392
3631 2391
3630 2390
3629 2389
3628 2388
3627 2387
3626 2386
3625 2386
3624 2385
3623 2385
3622 2384
3621 2384
3620 2383
3619 2383
3618 2382
3617 2381
3616 2380
3615 2379
3614 2378
3614 2377
3613 2376
3612 2376
3611 2375
3610 2374
3609 2373
3608 2372
3607 2372
3606 2371
3605 2371
3604 2370
3604 2369
3603 2368
3602 2367
3602 2366
3601 2365
3601 2364
3600 2363
3599 2362
3599 2361
3599 2360
3599 2359
3599 2358
3599 2357
3599 2356
3599 2355
3600 2354
3600 2353
3600 2352
3601 2351
3601 2350
3602 2349
3602 2348
3603 2347
3603 2346
3604 2345
3605 2344
3605 2343
3606 2342
3607 2341
3607 2340
3608 2339
3609 2338
3610 2337
3610 2336
3611 2335
3612 2334
3613 2333
3614 2332
3615 2331
3615 2330
3616 2329
3617 2328
3617 2327
3618 2326
3619 2325
3619 2324
3620 2323
3620 2322
3621 2321
3621 2320
3622 2319
3623 2318
3624 2317
3624 2316
3625 2315
3626 2314
3626 2313
3627 2312
3627 2311
3628 2310
3629 2309
3629 2308
3630 2307
3631 2306
3632 2305
3633 2304
3633 2303
3634 2302
3634 2301
3635 2300
3636 2299
3637 2298
3638 2297
3639 2296
3639 2295
3640 2294
3641 2293
3642 2292
3643 2291
3644 2291
3645 2290
3646 2290
3647 2290
3648 2289
3649 2289
3650 2289
3651 2289
3652 2289
3653 2288
3654 2288
3655 2288
3656 2288
3657 2288
3658 2288
3659 2287
3660 2287
3661 2287
3662 2287
3663 2286
3664 2286
3665 2285
3666 2284
3667 2284
3668 2283
3669 2283
3670 2283
3671 2283
3672 2282
3673 2282
3674 2282
3675 2282
3676 2282
3677 2281
3678 2281
3679 2281
3680 2281
3681 2281
3682 2281
3683 2281
3684 2281
3685 2281
3686 2280
3687 2280
3688 2280
3689 2280
3690 2280
3691 2280
3692 2280
3693 2280
3694 2279
3695 2279
3696 2279
3697 2279
3698 2278
3699 2278
3700 2277
3701 2277
3702 2277
3703 2276
3704 2276
3705 2276
3706 2275
3707 2275
3708 2275
3709 2275
3710 2275
3711 2275
3712 2274
3713 2274
3714 2274
3715 2274
3716 2274
3717 2274
3718 2274
3719 2274
3720 2274
3721 2274
3722 2274
3723 2274
3724 2274
3725 2274
3726 2274
3727 2273
3728 2273
3729 2273
3730 2272
3731 2272
3732 2271
3733 2270
3734 2270
3735 2269
3736 2268
3737 2268
3738 2267
3739 2266
3740 2266
3741 2265
3742 2264
3743 2264
3744 2263
3745 2263
3746 2263
3747 2262
3748 2262
3749 2261
3750 2261
3751 2260
3752 2260
3753 2259
3754 2259
3755 2258
3756 2258
3757 2257
3758 2257
3759 2256
3760 2256
3761 2255
3762 2254
3763 2253
3764 2252
3765 2251
3766 2250
3767 2249
3768 2249
3769 2248
3770 2247
3771 2246
3772 2245
3773 2244
3774 2243
3775 2242
3776 2241
3777 2241
3778 2240
3779 2239
3780 2239
3781 2238
3782 2238
3783 2237
3784 2236
3785 2236
3786 2235
3787 2234
3788 2233
3789 2232
3789 2231
3790 2230
3791 2229
3792 2228
3793 2227
3794 2226
3794 2225
3795 2224
3796 2223
3796 2222
3797 2221
3797 2220
3798 2219
3798 2218
3798 2217
3799 2216
3799 2215
3800 2214
3800 2213
3801 2212
3802 2211
3803 2210
3804 2209
3805 2208
3806 2207
3807 2206
3808 2205
3809 2204
3810 2203
3811 2202
3811 2201
3812 2200
3812 2199
3813 2198
3813 2197
3814 2196
3814 2195
3815 2194
3815 2193
3816 2192
3817 2191
3817 2190
3818 2189
3818 2188
3819 2187
3819 2186
3819 2185
3819 2184
3820 2183
3820 2182
3820 2181
3820 2180
3821 2179
3821 2178
3821 2177
3821 2176
3821 2175
3821 2174
3821 2173
3821 2172
3821 2171
3821 2170
3822 2169
3822 2168
3822 2167
3822 2166
3822 2165
3822 2164
3823 2163
3823 2162
3823 2161
3824 2160
3824 2159
3824 2158
3825 2157
3825 2156
3825 2155
3825 2154
3826 2153
3826 2152
3826 2151
3826 2150
3826 2149
3826 2148
3827 2147
3827 2146
3827 2145
3827 2144
3827 2143
3827 2142
3827 2141
3828 2140
3828 2139
3828 2138
3828 2137
3828 2136
3828 2135
3828 2134
3828 2133
3828 2132
3828 2131
3828 2130
3828 2129
3828 2128
3829 2127
3829 2126
3829 2125
3829 2124
3829 2123
3829 2122
3829 2121
3829 2120
3829 2119
3829 2118
3829 2117
3829 2116
3829 2115
3829 2114
3829 2113
3829 2112
3829 2111
3829 2110
3829 2109
3829 2108
3829 2107
3829 2106
3829 2105
3829 2104
3829 2103
3829 2102
3829 2101
3829 2100
3829 2099
3829 2098
3829 2097
3829 2096
3829 2095
3829 2094
3829 2093
3829 2092
3829 2091
3829 2090
3829 2089
3829 2088
3829 2087
3829 2086
3829 2085
3829 2084
3829 2083
3829 2082
3829 2081
3829 2080
3829 2079
3829 2078
3829 2077
3829 2076
3829 2075
3829 2074
3829 2073
3829 2072
3829 2071
3829 2070
3829 2069
3829 2068
3829 2067
3829 2066
3829 2065
3829 2064
3829 2063
3829 2062
3829 2061
3829 2060
3829 2059
3829 2058
3829 2057
3829 2056
3829 2055
3829 2054
3828 2053
3828 2052
3828 2051
3827 2050
3827 2049
3827 2048
3826 2047
3826 2046
3826 2045
3825 2044
3825 2043
3825 2042
3825 2041
3825 2040
3824 2039
3824 2038
3824 2037
3824 2036
3823 2035
3822 2034
3822 2033
3821 2032
3820 2031
3820 2030
3819 2029
3818 2028
3818 2027
3817 2026
3817 2025
3816 2024
3816 2023
3815 2022
3815 2021
3814 2020
3814 2019
3814 2018
3813 2017
3813 2016
3813 2015
3813 2014
3812 2013
3812 2012
3812 2011
3812 2010
3812 2009
3811 2008
3811 2007
3811 2006
3811 2005
3811 2004
3810 2003
3810 2002
3809 2001
3809 2000
3808 1999
3807 1998
3807 1997
3806 1996
3806 1995
3805 1994
3804 1993
3804 1992
3803 1991
3802 1990
3802 1989
3801 1988
3801 1987
3800 1986
3799 1985
3798 1984
3797 1983
3796 1982
3796 1981
3795 1980
3794 1979
3793 1978
3792 1977
3791 1976
3791 1975
3790 1974
3789 1973
3788 1972
3787 1971
3786 1970
3786 1969
3785 1968
3784 1967
3783 1966
3783 1965
3782 1964
3782 1963
3781 1962
3781 1961
3780 1960
3780 1959
3779 1958
3778 1957
3778 1956
3777 1955
3777 1954
3776 1953
3775 1952
3775 1951
3774 1950
3774 1949
3773 1948
3773 1947
3772 1946
3771 1945
3771 1944
3770 1943
3770 1942
3770 1941
3769 1940
3769 1939
3768 1938
3768 1937
3767 1936
3766 1935
3765 1934
3764 1933
3763 1932
3762 1931
3762 1930
3761 1929
3760 1928
3759 1927
3758 1926
3757 1925
3756 1924
3755 1923
3754 1923
3753 1922
3753 1921
3752 1920
3751 1919
3751 1918
3750 1917
3749 1916
3748 1915
3748 1914
3747 1913
3746 1912
3745 1911
3744 1910
3743 1909
3742 1908
3741 1907
3740 1906
3739 1905
3738 1905
3737 1904
3736 1903
3735 1902
3734 1901
3733 1900
3732 1899
3731 1898
3730 1897
3730 1896
3729 1895
3728 1894
3728 1893
3727 1892
3726 1891
3725 1890
3725 1889
3724 1888
3723 1887
3723 1886
3722 1885
3721 1884
3720 1883
3720 1882
3719 1881
3718 1880
3717 1879
3716 1878
3715 1877
3714 1876
3713 1876
3712 1875
3711 1874
3710 1874
3709 1873
3708 1872
3707 1872
3706 1871
3705 1871
3704 1870
3703 1870
3702 1869
3701 1869
3700 1869
3699 1868
3698 1868
3697 1868
3696 1868
3695 1867
3694 1867
3693 1867
3692 1867
3691 1866
3690 1866
3689 1866
3688 1866
3687 1866
3686 1866
3685 1866
3684 1866
3683 1866
3682 1865
3681 1865
3680 1865
3679 1865
3678 1865
3677 1865
3676 1865
3675 1865
3674 1865
3673 1865
3672 1865
3671 1865
3670 1865
3669 1865
3668 1865
3667 1865
3666 1865
3665 1865
3664 1865
3663 1865
3662 1865
3661 1865
3660 1865
3659 1865
3658 1865
3657 1865
3656 1865
3655 1865
3654 1865
3653 1865
3652 1865
3651 1865
3650 1865
3649 1865
3648 1865
3647 1865
3646 1865
3645 1865
3644 1865
3643 1865
3642 1865
3641 1865
3640 1865
3639 1865
3638 1865
3637 1864
3637 1863
3638 1862
3639 1862
3640 1862
3641 1862
3642 1861
3643 1861
3644 1861
3645 1861
3646 1860
3647 1860
3648 1860
3649 1860
3650 1860
3651 1859
3652 1859
3653 1859
3654 1859
3655 1858
3656 1858
3657 1858
3658 1858
3659 1858
3660 1857
3661 1857
3662 1857
3663 1857
3664 1856
3665 1856
3666 1856
3667 1856
3668 1856
3669 1855
3670 1855
3671 1855
3672 1855
3673 1854
3674 1854
3675 1854
3676 1854
3677 1854
3678 1853
3679 1853
3680 1853
3681 1853
3682 1852
3683 1852
3684 1852
3685 1852
3686 1852
3687 1851
3688 1851
3689 1851
3688 1851
3687 1851
3686 1851
3685 1851
3684 1851
3683 1851
3682 1851
3681 1851
3680 1851
3679 1851
3678 1851
3677 1851
3676 1851
3675 1851
3674 1851
3673 1851
3672 1851
3671 1851
3670 1851
3669 1851
3668 1851
3667 1851
3666 1851
3665 1851
3664 1851
3663 1851
3662 1851
3661 1851
3660 1851
3659 1851
3658 1851
3657 1851
3656 1851
3655 1851
3654 1851
3653 1851
3652 1851
3651 1851
3650 1852
3649 1853
3648 1854
3647 1854
3646 1855
3645 1855
3644 1855
3643 1856
3642 1857
3641 1858
3640 1859
3639 1859
3638 1860
3637 1861
3636 1862
3635 1863
3634 1863
3633 1864
3632 1864
3631 1865
3630 1866
3629 1866
3628 1867
3627 1867
3626 1868
3625 1868
3624 1869
3623 1870
3622 1870
3621 1871
3620 1872
3619 1872
3618 1873
3617 1874
3616 1875
3615 1875
3614 1875
3613 1876
3612 1876
3611 1876
3610 1877
3610 1878
3609 1879
3608 1880
3607 1881
3606 1882
3605 1883
3604 1884
3603 1885
3602 1886
3602 1887
3601 1888
3600 1888
3599 1889
3598 1889
3597 1890
3596 1890
3595 1891
3594 1892
3593 1892
3592 1893
3591 1894
3590 1894
3590 1895
3589 1896
3588 1897
3587 1898
3586 1899
3585 1899
3584 1900
3584 1901
3583 1902
3583 1903
3582 1904
3581 1905
3581 1906
3580 1907
3579 1908
3578 1909
3578 1910
3577 1911
3576 1912
3575 1913
3574 1914
3573 1915
3573 1916
3572 1917
3571 1917
3570 1918
3569 1919
3568 1919
3567 1920
3566 1921
3565 1922
3564 1923
3563 1924
3563 1925
3562 1926
3561 1927
3561 1928
3560 1929
3559 1930
3558 1931
3557 1932
3557 1933
3556 1934
3555 1935
3555 1936
3554 1937
3553 1938
3552 1939
3552 1940
3551 1941
3550 1942
3550 1943
3549 1944
3549 1945
3548 1946
3547 1947
3546 1948
3545 1949
3544 1950
3543 1951
3542 1952
3541 1953
3540 1954
3540 1955
3539 1956
3538 1957
3537 1958
3537 1959
3536 1960
3536 1961
3536 1962
3535 1963
3535 1964
3535 1965
3534 1966
3533 1967
3533 1968
3532 1969
3531 1970
3530 1971
3530 1972
3529 1973
3528 1974
3527 1975
3526 1976
3525 1977
3524 1978
3523 1979
3522 1979
3521 1980
3520 1981
3519 1981
3518 1982
3517 1982
3516 1983
3515 1984
3514 1985
3513 1985
3512 1986
3511 1986
3510 1987
3509 1987
3508 1988
3507 1989
3506 1990
3505 1991
3504 1992
3503 1992
3502 1993
3501 1993
3500 1994
3499 1995
3498 1996
3497 1997
3496 1998
3495 1998
3494 1999
3493 1999
3492 2000
3491 2000
3490 2001
3489 2001
3488 2002
3487 2003
3486 2004
3485 2005
3484 2006
3483 2007
3482 2007
3481 2008
3480 2008
3479 2008
3478 2008
3477 2009
3476 2009
3475 2010
3474 2011
3473 2012
3472 2012
3471 2013
3470 2013
3469 2013
3468 2014
3467 2014
3466 2014
3465 2014
3464 2014
3463 2015
3462 2015
3461 2015
3460 2015
3459 2015
3458 2015
3457 2015
3456 2015
3455 2016
3454 2016
3453 2016
3452 2016
3451 2016
3450 2016
3449 2016
3448 2016
3447 2016
3446 2016
3445 2016
3444 2016
3443 2016
3442 2016
3441 2016
3440 2016
3439 2016
3438 2016
3437 2016
3436 2016
3435 2016
3434 2016
3433 2016
3432 2016
3431 2016
3430 2016
3429 2016
3428 2016
3427 2016
3426 2016
3425 2016
3424 2016
3423 2016
3422 2016
3421 2016
3420 2016
3419 2016
3418 2016
3417 2016
3416 2016
3415 2016
3414 2016
3413 2016
3412 2016
3411 2015
3411 2014
3410 2013
3409 2012
3408 2012
3407 2011
3406 2010
3405 2009
3404 2008
3404 2007
3403 2006
3403 2005
3402 2004
3402 2003
3402 2002
3401 2001
3401 2000
3401 1999
3401 1998
3400 1997
3400 1996
3400 1995
3400 1994
3400 1993
3401 1992
3401 1991
3401 1990
3402 1989
3402 1988
3403 1987
3403 1986
3403 1985
3403 1984
3404 1983
3404 1982
3404 1981
3404 1980
3405 1979
3405 1978
3406 1977
3407 1976
3408 1975
3409 1974
3410 1973
3410 1972
3411 1971
3412 1970
3413 1969
3413 1968
3414 1967
3415 1966
3415 1965
3416 1964
3416 1963
3417 1962
3418 1961
3419 1960
3420 1959
3421 1958
3422 1957
3423 1956
3424 1955
3425 1954
3426 1953
3427 1952
3427 1951
3428 1950
3428 1949
3429 1948
3429 1947
3430 1946
3431 1945
3432 1944
3432 1943
3433 1942
3434 1941
3435 1940
3436 1939
3436 1938
3437 1937
3438 1936
3439 1935
3440 1934
3440 1933
3441 1932
3442 1931
3442 1930
3443 1929
3444 1928
3445 1927
3445 1926
3446 1925
3446 1924
3447 1923
3448 1922
3448 1921
3449 1920
3450 1919
3451 1918
3451 1917
3452 1916
3453 1915
3454 1914
3454 1913
3455 1912
3456 1911
3457 1910
3458 1909
3459 1908
3460 1907
3461 1906
3461 1905
3462 1904
3462 1903
3463 1902
3463 1901
3464 1900
3464 1899
3465 1898
3466 1897
3466 1896
3467 1895
3468 1894
3469 1893
3470 1892
3471 1891
3472 1890
3473 1889
3474 1888
3475 1887
3476 1886
3477 1885
3478 1884
3479 1883
3480 1882
3480 1881
3481 1880
3482 1879
3483 1878
3484 1877
3485 1876
3486 1875
3486 1874
3487 1873
3487 1872
3488 1871
3488 1870
3489 1869
3489 1868
3490 1867
3491 1866
3491 1865
3492 1864
3493 1863
3493 1862
3494 1861
3494 1860
3495 1859
3495 1858
3496 1857
3497 1856
3497 1855
3498 1854
3499 1853
3500 1852
3501 1851
3502 1850
3503 1849
3504 1849
3505 1848
3506 1847
3507 1847
3508 1846
3509 1845
3510 1844
3511 1844
3512 1843
3512 1842
3513 1841
3514 1840
3515 1839
3516 1838
3517 1837
3518 1837
3519 1836
3520 1836
3521 1835
3522 1835
3523 1834
3524 1833
3525 1833
3526 1832
3527 1832
3528 1831
3529 1830
3530 1830
3531 1829
3532 1829
3533 1828
3534 1828
3535 1828
3536 1827
3537 1827
3538 1827
3539 1826
3540 1826
3541 1826
3542 1825
3543 1825
3544 1824
3545 1824
3546 1823
3547 1822
3548 1822
3549 1821
3550 1821
3551 1821
3552 1820
3553 1820
3554 1820
3555 1820
3556 1819
3557 1819
3558 1819
3559 1819
3560 1819
3561 1819
3562 1819
3563 1819
3564 1818
3565 1818
3566 1817
3567 1817
3568 1816
3569 1815
3570 1814
3571 1813
3572 1812
3573 1811
3574 1810
3575 1810
3576 1809
3577 1809
3578 1808
3579 1808
3580 1807
3581 1806
3582 1805
3583 1805
3584 1804
3585 1803
3586 1802
3587 1801
3588 1801
3589 1800
3590 1800
3591 1799
3592 1798
3593 1797
3594 1796
3595 1796
3596 1795
3597 1795
3598 1794
3599 1793
3600 1792
3600 1791
3601 1790
3602 1789
3603 1789
3604 1788
3605 1788
3606 1787
3607 1786
3607 1785
3608 1784
3609 1783
3609 1782
3610 1781
3611 1780
3612 1780
3613 1779
3614 1779
3615 1778
3616 1777
3617 1777
3618 1776
3619 1776
3620 1775
3621 1775
3622 1774
3623 1773
3624 1772
3625 1771
3626 1770
3627 1769
3628 1768
3629 1767
3630 1766
3631 1765
3632 1764
3633 1763
3634 1762
3634 1761
3634 1760
3635 1759
3635 1758
3636 1757
3636 1756
3636 1755
3637 1754
3637 1753
3637 1752
3637 1751
3637 1750
3637 1749
3637 1748
3637 1747
3637 1746
3638 1745
3638 1744
3638 1743
3638 1742
3638 1741
3638 1740
3638 1739
3638 1738
3638 1737
3638 1736
3638 1735
3638 1734
3638 1733
3638 1732
3638 1731
3638 1730
3638 1729
3638 1728
3638 1727
3638 1726
3638 1725
3638 1724
3638 1723
3638 1722
3638 1721
3638 1720
3638 1719
3638 1718
3638 1717
3638 1716
3638 1715
3638 1714
3638 1713
3638 1712
3638 1711
3638 1710
3638 1709
3638 1708
3638 1707
3638 1706
3638 1705
3638 1704
3638 1703
3638 1702
3638 1701
3638 1700
3638 1699
3638 1698
3638 1697
3638 1696
3638 1695
3638 1694
3638 1693
3637 1692
3637 1691
3637 1690
3636 1689
3636 1688
3635 1687
3635 1686
3635 1685
3634 1684
3634 1683
3634 1682
3634 1681
3633 1680
3633 1679
3633 1678
3633 1677
3632 1676
3632 1675
3632 1674
3632 1673
3632 1672
3632 1671
3631 1670
3630 1669
3629 1668
3629 1667
3628 1666
3627 1665
3626 1664
3625 1663
3624 1662
3623 1661
3623 1660
3622 1659
3621 1658
3621 1657
3620 1656
3620 1655
3620 1654
3619 1653
3618 1652
3617 1651
3616 1650
3616 1649
3615 1648
3615 1647
3614 1646
3614 1645
3613 1644
3612 1643
3612 1642
3611 1641
3610 1640
3609 1639
3609 1638
3608 1637
3607 1636
3606 1635
3605 1634
3604 1633
3603 1632
3603 1631
3602 1630
3602 1629
3602 1628
3601 1627
3601 1626
3600 1625
3600 1624
3599 1623
3598 1622
3597 1621
3596 1620
3595 1619
3594 1618
3593 1617
3592 1616
3591 1615
3590 1614
3590 1613
3589 1612
3589 1611
3588 1610
3588 1609
3587 1608
3586 1607
3585 1606
3585 1605
3584 1604
3584 1603
3583 1602
3583 1601
3582 1600
3582 1599
3581 1598
3581 1597
3580 1596
3579 1595
3578 1594
3578 1593
3577 1592
3576 1591
3576 1590
3575 1589
3575 1588
3575 1587
3574 1586
3574 1585
3574 1584
3573 1583
3573 1582
3573 1581
3573 1580
3573 1579
3572 1578
3571 1577
3570 1576
3570 1575
3569 1574
3568 1573
3567 1572
3567 1571
3566 1570
3565 1569
3564 1568
3564 1567
3563 1566
3562 1565
3562 1564
3562 1563
3561 1562
3561 1561
3561 1560
3560 1559
3560 1558
3560 1557
3559 1556
3558 1556
3557 1555
3556 1555
3555 1555
3554 1555
3553 1555
3552 1555
3551 1554
3550 1553
3549 1552
3548 1552
3547 1551
3546 1551
3545 1550
3544 1550
3543 1550
3542 1550
3541 1549
3540 1549
3539 1549
3538 1549
3537 1548
3536 1548
3535 1548
3534 1548
3533 1548
3532 1548
3531 1547
3530 1546
3529 1545
3528 1544
3527 1543
3526 1542
3525 1541
3524 1540
3524 1539
3523 1538
3522 1537
3521 1536
3521 1535
3521 1534
3521 1533
3521 1532
3520 1531
3520 1530
3520 1529
3520 1528
3520 1527
3519 1526
3519 1525
3519 1524
3519 1523
3518 1522
3518 1521
3518 1520
3517 1519
3517 1518
3517 1517
3516 1516
3516 1515
3516 1514
3515 1513
3515 1512
3515 1511
3515 1510
3514 1509
3514 1508
3514 1507
3514 1506
3514 1505
3514 1504
3513 1503
3513 1502
3513 1501
3513 1500
3512 1499
3512 1498
3511 1497
3511 1496
3510 1495
3510 1494
3510 1493
3509 1492
3509 1491
3509 1490
3508 1489
3508 1488
3508 1487
3508 1486
3507 1485
3507 1484
3507 1483
3507 1482
3507 1481
3507 1480
3507 1479
3506 1478
3506 1477
