2986 1689
2985 1690
2984 1691
2984 1692
2984 1693
2983 1694
2983 1695
2983 1696
2982 1697
2981 1698
2980 1699
2979 1700
2978 1701
2977 1702
2976 1703
2975 1704
2974 1705
2974 1706
2973 1707
2973 1708
2972 1709
2971 1710
2970 1711
2969 1712
2968 1713
2967 1714
2967 1715
2966 1716
2966 1717
2965 1718
2964 1719
2964 1720
2963 1721
2962 1722
2961 1723
2961 1724
2960 1725
2959 1726
2958 1727
2957 1728
2956 1729
2955 1730
2954 1730
2953 1731
2952 1731
2951 1732
2950 1733
2949 1734
2948 1735
2947 1736
2946 1737
2945 1738
2944 1737
2944 1736
2944 1735
2944 1734
2943 1733
2943 1732
2942 1731
2942 1730
2941 1729
2941 1728
2941 1727
2940 1726
2940 1725
2940 1724
2940 1723
2939 1722
2939 1721
2939 1720
2939 1719
2939 1718
2939 1717
2939 1716
2939 1715
2939 1714
2939 1713
2939 1712
2939 1711
2938 1710
2938 1709
2938 1708
2937 1707
2937 1706
2937 1705
2936 1704
2936 1703
2935 1702
2935 1701
2935 1700
2935 1699
2934 1698
2934 1697
2934 1696
2933 1696
2933 1697
2933 1698
2933 1699
2933 1700
2933 1701
2932 1702
2932 1703
2931 1704
2931 1705
2930 1706
2930 1707
2930 1708
2929 1709
2929 1710
2929 1711
2929 1712
2928 1713
2928 1714
2928 1715
2928 1716
2928 1717
2928 1718
2928 1719
2927 1720
2927 1721
2927 1722
2926 1723
2925 1724
2924 1725
2923 1726
2922 1727
2921 1728
2920 1729
2919 1729
2918 1730
2917 1731
2917 1732
2916 1733
2916 1734
2915 1735
2915 1736
2914 1737
2914 1738
2913 1739
2912 1740
2911 1741
2910 1742
2909 1743
2908 1743
2907 1743
2906 1744
2906 1745
2905 1746
2904 1746
2903 1747
2902 1747
2901 1748
2900 1749
2899 1749
2898 1749
2897 1750
2896 1750
2895 1750
2894 1750
2893 1750
2892 1750
2891 1751
2890 1751
2889 1751
2888 1751
2887 1751
2886 1751
2885 1750
2884 1750
2883 1749
2882 1748
2881 1747
2880 1746
2879 1745
2878 1745
2877 1744
2876 1743
2875 1743
2874 1742
2873 1742
2872 1741
2871 1741
2870 1740
2869 1740
2868 1739
2867 1739
2866 1739
2865 1738
2864 1737
2864 1736
2863 1735
2862 1734
2861 1733
2860 1733
2859 1732
2858 1732
2857 1732
2856 1732
2855 1732
2854 1732
2853 1732
2852 1732
2851 1732
2850 1732
2849 1732
2848 1732
2847 1732
2846 1732
2845 1732
2844 1732
2843 1732
2842 1732
2841 1732
2840 1731
2839 1731
2838 1731
2837 1731
2836 1731
2835 1731
2834 1731
2833 1731
2832 1731
2831 1731
2830 1731
2829 1731
2828 1731
2827 1731
2826 1731
2825 1731
2824 1731
2823 1731
2822 1731
2821 1731
2820 1731
2819 1731
2818 1731
2817 1731
2816 1731
2815 1731
2814 1731
2813 1731
2812 1731
2811 1732
2810 1733
2809 1733
2808 1734
2807 1734
2806 1734
2805 1734
2804 1734
2803 1735
2802 1735
2801 1735
2800 1735
2799 1735
2798 1735
2797 1735
2796 1735
2795 1735
2794 1735
2793 1735
2792 1735
2791 1735
2790 1735
2789 1735
2788 1735
2787 1736
2786 1736
2785 1736
2784 1736
2783 1736
2782 1736
2781 1736
2780 1736
2779 1735
2778 1735
2777 1735
2776 1735
2775 1734
2774 1734
2773 1734
2772 1734
2771 1733
2770 1733
2769 1733
2768 1732
2767 1732
2766 1732
2765 1731
2764 1731
2763 1731
2762 1730
2761 1730
2760 1729
2759 1728
2758 1728
2757 1727
2756 1727
2755 1727
2754 1726
2753 1726
2752 1725
2751 1725
2750 1724
2749 1724
2748 1723
2747 1722
2746 1722
2745 1721
2744 1720
2743 1719
2742 1719
2741 1719
2740 1718
2739 1718
2738 1718
2737 1717
2736 1717
2736 1718
2736 1719
2737 1720
2738 1721
2738 1722
2738 1723
2739 1723
2740 1724
2741 1725
2742 1726
2743 1727
2744 1727
2745 1728
2745 1729
2746 1730
2747 1731
2747 1732
2748 1733
2748 1734
2749 1735
2749 1736
2750 1737
2751 1738
2752 1739
2752 1740
2753 1741
2754 1742
2754 1743
2755 1744
2755 1745
2756 1746
2757 1747
2758 1748
2759 1749
2759 1750
2760 1751
2760 1752
2761 1753
2761 1754
2762 1755
2762 1756
2762 1757
2762 1758
2762 1759
2762 1760
2763 1761
2764 1762
2764 1763
2765 1764
2766 1765
2767 1766
2768 1767
2769 1768
2769 1769
2770 1770
2770 1771
2771 1772
2771 1773
2772 1774
2772 1775
2773 1776
2773 1777
2773 1778
2774 1779
2774 1780
2775 1781
2775 1782
2775 1783
2776 1784
2776 1785
2777 1786
2777 1787
2777 1788
2778 1789
2778 1790
2779 1791
2779 1792
2780 1793
2780 1794
2780 1795
2781 1796
2781 1797
2782 1798
2782 1799
2782 1800
2783 1801
2783 1802
2783 1803
2783 1804
2784 1805
2784 1806
2784 1807
2784 1808
2784 1809
2784 1810
2785 1811
2785 1812
2786 1813
2787 1814
2787 1815
2788 1816
2788 1817
2789 1818
2789 1819
2789 1820
2789 1821
2790 1822
2790 1823
2790 1824
2790 1825
2791 1826
2791 1827
2791 1828
2792 1829
2792 1830
2793 1831
2793 1832
2793 1833
2794 1834
2794 1835
2794 1836
2795 1837
2795 1838
2795 1839
2795 1840
2795 1841
2796 1842
2796 1843
2796 1844
2796 1845
2796 1846
2796 1847
2796 1848
2796 1849
2796 1850
2797 1851
2797 1852
2797 1853
2797 1854
2797 1855
2797 1856
2797 1857
2797 1858
2797 1859
2797 1860
2797 1861
2797 1862
2797 1863
2797 1864
2797 1865
2796 1866
2796 1867
2795 1868
2795 1869
2794 1870
2794 1871
2793 1872
2793 1873
2793 1874
2792 1875
2792 1876
2791 1877
2791 1878
2791 1879
2790 1880
2789 1881
2788 1882
2787 1883
2786 1884
2785 1885
2784 1886
2783 1886
2782 1886
2781 1886
2780 1886
2779 1886
2778 1886
2777 1886
2776 1886
2775 1886
2774 1886
2773 1886
2772 1886
2771 1887
2770 1887
2769 1888
2768 1888
2767 1888
2766 1889
2765 1889
2764 1890
2763 1890
2762 1890
2761 1890
2760 1890
2759 1891
2758 1891
2757 1891
2756 1891
2755 1891
2754 1891
2753 1891
2752 1891
2751 1891
2750 1891
2749 1891
2748 1891
2747 1891
2746 1891
2745 1891
2744 1891
2743 1891
2742 1891
2741 1891
2740 1891
2739 1891
2738 1891
2737 1891
2736 1891
2735 1891
2734 1891
2733 1891
2732 1891
2731 1891
2730 1891
2729 1891
2728 1891
2727 1891
2726 1891
2725 1891
2724 1891
2723 1891
2722 1891
2721 1891
2720 1891
2719 1891
2718 1890
2717 1890
2716 1890
2715 1890
2714 1890
2713 1890
2712 1890
2711 1890
2710 1889
2709 1889
2708 1888
2707 1888
2706 1887
2705 1886
2704 1885
2703 1885
2702 1884
2701 1883
2700 1882
2699 1881
2698 1880
2697 1880
2696 1879
2695 1878
2694 1877
2693 1877
2692 1876
2691 1875
2690 1874
2689 1873
2688 1873
2687 1872
2686 1871
2685 1870
2684 1869
2683 1869
2682 1868
2681 1867
2680 1866
2679 1865
2678 1864
2677 1863
2676 1862
2676 1861
2675 1860
2674 1859
2673 1858
2672 1857
2671 1856
2670 1855
2669 1854
2668 1853
2667 1852
2666 1852
2665 1851
2664 1850
2663 1849
2662 1849
2661 1848
2660 1847
2659 1847
2658 1846
2657 1845
2656 1844
2655 1844
2654 1843
2653 1842
2653 1841
2652 1840
2651 1839
2650 1838
2649 1838
2648 1837
2647 1837
2646 1837
2645 1836
2644 1836
2643 1835
2642 1836
2642 1837
2642 1838
2642 1839
2642 1840
2642 1841
2641 1842
2641 1843
2641 1844
2641 1845
2641 1846
2641 1847
2642 1848
2642 1849
2643 1850
2643 1851
2644 1852
2644 1853
2645 1854
2645 1855
2645 1856
2646 1857
2646 1858
2646 1859
2646 1860
2646 1861
2646 1862
2646 1863
2646 1864
2646 1865
2646 1866
2646 1867
2646 1868
2646 1869
2646 1870
2646 1871
2646 1872
2646 1873
2646 1874
2646 1875
2646 1876
2646 1877
2646 1878
2646 1879
2646 1880
2646 1881
2646 1882
2646 1883
2646 1884
2645 1885
2645 1886
2644 1887
2644 1888
2643 1889
2643 1890
2642 1891
2642 1892
2641 1893
2640 1894
2639 1895
2638 1896
2637 1897
2636 1898
2635 1898
2634 1899
2633 1899
2632 1899
2631 1899
2630 1900
2629 1900
2628 1900
2628 1901
2627 1902
2626 1903
2625 1903
2625 1904
2624 1905
2624 1906
2623 1907
2622 1908
2621 1909
2620 1909
2619 1910
2618 1911
2617 1912
2616 1913
2615 1914
2614 1915
2613 1915
2612 1916
2611 1916
2610 1916
2609 1916
2608 1916
2607 1916
2606 1917
2605 1917
2604 1917
2603 1918
2602 1918
2601 1919
2600 1920
2599 1920
2598 1921
2597 1921
2596 1921
2595 1922
2594 1922
2593 1922
2592 1922
2591 1922
2590 1923
2589 1924
2588 1925
2587 1926
2586 1926
2585 1927
2584 1927
2583 1927
2582 1928
2581 1928
2580 1928
2579 1927
2579 1926
2579 1925
2579 1924
2579 1923
2579 1922
2579 1921
2579 1920
2579 1919
2579 1918
2579 1917
2579 1916
2579 1915
2579 1914
2578 1913
2578 1912
2578 1911
2578 1910
2577 1909
2577 1908
2576 1907
2576 1906
2576 1905
2576 1904
2575 1903
2575 1902
2575 1901
2575 1900
2575 1899
2574 1898
2574 1897
2574 1896
2573 1895
2573 1894
2573 1893
2573 1892
2572 1891
2572 1890
2571 1889
2571 1888
2570 1887
2570 1886
2569 1885
2569 1884
2568 1885
2568 1886
2568 1887
2568 1888
2568 1889
2568 1890
2568 1891
2568 1892
2567 1893
2566 1894
2565 1895
2565 1896
2564 1897
2564 1898
2563 1899
2562 1900
2561 1901
2561 1902
2560 1903
2559 1904
2558 1905
2557 1906
2556 1906
2555 1907
2554 1908
2553 1909
2552 1910
2551 1911
2550 1912
2549 1912
2548 1913
2547 1914
2546 1915
2545 1915
2544 1916
2543 1917
2542 1918
2541 1918
2540 1919
2539 1919
2538 1920
2537 1921
2536 1921
2535 1922
2534 1923
2533 1924
2532 1925
2531 1926
2530 1927
2529 1928
2528 1929
2527 1930
2526 1931
2525 1932
2524 1932
2523 1932
2522 1933
2521 1933
2520 1934
2519 1935
2518 1935
2517 1936
2516 1937
2515 1937
2514 1937
2513 1938
2512 1938
2511 1938
2510 1939
2509 1939
2508 1940
2507 1941
2506 1941
2505 1942
2504 1942
2503 1943
2502 1943
2501 1943
2500 1944
2499 1945
2498 1946
2497 1947
2496 1948
2495 1949
2494 1949
2493 1949
2492 1949
2491 1950
2490 1950
2489 1949
2489 1948
2489 1947
2489 1946
2489 1945
2489 1944
2489 1943
2488 1942
2488 1941
2488 1940
2488 1939
2488 1938
2488 1937
2488 1936
2488 1935
2488 1934
2488 1933
2488 1932
2488 1931
2488 1930
2488 1929
2488 1928
2488 1927
2488 1926
2488 1925
2488 1924
2488 1923
2488 1922
2488 1921
2488 1920
2488 1919
2488 1918
2488 1917
2488 1916
2489 1915
2489 1914
2489 1913
2489 1912
2489 1911
2489 1910
2489 1909
2489 1908
2489 1907
2489 1906
2489 1905
2489 1904
2489 1903
2489 1902
2489 1901
2489 1900
2489 1899
2489 1898
2489 1897
2489 1896
2489 1895
2489 1894
2489 1893
2489 1892
2489 1891
2489 1890
2489 1889
2489 1888
2489 1887
2489 1886
2489 1885
2489 1884
2489 1883
2489 1882
2489 1881
2489 1880
2489 1879
2489 1878
2490 1877
2490 1876
2490 1875
2490 1874
2490 1873
2490 1872
2490 1871
2490 1870
2490 1869
2490 1868
2490 1867
2490 1866
2490 1865
2490 1864
2490 1863
2490 1862
2490 1861
2490 1860
2490 1859
2490 1858
2490 1857
2490 1856
2490 1855
2490 1854
2490 1853
2490 1852
2489 1851
2488 1851
2487 1850
2486 1850
2485 1850
2484 1850
2483 1849
2482 1849
2481 1849
2480 1848
2479 1847
2478 1846
2477 1846
2476 1846
2475 1845
2474 1845
2473 1844
2472 1844
2471 1844
2470 1844
2469 1844
2468 1843
2467 1843
2466 1843
2465 1843
2464 1843
2463 1843
2462 1842
2461 1842
2460 1842
2459 1842
2458 1842
2457 1842
2456 1842
2455 1842
2454 1842
2453 1842
2452 1842
2451 1842
2450 1842
2449 1842
2448 1841
2447 1841
2446 1841
2445 1841
2444 1841
2443 1841
2442 1841
2441 1841
2440 1841
2439 1841
2438 1841
2437 1841
2436 1841
2435 1841
2434 1841
2433 1841
2432 1841
2431 1841
2430 1841
2429 1841
2428 1841
2427 1841
2426 1841
2425 1841
2424 1841
2423 1841
2422 1841
2421 1841
2420 1841
2419 1841
2418 1840
2417 1840
2416 1840
2415 1840
2414 1840
2413 1840
2412 1840
2411 1840
2410 1840
2409 1840
2408 1840
2407 1840
2406 1840
2405 1840
2404 1840
2403 1840
2402 1840
2401 1840
2400 1840
2399 1840
2398 1840
2397 1840
2396 1840
2395 1840
2394 1840
2393 1840
2392 1840
2391 1840
2390 1840
2389 1840
2388 1840
2387 1840
2388 1841
2389 1842
2390 1842
2391 1843
2392 1844
2393 1844
2394 1844
2395 1845
2396 1845
2397 1846
2398 1846
2399 1847
2400 1848
2401 1848
2402 1849
2403 1850
2404 1850
2405 1850
2406 1850
2407 1851
2408 1851
2409 1851
2410 1852
2411 1853
2412 1853
2413 1854
2414 1855
2415 1856
2416 1857
2417 1857
2418 1857
2419 1857
2420 1857
2421 1858
2422 1858
2423 1858
2424 1859
2425 1860
2426 1860
2427 1861
2428 1861
2429 1862
2430 1862
2431 1862
2432 1863
2433 1863
2434 1864
2435 1864
2436 1865
2437 1866
2438 1867
2439 1868
2440 1869
2441 1870
2442 1870
2443 1870
2444 1871
2445 1872
2445 1873
2446 1874
2447 1875
2447 1876
2448 1877
2448 1878
2448 1879
2448 1880
2448 1881
2448 1882
2448 1883
2448 1884
2448 1885
2448 1886
2448 1887
2448 1888
2448 1889
2448 1890
2448 1891
2448 1892
2447 1893
2447 1894
2447 1895
2447 1896
2447 1897
2446 1898
2446 1899
2445 1900
2445 1901
2444 1902
2444 1903
2443 1904
2443 1905
2443 1906
2442 1907
2442 1908
2442 1909
2442 1910
2442 1911
2442 1912
2442 1913
2441 1914
2441 1915
2441 1916
2441 1917
2441 1918
2441 1919
2441 1920
2441 1921
2441 1922
2441 1923
2441 1924
2441 1925
2441 1926
2441 1927
2441 1928
2441 1929
2441 1930
2441 1931
2441 1932
2441 1933
2441 1934
2441 1935
2441 1936
2440 1937
2440 1938
2440 1939
2439 1940
2438 1941
2437 1942
2436 1942
2435 1943
2434 1943
2434 1944
2434 1945
2434 1946
2434 1947
2434 1948
2434 1949
2434 1950
2434 1951
2434 1952
2434 1953
2434 1954
2434 1955
2434 1956
2434 1957
2434 1958
2434 1959
2434 1960
2434 1961
2433 1962
2432 1963
2432 1964
2431 1965
2430 1966
2429 1967
2428 1968
2427 1968
2426 1969
2426 1970
2425 1971
2425 1972
2424 1973
2424 1974
2423 1975
2423 1976
2422 1977
2421 1978
2420 1979
2419 1979
2418 1979
2417 1979
2416 1979
2415 1979
2414 1979
2413 1979
2412 1979
2411 1979
2410 1979
2409 1979
2408 1979
2407 1979
2406 1979
2405 1979
2404 1978
2403 1978
2402 1978
2401 1978
2400 1977
2399 1977
2398 1976
2397 1976
2396 1975
2395 1975
2394 1975
2393 1974
2392 1974
2391 1974
2390 1974
2389 1973
2388 1972
2387 1972
2386 1971
2385 1970
2384 1969
2383 1969
2382 1968
2381 1968
2380 1968
2379 1967
2378 1967
2377 1967
2376 1967
2375 1966
2374 1966
2373 1966
2372 1966
2371 1966
2370 1965
2370 1964
2369 1963
2368 1962
2367 1962
2366 1962
2365 1961
2364 1961
2363 1961
2362 1960
2361 1960
2360 1960
2359 1960
2358 1960
2357 1960
2356 1960
2355 1960
2354 1960
2353 1960
2352 1959
2351 1959
2350 1959
2349 1959
2348 1959
2347 1959
2346 1959
2345 1959
2344 1959
2343 1958
2342 1957
2341 1957
2340 1956
2339 1956
2338 1955
2337 1955
2336 1955
2335 1954
2334 1954
2333 1954
2332 1954
2331 1954
2330 1954
2329 1953
2328 1953
2327 1953
2326 1953
2325 1953
2324 1953
2323 1953
2322 1952
2321 1952
2320 1951
2319 1950
2318 1950
2317 1949
2316 1949
2315 1949
2314 1948
2313 1948
2312 1948
2311 1947
2310 1947
2309 1947
2309 1948
2309 1949
2310 1950
2311 1951
2311 1952
2312 1953
2312 1954
2313 1954
2314 1955
2315 1956
2316 1957
2317 1958
2318 1959
2319 1960
2320 1960
2321 1961
2322 1961
2323 1962
2324 1962
2325 1962
2326 1963
2327 1963
2328 1964
2329 1965
2330 1966
2331 1966
2332 1967
2333 1968
2333 1969
2334 1970
2335 1971
2336 1972
2337 1973
2338 1973
2339 1974
2340 1974
2341 1974
2342 1974
2343 1975
2344 1975
2345 1975
2346 1976
2347 1976
2348 1977
2349 1977
2350 1978
2351 1979
2352 1980
2353 1981
2353 1982
2352 1983
2351 1983
2350 1983
2349 1983
2348 1983
2347 1983
2346 1983
2345 1983
2344 1983
2343 1983
2342 1984
2341 1985
2340 1985
2339 1986
2338 1986
2337 1986
2336 1987
2335 1987
2334 1987
2333 1987
2332 1987
2331 1988
2330 1988
2329 1988
2328 1988
2327 1988
2326 1988
2325 1988
2324 1988
2323 1988
2322 1988
2321 1988
2320 1988
2319 1988
2318 1988
2317 1989
2316 1989
2315 1990
2314 1990
2313 1991
2312 1991
2311 1991
2310 1992
2309 1992
2308 1992
2307 1992
2306 1992
2305 1993
2304 1993
2303 1993
2302 1993
2301 1993
2300 1993
2299 1993
2298 1993
2297 1993
2296 1993
2295 1993
2294 1993
2293 1993
2292 1993
2291 1993
2290 1993
2289 1993
2288 1992
2287 1992
2286 1991
2285 1990
2285 1989
2284 1988
2284 1987
2283 1986
2282 1985
2281 1984
2280 1983
2280 1982
2279 1981
2279 1980
2279 1979
2279 1978
2278 1977
2278 1976
2278 1975
2278 1974
2278 1973
2277 1972
2277 1971
2276 1972
2275 1973
2274 1974
2274 1975
2273 1976
2273 1977
2273 1978
2272 1979
2272 1980
2271 1981
2270 1982
2269 1983
2268 1984
2267 1985
2266 1985
2265 1986
2264 1986
2263 1986
2262 1986
2261 1986
2260 1986
2259 1986
2258 1986
2257 1986
2256 1986
2255 1986
2254 1986
2253 1986
2252 1986
2251 1986
2250 1986
2249 1986
2248 1986
2247 1986
2246 1986
2245 1986
2244 1986
2243 1986
2242 1986
2241 1986
2240 1986
2239 1986
2238 1986
2237 1986
2236 1986
2235 1986
2234 1986
2233 1986
2232 1986
2231 1986
2230 1986
2229 1986
2228 1986
2227 1986
2226 1986
2225 1986
2224 1986
2223 1986
2222 1986
2221 1986
2220 1986
2219 1986
2218 1986
2217 1986
2216 1986
2215 1986
2214 1986
2213 1986
2212 1986
2211 1985
2210 1985
2209 1985
2208 1985
2207 1985
2206 1985
2205 1985
2204 1985
2203 1985
2202 1985
2201 1985
2200 1985
2199 1985
2198 1985
2197 1985
2196 1985
2195 1985
2194 1985
2193 1985
2192 1985
2191 1985
2190 1985
2189 1985
2188 1985
2187 1985
2186 1985
2185 1985
2184 1985
2183 1985
2182 1985
2181 1985
2180 1985
2179 1985
2178 1985
2177 1985
2176 1985
2175 1985
2174 1985
2173 1985
2172 1984
2171 1984
2170 1984
2169 1984
2168 1984
2167 1984
2166 1984
2165 1984
2164 1984
2163 1984
2162 1983
2161 1983
2160 1983
2159 1982
2158 1981
2157 1981
2156 1980
2155 1979
2154 1978
2154 1977
2153 1976
2152 1975
2151 1974
2150 1973
2150 1972
2149 1971
2148 1970
2147 1969
2146 1968
2145 1967
2144 1966
2143 1965
2142 1965
2141 1964
2140 1963
2139 1962
2138 1961
2137 1960
2137 1959
2136 1958
2135 1957
2135 1956
2134 1955
2134 1956
2134 1957
2135 1958
2135 1959
2135 1960
2136 1961
2136 1962
2137 1963
2137 1964
2137 1965
2137 1966
2137 1967
2138 1968
2138 1969
2138 1970
2139 1971
2139 1972
2140 1973
2141 1974
2142 1975
2142 1976
2143 1977
2143 1978
2143 1979
2144 1980
2145 1981
2145 1982
2146 1983
2147 1984
2147 1985
2148 1986
2149 1987
2149 1988
2149 1989
2149 1990
2150 1991
2150 1992
2151 1993
2151 1994
2152 1995
2153 1996
2153 1997
2154 1998
2155 1999
2155 2000
2156 2001
2156 2002
2156 2003
2156 2004
2156 2005
2156 2006
2155 2007
2154 2008
2153 2008
2152 2008
2151 2008
2150 2008
2149 2008
2148 2008
2147 2008
2146 2008
2145 2008
2144 2008
2143 2008
2142 2008
2141 2008
2140 2008
2139 2008
2138 2008
2137 2008
2136 2008
2135 2008
2134 2007
2133 2007
2132 2007
2131 2007
2130 2007
2129 2007
2128 2007
2127 2007
2126 2007
2125 2007
2124 2007
2123 2007
2122 2007
2121 2007
2120 2007
2119 2008
2118 2009
2117 2010
2116 2011
2115 2012
2114 2012
2113 2013
2112 2014
2111 2015
2111 2016
2110 2017
2110 2018
2109 2019
2109 2020
2108 2021
2107 2021
2106 2022
2105 2022
2104 2023
2103 2024
2102 2024
2101 2024
2100 2024
2099 2024
2098 2024
2097 2024
2096 2024
2095 2024
2094 2024
2093 2024
2092 2024
2091 2024
2090 2024
2089 2024
2088 2024
2087 2024
2086 2024
2085 2024
2084 2024
2083 2024
2082 2024
2081 2024
2080 2024
2079 2024
2078 2024
2077 2024
2076 2024
2075 2024
2074 2024
2073 2024
2072 2024
2071 2024
2070 2024
2069 2024
2068 2024
2067 2024
2066 2024
2065 2024
2064 2024
2063 2024
2062 2024
2061 2024
2060 2024
2059 2024
2058 2024
2057 2024
2056 2024
2055 2023
2054 2023
2053 2023
2052 2024
2051 2024
2050 2024
2049 2025
2048 2025
2047 2025
2046 2026
2045 2026
2044 2026
2043 2027
2042 2027
2041 2027
2040 2027
2039 2027
2038 2027
2037 2028
2036 2028
2035 2028
2034 2028
2033 2028
2032 2028
2031 2029
2030 2029
2029 2030
2028 2031
2027 2031
2026 2032
2025 2032
2024 2033
2023 2034
2022 2035
2021 2036
2020 2037
2019 2038
2018 2038
2017 2039
2016 2039
2015 2039
2014 2039
2013 2039
2012 2040
2011 2040
2010 2040
2009 2040
2008 2040
2007 2040
2006 2040
2005 2040
2004 2040
2003 2040
2002 2040
2001 2040
2000 2040
1999 2040
1998 2040
1997 2040
1996 2039
1995 2039
1994 2039
1993 2038
1992 2038
1991 2037
1990 2037
1989 2036
1988 2036
1987 2036
1986 2035
1985 2034
1984 2033
1984 2032
1983 2031
1983 2030
1982 2029
1982 2030
1982 2031
1982 2032
1982 2033
1982 2034
1982 2035
1981 2036
1981 2037
1980 2038
1980 2039
1979 2040
1979 2041
1979 2042
1978 2043
1978 2044
1977 2045
1977 2046
1977 2047
1976 2048
1976 2049
1976 2050
1975 2051
1975 2052
1974 2053
1974 2054
1973 2055
1973 2056
1972 2057
1972 2058
1971 2059
1970 2060
1970 2061
1969 2062
1968 2063
1967 2064
1967 2065
1966 2066
1965 2067
1964 2068
1963 2069
1963 2070
1962 2071
1961 2072
1960 2073
1959 2074
1958 2075
1957 2076
1956 2077
1955 2078
1955 2079
1954 2080
1953 2081
1953 2082
1952 2083
1951 2084
1951 2085
1950 2086
1949 2086
1948 2086
1947 2086
1946 2086
1945 2086
1944 2086
1943 2086
1942 2086
1941 2086
1940 2086
1939 2086
1938 2086
1937 2086
1936 2086
1935 2086
1934 2086
1933 2086
1932 2086
1931 2086
1930 2086
1929 2086
1928 2086
1927 2086
1926 2086
1925 2086
1924 2086
1923 2086
1922 2086
1921 2086
1920 2086
1919 2086
1918 2086
1917 2086
1916 2086
1915 2086
1914 2086
1913 2086
1912 2086
1911 2086
1910 2086
1909 2086
1908 2086
1907 2086
1906 2086
1905 2086
1904 2086
1903 2085
1902 2085
1901 2085
1900 2085
1899 2085
1898 2085
1897 2085
1896 2086
1895 2086
1894 2086
1893 2086
1892 2086
1891 2086
1890 2086
1889 2087
1888 2087
1887 2087
1886 2087
1885 2087
1884 2087
1883 2088
1882 2088
1881 2088
1880 2088
1879 2088
1878 2088
1877 2089
1876 2089
1875 2089
1874 2089
1873 2089
1872 2089
1871 2089
1870 2089
1869 2090
1868 2090
1867 2090
1866 2091
1865 2091
1864 2092
1863 2093
1862 2094
1861 2094
1860 2095
1859 2095
1858 2095
1857 2095
1856 2095
1855 2095
1854 2095
1853 2095
1852 2095
1851 2095
1850 2095
1849 2095
1848 2095
1847 2095
1846 2096
1845 2096
1844 2096
1843 2096
1842 2096
1841 2096
1840 2096
1839 2096
1838 2096
1837 2096
1836 2096
1835 2097
1834 2097
1833 2097
1832 2097
1831 2098
1830 2098
1829 2098
1828 2098
1827 2099
1826 2099
1825 2099
1824 2099
1823 2100
1822 2100
1821 2100
1820 2100
1819 2100
1818 2100
1817 2100
1816 2100
1815 2100
1814 2100
1813 2100
1812 2100
1811 2101
1810 2101
1809 2101
1808 2101
1807 2101
1806 2101
1805 2101
1804 2101
1803 2101
1802 2101
1801 2101
1800 2101
1799 2102
1798 2102
1797 2103
1796 2103
1795 2104
1794 2104
1793 2104
1792 2105
1791 2105
1790 2105
1789 2105
1788 2105
1787 2105
1786 2106
1785 2106
1784 2106
1783 2106
1782 2106
1781 2106
1780 2106
1779 2106
1778 2106
1777 2106
1776 2106
1775 2106
1774 2106
1773 2106
1772 2106
1771 2106
1770 2106
1769 2106
1768 2106
1767 2106
1766 2106
1765 2106
1764 2106
1763 2106
1762 2106
1761 2106
1760 2106
1759 2106
1758 2106
1757 2106
1756 2106
1755 2106
1754 2107
1753 2108
1752 2108
1751 2109
1750 2110
1749 2111
1748 2111
1747 2112
1746 2113
1745 2113
1744 2114
1743 2115
1742 2116
1741 2117
1740 2118
1739 2119
1738 2119
1737 2120
1736 2120
1735 2120
1734 2121
1733 2122
1732 2123
1731 2123
1730 2123
1729 2124
1728 2124
1727 2124
1726 2125
1725 2125
1724 2125
1723 2126
1722 2126
1721 2126
1720 2127
1719 2127
1718 2128
1717 2128
1716 2129
1715 2130
1714 2130
1713 2131
1713 2132
1712 2133
1711 2134
1710 2135
1709 2136
1708 2137
1707 2137
1706 2138
1705 2138
1704 2139
1703 2140
1702 2140
1701 2140
1700 2140
1699 2140
1698 2140
1697 2140
1696 2140
1695 2140
1694 2140
1693 2140
1692 2140
1691 2140
1690 2140
1689 2140
1688 2140
1687 2140
1686 2140
1685 2140
1684 2140
1683 2140
1682 2140
1681 2140
1680 2140
1679 2140
1678 2140
1677 2140
1676 2140
1675 2140
1674 2141
1673 2141
1672 2141
1671 2142
1670 2142
1669 2142
1668 2143
1667 2143
1666 2143
1665 2143
1664 2143
1663 2143
1662 2143
1661 2144
1660 2144
1659 2144
1658 2144
1657 2144
1656 2144
1655 2144
1654 2144
1653 2144
1652 2144
1651 2144
1650 2144
1649 2144
1648 2144
1647 2145
1646 2145
1645 2145
1644 2146
1643 2146
1642 2147
1641 2147
1640 2147
1639 2148
1638 2148
1637 2148
1636 2149
1635 2149
1634 2149
1633 2149
1632 2149
1631 2149
1630 2149
1629 2150
1628 2150
1627 2150
1626 2150
1625 2150
1624 2150
1623 2150
1622 2150
1621 2150
1620 2150
1619 2151
1618 2151
1617 2152
1616 2152
1615 2152
1614 2153
1613 2153
1612 2153
1611 2154
1610 2154
1609 2155
1608 2155
1607 2156
1606 2156
1605 2156
1604 2157
1603 2157
1602 2158
1601 2158
1600 2158
1599 2159
1598 2159
1597 2160
1596 2160
1595 2161
1594 2161
1593 2162
1592 2162
1591 2163
1590 2163
1589 2164
1588 2165
1587 2165
1586 2166
1585 2166
1584 2167
1583 2168
1582 2168
1581 2169
1580 2170
1579 2170
1578 2170
1577 2171
1576 2171
1575 2171
1574 2171
1573 2172
1572 2173
1571 2174
1570 2175
1569 2175
1568 2176
1567 2176
1566 2177
1565 2177
1564 2177
1563 2177
1562 2178
1561 2178
1560 2178
1559 2178
1558 2178
1557 2178
1556 2179
1555 2179
1554 2180
1553 2180
1552 2181
1551 2181
1550 2182
1549 2182
1548 2182
1547 2182
1546 2182
1545 2183
1544 2183
1543 2183
1542 2183
1541 2183
1540 2183
1539 2183
1538 2183
1537 2183
1536 2184
1535 2184
1534 2184
1533 2184
1532 2185
1531 2186
1530 2186
1529 2187
1528 2187
1527 2187
1526 2188
1525 2188
1524 2188
1523 2188
1522 2188
1521 2188
1520 2188
1519 2189
1518 2189
1517 2189
1516 2189
1515 2189
1514 2189
1513 2189
1512 2190
1511 2190
1510 2190
1509 2190
1508 2191
1507 2191
1506 2191
1505 2192
1504 2192
1503 2192
1502 2192
1501 2193
1500 2193
1499 2193
1498 2193
1497 2193
1496 2194
1495 2194
1494 2194
1493 2194
1492 2194
1491 2194
1490 2194
1489 2194
1488 2195
1487 2195
1486 2195
1485 2196
1484 2196
1483 2197
1482 2197
1481 2197
1480 2198
1479 2198
1478 2198
1477 2199
1476 2199
1475 2199
1474 2200
1473 2200
1472 2200
1471 2201
1470 2201
1469 2202
1468 2202
1467 2202
1466 2203
1465 2203
1464 2203
1463 2203
1462 2203
1461 2204
1460 2204
1459 2204
1458 2204
1457 2204
1456 2204
1455 2204
1454 2204
1453 2205
1452 2205
1451 2205
1450 2206
1449 2206
1448 2207
1447 2207
1446 2207
1445 2207
1444 2208
1443 2208
1442 2208
1441 2209
1440 2209
1439 2209
1438 2209
1437 2209
1436 2210
1435 2210
1434 2210
1433 2210
1432 2210
1431 2210
1430 2210
1429 2210
1428 2210
1427 2211
1426 2211
1425 2211
1424 2211
1423 2211
1422 2212
1421 2212
1420 2212
1419 2212
1418 2213
1417 2213
1416 2213
1415 2214
1414 2214
1413 2214
1412 2215
1411 2215
1410 2216
1409 2216
1408 2217
1407 2217
1406 2218
1405 2218
1404 2218
1403 2219
1402 2219
1401 2220
1400 2220
1399 2221
1398 2221
1397 2222
1396 2222
1395 2223
1394 2223
1393 2224
1392 2225
1391 2225
1390 2226
1389 2227
1388 2227
1387 2228
1386 2229
1385 2230
1384 2231
1383 2231
1382 2232
1381 2233
1380 2234
1379 2235
1378 2235
1377 2236
1376 2236
1375 2237
1374 2237
1373 2238
1372 2238
1371 2238
1370 2238
1369 2239
1368 2240
1367 2241
1366 2241
1365 2242
1364 2242
1363 2243
1362 2243
1361 2243
1360 2243
1359 2244
1358 2245
1357 2246
1356 2247
1355 2248
1354 2249
1353 2250
1352 2251
1351 2252
1350 2252
1349 2253
1348 2254
1347 2255
1346 2255
1345 2256
1344 2257
1343 2257
1342 2258
1341 2259
1340 2259
1339 2260
1338 2260
1337 2261
1336 2261
1335 2262
1334 2262
1333 2263
1332 2264
1331 2264
1330 2265
1329 2265
1328 2266
1327 2266
1326 2266
1325 2266
1324 2267
1323 2267
1322 2268
1321 2268
1320 2268
1319 2269
1318 2270
1317 2270
1316 2271
1315 2271
1314 2271
1313 2272
1312 2273
1311 2273
1310 2274
1309 2275
1308 2275
1307 2276
1306 2277
1305 2277
1304 2278
1303 2278
1302 2278
1301 2279
1300 2279
1299 2279
1298 2279
1297 2279
1296 2279
1295 2279
1294 2279
1293 2279
1292 2279
1291 2279
1290 2279
1289 2280
1288 2280
1287 2280
1286 2281
1285 2281
1284 2282
1283 2282
1282 2282
1281 2283
1280 2283
1279 2283
1278 2284
1277 2284
1276 2285
1275 2285
1274 2286
1273 2287
1272 2287
1271 2288
1270 2288
1269 2289
1268 2289
1267 2290
1266 2290
1265 2291
1264 2292
1263 2292
1262 2293
1261 2294
1260 2295
1259 2295
1258 2296
1257 2297
1256 2298
1255 2299
1254 2299
1253 2300
1252 2300
1251 2301
1250 2302
1249 2302
1248 2303
1247 2303
1246 2304
1245 2304
1244 2305
1243 2305
1242 2306
1241 2306
1240 2306
1239 2306
1238 2306
1237 2307
1236 2307
1235 2308
1234 2309
1233 2309
1232 2310
1231 2310
1230 2311
1229 2311
1228 2311
1227 2311
1226 2312
1225 2312
1224 2313
1223 2314
1222 2315
1221 2315
1220 2316
1219 2316
1218 2316
1217 2317
1216 2317
1215 2318
1214 2318
1213 2319
1212 2319
1211 2320
1210 2321
1209 2322
1208 2322
1207 2323
1206 2323
1205 2324
1204 2325
1203 2326
1202 2327
1201 2327
1200 2328
1199 2328
1198 2329
1197 2329
1196 2330
1195 2331
1194 2331
1193 2332
1192 2333
1191 2333
1190 2334
1189 2334
1188 2334
1187 2335
1186 2335
1185 2335
1184 2335
1183 2336
1182 2336
1181 2337
1180 2337
1179 2338
1178 2338
1177 2339
1176 2340
1175 2340
1174 2341
1173 2342
1172 2343
1171 2344
1170 2345
1169 2345
1168 2346
1167 2346
1166 2346
1165 2347
1164 2347
1163 2348
1162 2349
1161 2350
1160 2351
1159 2351
1158 2352
1157 2353
1156 2353
1155 2353
1154 2354
1153 2354
1152 2354
1151 2354
1150 2354
1149 2355
1148 2356
1147 2357
1146 2358
1145 2358
1144 2359
1143 2359
1142 2359
1141 2359
1140 2359
1139 2359
1138 2360
1137 2360
1136 2361
1135 2362
1134 2362
1133 2363
1132 2364
1131 2364
1130 2365
1129 2366
1128 2367
1127 2368
1126 2368
1125 2368
1124 2369
1123 2369
1122 2369
1121 2370
1120 2370
1119 2370
1118 2370
1117 2370
1116 2371
1115 2371
1114 2371
1113 2371
1112 2370
1111 2369
1110 2368
1109 2367
1108 2366
1107 2365
1106 2365
1105 2364
1104 2363
1103 2362
1102 2361
1102 2362
1103 2363
1103 2364
1103 2365
1104 2366
1105 2367
1106 2367
1107 2368
1108 2369
1109 2369
1110 2370
1111 2371
1112 2370
1113 2371
1114 2372
1115 2373
1116 2374
1117 2375
1118 2376
1119 2377
1120 2378
1121 2379
1122 2380
1123 2381
1123 2382
1124 2383
1124 2384
1124 2385
1124 2386
1124 2387
1124 2388
1123 2389
1122 2390
1122 2391
1121 2392
1120 2393
1119 2394
1118 2395
1117 2395
1116 2396
1115 2397
1114 2397
1113 2398
1112 2399
1111 2399
1110 2400
1109 2401
1108 2401
1107 2402
1106 2403
1105 2403
1104 2404
1103 2404
1102 2404
1101 2405
1100 2405
1099 2405
1098 2406
1097 2406
1096 2407
1095 2408
1094 2408
1093 2409
1092 2409
1091 2410
1090 2410
1089 2410
1088 2411
1087 2411
1086 2412
1085 2413
1084 2414
1083 2414
1082 2415
1081 2416
1081 2417
1080 2418
1079 2419
1078 2420
1077 2420
1076 2421
1075 2422
1074 2423
1073 2423
1072 2424
1071 2425
1070 2426
1069 2426
1068 2427
1067 2428
1066 2429
1065 2430
1064 2430
1063 2431
1062 2431
1061 2432
1060 2432
1059 2432
1058 2433
1057 2433
1056 2433
1055 2434
1054 2434
1053 2435
1052 2435
1051 2436
1050 2437
1050 2438
1049 2439
1049 2440
1048 2441
1047 2442
1046 2443
1045 2444
1044 2445
1044 2446
1043 2447
1043 2448
1042 2449
1042 2450
1041 2451
1040 2452
1039 2453
1039 2454
1038 2455
1037 2456
1036 2457
1035 2458
1034 2459
1034 2460
1033 2461
1032 2462
1032 2463
1031 2464
1030 2465
1030 2466
1029 2467
1028 2468
1028 2469
1027 2470
1027 2471
1026 2472
1026 2473
1025 2474
1024 2475
1023 2476
1022 2477
1022 2478
1021 2479
1020 2480
1020 2481
1019 2482
1019 2483
1018 2484
1018 2485
1017 2486
1017 2487
1017 2488
1016 2489
1016 2490
1015 2491
1014 2492
1013 2492
1012 2493
1011 2493
1010 2493
1009 2493
1008 2494
1007 2495
1006 2496
1005 2496
1004 2497
1003 2497
1002 2498
1001 2499
1000 2499
999 2500
998 2501
997 2501
996 2502
995 2502
994 2503
993 2503
992 2504
991 2504
990 2505
989 2506
988 2506
987 2507
986 2507
985 2508
984 2509
983 2510
982 2510
982 2511
981 2512
980 2513
980 2514
979 2515
978 2516
977 2517
976 2518
975 2519
974 2520
973 2521
973 2522
973 2523
972 2524
972 2525
972 2526
971 2527
970 2528
969 2528
969 2529
968 2530
967 2531
967 2532
966 2533
966 2534
965 2535
964 2536
963 2537
962 2538
962 2539
961 2540
960 2541
959 2542
958 2543
957 2544
956 2545
955 2546
954 2547
954 2548
953 2549
953 2550
952 2551
951 2552
950 2553
950 2554
949 2555
948 2556
947 2557
946 2558
945 2559
944 2560
944 2561
943 2562
943 2563
942 2564
942 2565
942 2566
941 2567
941 2568
940 2569
940 2570
939 2571
938 2571
937 2572
936 2573
935 2573
934 2574
933 2575
932 2576
931 2577
930 2578
929 2579
928 2579
927 2580
926 2580
926 2581
925 2582
925 2583
924 2584
924 2585
923 2586
923 2587
922 2588
921 2589
920 2590
919 2591
919 2592
918 2593
918 2594
917 2595
916 2596
915 2596
914 2597
913 2598
912 2599
911 2600
910 2601
909 2601
908 2602
907 2603
906 2604
905 2605
905 2606
904 2607
903 2608
903 2609
902 2610
901 2611
901 2612
900 2613
899 2614
899 2615
898 2616
898 2617
897 2618
896 2619
895 2620
895 2621
894 2622
894 2623
893 2624
892 2625
892 2626
891 2627
890 2628
890 2629
889 2630
888 2631
887 2632
886 2633
885 2634
884 2635
883 2636
882 2637
881 2638
880 2639
879 2640
878 2641
877 2641
876 2642
875 2643
874 2644
873 2645
872 2645
871 2646
870 2646
869 2646
868 2646
867 2646
866 2646
865 2647
864 2647
863 2647
862 2647
861 2647
860 2647
859 2648
858 2649
857 2649
856 2650
855 2650
854 2650
853 2651
852 2651
851 2651
850 2651
849 2651
848 2652
847 2652
846 2653
845 2653
844 2654
843 2655
842 2655
841 2656
840 2656
839 2656
838 2657
837 2657
836 2657
835 2657
834 2658
833 2658
833 2659
832 2660
831 2661
831 2662
832 2663
833 2663
834 2663
835 2664
836 2664
837 2664
838 2664
839 2664
840 2664
841 2664
842 2664
843 2664
844 2664
845 2664
846 2664
847 2664
848 2664
849 2664
850 2664
851 2664
852 2664
853 2665
854 2665
855 2665
856 2665
857 2665
858 2665
859 2665
860 2665
861 2665
862 2665
863 2665
864 2665
865 2665
866 2665
867 2664
868 2664
869 2663
870 2663
871 2662
872 2662
873 2662
874 2661
875 2661
876 2661
877 2661
878 2661
879 2660
880 2660
881 2660
882 2660
883 2660
884 2660
885 2660
886 2660
887 2660
888 2659
889 2660
889 2661
889 2662
889 2663
889 2664
889 2665
889 2666
889 2667
888 2668
887 2669
886 2670
885 2671
884 2672
883 2673
882 2674
881 2675
880 2676
879 2677
878 2678
878 2679
877 2680
876 2681
875 2682
875 2683
874 2684
874 2685
873 2686
872 2687
872 2688
871 2689
870 2690
869 2691
868 2692
868 2693
867 2694
867 2695
867 2696
866 2697
865 2698
864 2699
863 2699
862 2700
861 2700
860 2700
859 2700
858 2700
857 2700
856 2701
855 2702
855 2703
854 2704
853 2704
852 2705
851 2705
850 2705
850 2706
849 2707
848 2708
847 2709
846 2709
845 2710
844 2710
843 2711
842 2711
841 2711
840 2712
839 2712
838 2713
837 2714
836 2715
835 2715
834 2716
833 2716
832 2716
831 2717
830 2717
829 2718
828 2718
827 2719
826 2720
825 2720
824 2721
823 2721
822 2722
821 2722
820 2723
819 2723
818 2724
817 2725
816 2725
815 2726
814 2727
813 2728
812 2728
811 2729
810 2730
809 2731
808 2732
807 2732
806 2733
805 2733
804 2733
803 2734
802 2734
801 2735
800 2736
799 2737
798 2737
797 2738
796 2739
795 2739
794 2739
793 2740
792 2740
791 2741
790 2742
789 2743
788 2744
787 2745
786 2745
785 2746
784 2746
783 2747
782 2747
781 2748
780 2749
779 2749
778 2750
777 2751
776 2752
775 2753
774 2754
773 2755
772 2755
771 2756
770 2756
769 2757
768 2757
767 2758
766 2759
765 2759
764 2760
763 2760
762 2760
761 2761
760 2761
759 2762
758 2762
757 2762
756 2763
755 2763
754 2763
753 2764
752 2764
751 2765
750 2766
749 2766
748 2767
747 2767
746 2768
745 2768
744 2768
743 2769
742 2769
741 2770
740 2770
739 2771
738 2771
737 2772
736 2772
735 2773
734 2773
733 2773
732 2773
731 2774
730 2774
729 2775
728 2775
727 2776
726 2777
725 2777
724 2778
723 2779
722 2779
721 2780
720 2781
719 2782
718 2782
717 2783
716 2784
715 2785
714 2786
713 2787
712 2788
711 2788
710 2789
709 2789
708 2790
707 2790
706 2791
705 2791
704 2791
703 2792
702 2792
701 2793
700 2793
699 2794
698 2795
697 2796
696 2796
695 2796
694 2797
693 2797
692 2797
691 2797
690 2798
689 2798
688 2798
687 2798
686 2798
685 2798
684 2799
683 2799
682 2800
681 2800
680 2801
679 2802
678 2803
677 2804
676 2805
675 2805
674 2806
673 2807
672 2807
671 2808
670 2808
669 2808
668 2809
667 2809
666 2809
665 2810
664 2810
663 2811
662 2811
661 2812
660 2812
659 2813
658 2813
657 2813
656 2814
655 2814
654 2815
653 2815
652 2815
651 2816
650 2817
649 2818
648 2819
647 2820
648 2820
649 2821
650 2821
651 2821
652 2821
653 2821
654 2821
655 2821
656 2821
657 2821
658 2821
659 2821
660 2821
661 2822
662 2822
663 2822
664 2822
665 2822
666 2822
667 2822
668 2822
669 2822
670 2822
671 2822
672 2822
673 2822
674 2822
675 2822
676 2822
677 2822
678 2822
679 2821
680 2821
681 2821
682 2820
683 2820
684 2820
685 2819
686 2819
687 2819
688 2818
689 2818
690 2818
691 2818
692 2818
693 2818
694 2817
695 2817
696 2817
697 2816
698 2815
699 2814
700 2813
701 2812
702 2811
703 2811
704 2810
705 2809
706 2809
707 2808
708 2808
709 2808
710 2807
711 2807
712 2806
713 2806
714 2805
715 2805
716 2804
717 2804
718 2803
719 2803
720 2803
721 2802
722 2802
723 2801
724 2801
725 2801
726 2800
727 2799
728 2799
729 2798
730 2798
731 2797
732 2797
733 2797
734 2796
735 2796
736 2796
737 2795
738 2795
739 2795
740 2795
741 2794
742 2794
743 2793
744 2792
745 2791
746 2791
747 2791
748 2790
749 2790
750 2790
751 2790
752 2789
753 2789
754 2788
755 2787
756 2786
757 2786
758 2785
759 2785
760 2785
761 2784
762 2784
763 2783
764 2782
765 2782
766 2781
767 2781
768 2780
769 2780
770 2779
771 2778
772 2778
773 2777
774 2776
775 2776
776 2775
777 2775
778 2775
779 2774
780 2774
781 2773
782 2772
783 2772
784 2771
785 2770
786 2770
787 2769
788 2769
789 2769
790 2768
791 2768
792 2768
793 2767
794 2767
795 2767
796 2766
797 2765
798 2765
799 2764
800 2763
801 2763
802 2762
803 2762
804 2761
805 2760
806 2760
807 2759
808 2758
809 2758
810 2757
811 2756
812 2756
813 2755
814 2755
815 2755
816 2755
817 2755
818 2755
819 2754
820 2754
821 2753
822 2752
823 2752
824 2751
825 2751
826 2751
827 2750
828 2750
829 2750
830 2750
831 2749
832 2748
833 2747
834 2746
835 2746
836 2745
837 2745
838 2745
839 2744
840 2744
841 2743
842 2742
843 2741
844 2740
845 2740
846 2739
847 2739
847 2738
848 2737
848 2736
849 2735
850 2735
851 2734
852 2733
853 2732
854 2731
855 2730
856 2729
857 2729
858 2728
859 2727
860 2726
861 2725
862 2724
863 2723
864 2722
865 2722
866 2721
867 2720
868 2719
869 2719
870 2718
870 2717
871 2716
872 2715
872 2714
873 2713
874 2712
875 2711
876 2710
877 2709
878 2709
879 2708
880 2707
881 2706
882 2706
883 2705
884 2704
885 2704
886 2703
887 2702
888 2701
889 2700
890 2699
891 2698
891 2697
892 2696
893 2696
894 2695
895 2694
896 2693
896 2692
897 2691
897 2690
898 2689
898 2688
899 2687
899 2686
899 2685
899 2684
900 2683
900 2682
900 2681
901 2680
902 2679
903 2678
903 2677
903 2676
904 2675
905 2674
905 2673
906 2672
907 2671
907 2670
908 2669
908 2668
909 2667
910 2666
910 2665
911 2664
911 2663
912 2662
913 2662
914 2661
915 2660
916 2659
917 2658
918 2658
919 2657
920 2656
921 2655
921 2654
922 2653
923 2652
924 2651
924 2650
925 2649
926 2648
926 2647
927 2646
928 2645
928 2644
929 2643
929 2642
929 2641
930 2640
930 2639
931 2638
932 2637
932 2636
933 2635
934 2634
934 2633
935 2632
936 2631
936 2630
937 2629
938 2628
939 2627
940 2626
941 2625
942 2625
943 2624
944 2623
944 2622
945 2621
946 2620
947 2619
948 2618
949 2617
950 2617
951 2616
952 2615
953 2614
953 2613
954 2612
954 2611
955 2610
956 2609
957 2608
958 2607
958 2606
959 2605
959 2604
960 2603
960 2602
961 2601
961 2600
962 2599
963 2598
963 2597
964 2596
965 2595
965 2594
966 2593
966 2592
967 2591
968 2590
969 2589
970 2588
971 2587
972 2586
973 2585
974 2584
975 2584
976 2583
977 2582
978 2581
978 2580
979 2579
979 2578
980 2577
981 2576
982 2576
983 2575
984 2574
984 2573
985 2572
985 2571
985 2570
986 2569
986 2568
987 2567
988 2566
989 2565
989 2564
990 2563
991 2562
991 2561
991 2560
992 2559
993 2558
994 2557
995 2556
996 2555
997 2554
998 2553
999 2552
1000 2551
1001 2550
1001 2549
1002 2548
1002 2547
1003 2546
1004 2545
1005 2544
1006 2543
1007 2542
1007 2541
1008 2540
1008 2539
1009 2538
1010 2537
1011 2536
1012 2535
1013 2534
1014 2533
1015 2532
1016 2531
1017 2530
1018 2529
1019 2529
1020 2528
1021 2528
1022 2527
1023 2527
1024 2527
1025 2526
1026 2526
1027 2526
1028 2526
1028 2525
1029 2524
1030 2523
1031 2523
1031 2522
1032 2521
1033 2520
1034 2519
1035 2519
1036 2518
1037 2517
1038 2517
1039 2516
1040 2516
1041 2515
1042 2515
1043 2514
1044 2513
1045 2512
1046 2512
1047 2511
1048 2511
1049 2510
1050 2510
1050 2509
1051 2508
1052 2507
1053 2506
1054 2506
1055 2505
1056 2505
1057 2504
1058 2504
1059 2503
1060 2503
1061 2503
1062 2502
1063 2502
1064 2502
1065 2502
1066 2502
1067 2502
1067 2501
1067 2500
1067 2499
1067 2498
1067 2497
1067 2496
1067 2495
1068 2494
1068 2493
1068 2492
1069 2491
1069 2490
1070 2489
1071 2488
1072 2487
1073 2486
1074 2486
1075 2485
1076 2484
1077 2483
1077 2482
1078 2481
1079 2480
1080 2479
1081 2478
1082 2477
1083 2476
1083 2475
1084 2474
1084 2473
1085 2472
1086 2471
1087 2470
1088 2470
1088 2469
1089 2468
1090 2467
1091 2466
1092 2465
1093 2465
1094 2464
1095 2464
1096 2463
1097 2462
1098 2461
1099 2460
1100 2459
1101 2459
1102 2458
1103 2457
1104 2457
1105 2456
1106 2455
1107 2454
1108 2453
1109 2452
1110 2451
1111 2450
1112 2449
1113 2448
1114 2447
1115 2447
1116 2446
1117 2446
1118 2446
1119 2445
1120 2445
1121 2444
1122 2444
1123 2443
1124 2442
1125 2441
1126 2441
1127 2440
1128 2440
1129 2439
1130 2438
1131 2437
1132 2436
1133 2436
1134 2435
1135 2435
1136 2434
1137 2433
1138 2432
1139 2431
1140 2430
1141 2429
1142 2428
1143 2427
1144 2426
1145 2425
1146 2424
1147 2424
1148 2423
1149 2423
1150 2422
1151 2422
1152 2421
1153 2421
1154 2420
1155 2419
1156 2418
1157 2417
1158 2417
1159 2417
1160 2416
1161 2416
1162 2415
1162 2414
1163 2413
1164 2413
1165 2412
1166 2411
1167 2411
1168 2411
1169 2410
1170 2410
1171 2410
1172 2409
1173 2409
1174 2408
1174 2407
1175 2406
1176 2405
1177 2405
1178 2405
1179 2404
1180 2403
1181 2402
1182 2401
1183 2400
1184 2399
1185 2398
1186 2397
1187 2396
1188 2395
1189 2394
1190 2394
1191 2393
1192 2393
1193 2392
1193 2391
1194 2390
1194 2389
1195 2388
1196 2387
1197 2386
1198 2386
1198 2385
1199 2384
1200 2383
1201 2382
1201 2381
1202 2380
1203 2380
1204 2380
1205 2381
1206 2382
1207 2383
1207 2384
1207 2385
1207 2386
1208 2387
1208 2388
1208 2389
1208 2390
1208 2391
1208 2392
1209 2393
1210 2394
1210 2395
1211 2396
1211 2397
1211 2398
1212 2399
1212 2400
1212 2401
1213 2402
1213 2403
1213 2404
1213 2405
1213 2406
1213 2407
1213 2408
1214 2409
1214 2410
1214 2411
1214 2412
1214 2413
1214 2414
1214 2415
1214 2416
1214 2417
1214 2418
1214 2419
1214 2420
1214 2421
1214 2420
1215 2419
1215 2418
1216 2417
1216 2416
1217 2415
1217 2414
1217 2413
1218 2412
1218 2411
1218 2410
1218 2409
1219 2408
1219 2407
1219 2406
1219 2405
1219 2404
1219 2403
1219 2402
1219 2401
1220 2400
1220 2399
1221 2398
1221 2397
1222 2396
1223 2395
1224 2394
1224 2393
1225 2392
1226 2391
1226 2390
1227 2389
1228 2388
1228 2387
1229 2386
1230 2385
1230 2384
1230 2383
1231 2382
1231 2381
1231 2380
1232 2379
1232 2378
1233 2377
1234 2377
1235 2376
1236 2376
1237 2375
1238 2375
1239 2375
1240 2375
1241 2375
1242 2375
1243 2375
1244 2375
1245 2374
1246 2374
1247 2374
1248 2373
1249 2373
1250 2373
1251 2372
1252 2372
1253 2372
1254 2371
1255 2371
1256 2371
1257 2371
1258 2371
1259 2371
1260 2370
1261 2370
1262 2370
1263 2370
1264 2370
1265 2370
1266 2370
1267 2370
1268 2369
1269 2369
1270 2369
1271 2369
1272 2369
1273 2368
1274 2368
1275 2368
1276 2367
1277 2367
1278 2367
1279 2366
1280 2366
1281 2366
1282 2365
1283 2365
1284 2365
1285 2364
1286 2364
1287 2364
1288 2364
1289 2364
1290 2364
1291 2364
1292 2364
1293 2364
1294 2364
1295 2364
1296 2364
1297 2364
1298 2364
1299 2364
1300 2364
1301 2364
1302 2364
1303 2364
1304 2364
1305 2363
1306 2363
1307 2363
1308 2362
1309 2362
1310 2362
1311 2362
1312 2361
1313 2361
1314 2361
1315 2361
1316 2360
1317 2360
1318 2360
1319 2360
1320 2359
1321 2359
1322 2359
1323 2359
1324 2359
1325 2359
1326 2359
1327 2359
1328 2359
1329 2359
1330 2359
1331 2359
1332 2359
1333 2359
1334 2359
1335 2359
1336 2359
1337 2359
1338 2359
1339 2359
1340 2359
1341 2359
1342 2359
1343 2359
1344 2359
1345 2359
1346 2359
1347 2359
1348 2359
1349 2359
1350 2359
1351 2359
1352 2359
1353 2358
1354 2358
1355 2358
1356 2358
1357 2357
1358 2357
1359 2356
1360 2356
1361 2356
1362 2355
1363 2355
1364 2354
1365 2354
1366 2353
1367 2353
1368 2352
1369 2352
1370 2352
1371 2351
1372 2351
1373 2350
1374 2350
1375 2350
1376 2350
1377 2350
1378 2349
1379 2349
1380 2349
1381 2349
1382 2349
1383 2349
1384 2349
1385 2349
1386 2349
1387 2349
1388 2349
1389 2349
1390 2348
1391 2348
1392 2348
1393 2348
1394 2348
1395 2348
1396 2347
1397 2346
1398 2346
1399 2345
1400 2345
1401 2344
1402 2344
1403 2344
1404 2344
1405 2344
1406 2344
1407 2343
1408 2343
1409 2343
1410 2343
1411 2343
1412 2343
1413 2343
1414 2343
1415 2343
1416 2343
1417 2343
1418 2343
1419 2343
1420 2343
1421 2343
1422 2343
1423 2343
1424 2343
1425 2343
1426 2343
1427 2343
1428 2343
1429 2343
1430 2343
1431 2343
1432 2343
1433 2343
1434 2343
1435 2343
1436 2343
1437 2343
1438 2342
1439 2342
1440 2341
1441 2341
1442 2340
1443 2340
1444 2340
1445 2339
1446 2339
1447 2339
1448 2339
1449 2339
1450 2339
1451 2338
1452 2338
1453 2338
1454 2338
1455 2338
1456 2339
1456 2340
1455 2341
1455 2342
1454 2343
1454 2344
1454 2345
1453 2346
1453 2347
1452 2348
1452 2349
1451 2350
1451 2351
1451 2352
1450 2353
1450 2354
1449 2355
1448 2356
1448 2357
1448 2358
1447 2359
1447 2360
1447 2361
1446 2362
1446 2363
1446 2364
1446 2365
1446 2366
1446 2367
1445 2368
1445 2369
1445 2370
1445 2371
1445 2372
1445 2373
1445 2374
1444 2375
1444 2376
1444 2377
1443 2378
1443 2379
1443 2380
1442 2381
1442 2382
1441 2383
1441 2384
1441 2385
1440 2386
1441 2386
1442 2385
1442 2384
1443 2383
1444 2382
1445 2381
1445 2380
1446 2379
1447 2378
1447 2377
1448 2376
1448 2375
1448 2374
1449 2373
1449 2372
1450 2371
1450 2370
1451 2369
1451 2368
1452 2367
1453 2366
1453 2365
1454 2364
1455 2363
1455 2362
1456 2361
1457 2360
1457 2359
1458 2358
1458 2357
1459 2356
1460 2355
1460 2354
1461 2353
1462 2352
1463 2351
1464 2350
1464 2349
1465 2348
1466 2348
1467 2347
1468 2347
1469 2346
1470 2346
1471 2346
1472 2346
1473 2345
1474 2345
1475 2344
1476 2343
1477 2342
1478 2341
1479 2341
1480 2340
1481 2340
1482 2339
1483 2339
1484 2338
1485 2338
1486 2337
1487 2337
1488 2336
1489 2336
1490 2336
1491 2335
1492 2335
1493 2335
1494 2335
1495 2334
1496 2334
1497 2334
1498 2334
1499 2334
1500 2334
1501 2334
1502 2333
1503 2333
1504 2332
1505 2332
1506 2331
1507 2330
1508 2329
1509 2329
1510 2329
1511 2329
1512 2328
1513 2328
1514 2328
1515 2328
1516 2328
1517 2328
1518 2328
1519 2328
1520 2327
1521 2327
1522 2326
1523 2326
1524 2325
1525 2325
1526 2324
1527 2324
1528 2324
1529 2324
1530 2324
1531 2323
1532 2323
1533 2323
1534 2323
1535 2323
1536 2323
1537 2323
1538 2323
1539 2323
1540 2323
1541 2323
1542 2323
1543 2322
1544 2322
1545 2322
1546 2322
1547 2322
1548 2322
1549 2322
1550 2322
1551 2322
1552 2322
1553 2322
1554 2322
1555 2322
1556 2322
1557 2322
1558 2322
1559 2322
1560 2322
1561 2322
1562 2322
1563 2322
1564 2323
1565 2323
1566 2323
1567 2323
1568 2322
1569 2322
1570 2322
1571 2321
1572 2320
1573 2320
1574 2320
1575 2319
1576 2319
1577 2319
1578 2319
1579 2319
1580 2318
1581 2318
1582 2318
1583 2318
1584 2318
1585 2318
1586 2318
1587 2318
1588 2318
1589 2318
1590 2318
1591 2318
1592 2318
1593 2318
1594 2318
1595 2318
1596 2318
1597 2318
1598 2318
1599 2318
1600 2318
1601 2318
1602 2318
1603 2318
1604 2318
1605 2318
1606 2318
1607 2318
1608 2318
1609 2318
1610 2318
1611 2318
1612 2318
1613 2318
1614 2318
1615 2318
1616 2318
1617 2318
1618 2318
1619 2318
1620 2318
1621 2318
1622 2318
1623 2318
1624 2318
1625 2318
1626 2318
1627 2318
1628 2318
1629 2318
1630 2318
1631 2318
1632 2318
1633 2318
1634 2317
1635 2317
1636 2317
1637 2317
1638 2317
1639 2316
1640 2316
1641 2316
1642 2315
1643 2315
1644 2315
1645 2315
1646 2314
1647 2314
1648 2314
1649 2314
1650 2314
1651 2314
1652 2314
1653 2314
1654 2314
1655 2314
1656 2314
1657 2314
1658 2313
1659 2313
1660 2313
1661 2312
1662 2312
1663 2311
1664 2311
1665 2311
1666 2310
1667 2310
1668 2310
1669 2310
1670 2309
1671 2309
1672 2309
1673 2309
1674 2309
1675 2309
1676 2309
1677 2309
1678 2308
1679 2308
1680 2308
1681 2308
1682 2308
1683 2308
1684 2308
1685 2308
1686 2308
1687 2308
1688 2308
1689 2308
1690 2308
1691 2307
1692 2307
1693 2307
1694 2306
1695 2306
1696 2306
1697 2305
1698 2305
1699 2305
1700 2305
1701 2305
1702 2304
1703 2304
1704 2304
1705 2304
1706 2304
1707 2304
1708 2304
1709 2304
1710 2303
1711 2303
1712 2303
1713 2303
1714 2303
1715 2303
1716 2303
1717 2303
1718 2303
1719 2303
1720 2303
1721 2303
1722 2303
1723 2303
1724 2303
1725 2303
1726 2303
1727 2303
1728 2303
1729 2303
1730 2303
1731 2303
1732 2303
1733 2303
1734 2303
1735 2303
1736 2303
1737 2303
1738 2303
1739 2303
1740 2303
1741 2303
1742 2303
1743 2303
1744 2303
1745 2303
1746 2303
1747 2303
1748 2303
1749 2303
1750 2303
1751 2303
1752 2303
1753 2303
1754 2304
1755 2304
1756 2304
1757 2304
1758 2304
1759 2304
1760 2304
1761 2304
1762 2304
1763 2304
1764 2304
1765 2304
1766 2304
1767 2304
1768 2304
1769 2304
1770 2304
1771 2304
1772 2304
1773 2304
1774 2304
1775 2304
1776 2304
1777 2304
1778 2304
1779 2304
1780 2304
1781 2304
1782 2304
1783 2304
1784 2304
1785 2304
1786 2304
1787 2304
1788 2304
1789 2304
1790 2304
1791 2304
1792 2305
1793 2305
1794 2305
1795 2305
1796 2305
1797 2305
1798 2305
1799 2305
1800 2305
1801 2305
1802 2305
1803 2305
1804 2305
1805 2305
1806 2305
1807 2305
1808 2305
1809 2305
1810 2305
1811 2305
1812 2305
1813 2305
1814 2305
1815 2305
1816 2305
1817 2305
1818 2305
1819 2305
1820 2305
1821 2305
1822 2305
1823 2305
1824 2305
1825 2305
1826 2305
1827 2305
1828 2305
1829 2305
1830 2306
1831 2306
1832 2306
1833 2306
1834 2306
1835 2306
1836 2306
1837 2306
1838 2306
1839 2306
1840 2306
1841 2306
1842 2306
1843 2306
1844 2306
1845 2306
1846 2306
1847 2306
1848 2306
1849 2306
1850 2306
1851 2306
1852 2306
1853 2306
1854 2306
1855 2306
1856 2306
1857 2306
1858 2306
1859 2306
1860 2306
1861 2306
1862 2306
1863 2306
1864 2306
1865 2306
1866 2306
1867 2306
1868 2307
1869 2307
1870 2307
1871 2307
1872 2307
1873 2307
1874 2307
1875 2307
1876 2307
1877 2307
1878 2307
1879 2307
1880 2307
1881 2307
1882 2307
1883 2307
1884 2307
1885 2307
1886 2307
1887 2307
1888 2307
1889 2307
1890 2308
1890 2309
1889 2310
1888 2311
1887 2312
1886 2313
1885 2314
1884 2315
1883 2316
1882 2317
1881 2318
1880 2319
1880 2320
1879 2321
1878 2322
1877 2322
1876 2323
1875 2324
1874 2325
1873 2326
1873 2327
1872 2328
1871 2329
1870 2330
1869 2331
1868 2332
1868 2333
1867 2334
1866 2335
1866 2336
1865 2337
1864 2338
1864 2339
1863 2340
1863 2341
1862 2342
1861 2343
1860 2344
1859 2344
1858 2345
1858 2346
1857 2347
1856 2348
1856 2349
1855 2350
1854 2351
1854 2352
1853 2353
1852 2354
1852 2355
1851 2356
1850 2357
1849 2358
1849 2359
1848 2360
1847 2361
1846 2361
1845 2362
1844 2363
1843 2364
1842 2365
1843 2365
1844 2365
1845 2364
1846 2364
1847 2363
1847 2362
1848 2361
1849 2360
1850 2360
1851 2359
1852 2358
1853 2357
1854 2357
1855 2356
1856 2355
1857 2354
1858 2353
1859 2353
1860 2352
1861 2351
1862 2350
1863 2349
1864 2348
1865 2347
1865 2346
1866 2345
1867 2344
1868 2343
1869 2342
1870 2341
1871 2340
1872 2339
1873 2338
1874 2338
1875 2337
1876 2336
1877 2336
1878 2335
1879 2335
1880 2334
1881 2334
1882 2333
1883 2332
1884 2331
1885 2330
1886 2329
1887 2328
1888 2327
1889 2326
1890 2325
1891 2324
1892 2323
1893 2322
1894 2321
1895 2321
1896 2320
1897 2320
1897 2319
1898 2318
1899 2317
1900 2317
1901 2316
1902 2316
1903 2316
1904 2316
1905 2315
1906 2315
1907 2315
1908 2315
1909 2315
1910 2315
1911 2315
1912 2314
1913 2314
1914 2314
1915 2313
1916 2313
1917 2313
1918 2312
1919 2312
1920 2311
1921 2311
1922 2311
1923 2310
1924 2310
1925 2310
1926 2310
1927 2310
1928 2310
1929 2310
1930 2309
1931 2309
1932 2309
1933 2309
1934 2309
1935 2309
1936 2309
1937 2309
1938 2309
1939 2309
1940 2309
1941 2309
1942 2309
1943 2309
1944 2309
1945 2309
1946 2309
1947 2308
1948 2308
1949 2307
1950 2307
1951 2306
1952 2306
1953 2306
1954 2305
1955 2305
1956 2305
1957 2305
1958 2304
1959 2304
1960 2304
1961 2304
1962 2304
1963 2304
1964 2304
1965 2304
1966 2304
1967 2304
1968 2304
1969 2304
1970 2304
1971 2304
1972 2304
1973 2304
1974 2304
1975 2304
1976 2304
1977 2304
1978 2304
1979 2304
1980 2304
1981 2304
1982 2304
1983 2304
1984 2304
1985 2304
1986 2304
1987 2304
1988 2304
1989 2304
1990 2304
1991 2304
1992 2304
1993 2304
1994 2304
1995 2304
1996 2304
1997 2304
1998 2304
1999 2304
2000 2304
2001 2304
2002 2304
2003 2304
2004 2304
2005 2304
2006 2304
2007 2304
2008 2304
2009 2304
2010 2304
2011 2304
2012 2304
2013 2304
2014 2304
2015 2304
2016 2304
2017 2304
2018 2304
2019 2304
2020 2304
2021 2303
2022 2303
2023 2303
2024 2302
2025 2302
2026 2302
2027 2301
2028 2301
2029 2301
2030 2301
2031 2300
2032 2300
2033 2299
2034 2299
2035 2298
2036 2298
2037 2297
2038 2297
2039 2296
2040 2296
2041 2296
2042 2295
2043 2295
2044 2295
2045 2295
2046 2295
2047 2295
2048 2295
2049 2294
2050 2294
2051 2294
2052 2294
2053 2294
2054 2294
2055 2294
2056 2294
2057 2294
2058 2294
2059 2294
2060 2294
2061 2294
2062 2294
2063 2294
2064 2294
2065 2294
2066 2294
2067 2294
2068 2294
2069 2294
2070 2294
2071 2294
2072 2294
2073 2294
2074 2294
2075 2294
2076 2294
2077 2294
2078 2294
2079 2294
2080 2294
2081 2294
2082 2294
2083 2294
2084 2294
2085 2294
2086 2294
2087 2294
2088 2294
2089 2294
2090 2294
2091 2294
2092 2294
2093 2294
2094 2294
2095 2295
2096 2295
2097 2295
2098 2295
2099 2295
2100 2295
2101 2295
2102 2295
2103 2295
2104 2295
2105 2295
2106 2295
2107 2296
2108 2296
2109 2297
2110 2297
2111 2297
2112 2297
2113 2298
2114 2298
2115 2298
2116 2299
2117 2299
2118 2299
2119 2300
2120 2300
2121 2300
2122 2301
2123 2301
2124 2302
2125 2302
2126 2303
2127 2303
2128 2304
2129 2304
2130 2304
2131 2305
2132 2305
2133 2305
2134 2305
2135 2306
2136 2306
2137 2306
2138 2306
2139 2306
2140 2307
2141 2307
2142 2307
2143 2307
2144 2307
2145 2308
2146 2309
2145 2310
2145 2311
2145 2312
2144 2313
2144 2314
2143 2315
2143 2316
2142 2317
2142 2318
2141 2319
2141 2320
2140 2321
2140 2322
2139 2323
2139 2324
2138 2325
2138 2326
2137 2327
2137 2328
2136 2329
2136 2330
2135 2331
2134 2332
2133 2333
2133 2334
2132 2335
2131 2336
2130 2337
2130 2338
2129 2339
2128 2340
2128 2341
2127 2342
2126 2343
2125 2344
2125 2345
2124 2346
2123 2347
2122 2348
2121 2349
2121 2350
2120 2351
2119 2352
2118 2353
2117 2354
2117 2355
2116 2356
2115 2357
2115 2358
2114 2359
2114 2360
2113 2361
2113 2362
2112 2363
2112 2364
2112 2365
2113 2364
2114 2364
2115 2363
2116 2363
2117 2362
2118 2361
2119 2361
2120 2360
2121 2359
2122 2358
2123 2357
2124 2356
2125 2355
2126 2354
2127 2353
2128 2352
2129 2351
2130 2350
2130 2349
2131 2348
2132 2347
2133 2346
2134 2345
2135 2344
2136 2343
2137 2342
2138 2341
2139 2340
2140 2339
2141 2338
2142 2337
2143 2336
2143 2335
2144 2334
2144 2333
2145 2332
2145 2331
2146 2330
2146 2329
2147 2328
2148 2327
2149 2326
2150 2325
2150 2324
2151 2323
2151 2322
2152 2321
2153 2320
2154 2319
2155 2318
2156 2317
2156 2316
2157 2315
2158 2314
2158 2313
2159 2312
2160 2311
2161 2310
2162 2309
2163 2308
2164 2307
2165 2307
2166 2306
2167 2306
2168 2305
2169 2305
2170 2304
2171 2304
2172 2304
2173 2304
2174 2304
2175 2303
2176 2303
2177 2303
2178 2303
2179 2303
2180 2303
2181 2303
2182 2303
2183 2303
2184 2303
2185 2303
2186 2303
2187 2303
2188 2303
2189 2303
2190 2303
2191 2303
2192 2303
2193 2303
2194 2303
2195 2303
2196 2303
2197 2303
2198 2303
2199 2303
2200 2303
2201 2303
2202 2303
2203 2302
2204 2302
2205 2302
2206 2301
2207 2301
2208 2300
2209 2300
2210 2300
2211 2300
2212 2300
2213 2299
2214 2299
2215 2299
2216 2299
2217 2299
2218 2299
2219 2299
2220 2299
2221 2299
2222 2299
2223 2299
2224 2299
2225 2298
2226 2298
2227 2298
2228 2298
2229 2297
2230 2297
2231 2297
2232 2296
2233 2296
2234 2296
2235 2295
2236 2295
2237 2295
2238 2295
2239 2294
2240 2294
2241 2294
2242 2294
2243 2294
2244 2294
2245 2294
2246 2293
2247 2293
2248 2293
2249 2293
2250 2293
2251 2293
2252 2293
2253 2293
2254 2293
2255 2293
2256 2293
2257 2293
2258 2293
2259 2293
2260 2293
2261 2293
2262 2293
2263 2293
2264 2293
2265 2293
2266 2293
2267 2293
2268 2293
2269 2293
2270 2293
2271 2293
2272 2293
2273 2293
2274 2293
2275 2293
2276 2293
2277 2293
2278 2293
2279 2293
2280 2293
2281 2293
2282 2293
2283 2293
2284 2293
2285 2294
2286 2294
2287 2294
2288 2294
2289 2294
2290 2294
2291 2294
2292 2294
2293 2294
2294 2294
2295 2294
2296 2294
2297 2294
2298 2294
2299 2294
2300 2294
2301 2294
2302 2294
2303 2294
2304 2294
2305 2294
2306 2294
2307 2294
2308 2294
2309 2294
2310 2294
2311 2294
2312 2294
2313 2294
2314 2294
2315 2294
2316 2294
2317 2294
2318 2294
2319 2294
2320 2294
2321 2294
2322 2295
2323 2295
2324 2295
2325 2295
2326 2295
2327 2295
2328 2295
2329 2295
2330 2295
2331 2295
2332 2295
2333 2295
2334 2295
2335 2295
2336 2295
2337 2295
2338 2295
2339 2295
2340 2295
2341 2295
2342 2295
2343 2295
2344 2295
2345 2295
2346 2295
2347 2295
2348 2295
2349 2295
2350 2295
2351 2295
2352 2295
2353 2295
2354 2295
2355 2295
2356 2295
2357 2295
2358 2295
2359 2295
2360 2296
2361 2296
2362 2296
2363 2296
2364 2296
2365 2296
2366 2296
2367 2296
2368 2296
2369 2296
2370 2296
2371 2296
2372 2296
2373 2296
2374 2296
2375 2297
2375 2298
2376 2299
2376 2300
2376 2301
2376 2302
2376 2303
2376 2304
2376 2305
2376 2306
2376 2307
2376 2308
2377 2309
2377 2310
2378 2311
2379 2312
2380 2313
2380 2314
2380 2315
2380 2316
2381 2317
2381 2318
2381 2319
2381 2320
2381 2321
2381 2322
2381 2323
2381 2324
2381 2325
2381 2326
2381 2327
2381 2328
2381 2329
2381 2330
2381 2331
2381 2332
2382 2333
2382 2334
2382 2335
2382 2336
2382 2337
2382 2338
2382 2339
2382 2340
2382 2341
2382 2342
2382 2343
2381 2344
2381 2345
2381 2346
2381 2347
2381 2348
2381 2349
2381 2350
2381 2351
2381 2352
2381 2353
2381 2354
2380 2355
2380 2356
2379 2357
2379 2358
2378 2359
2378 2360
2378 2361
2377 2362
2377 2363
2377 2364
2376 2365
2376 2366
2375 2367
2375 2368
2374 2369
2373 2370
2372 2371
2372 2372
2371 2373
2370 2374
2370 2375
2369 2376
2368 2377
2367 2378
2367 2379
2366 2380
2365 2381
2364 2382
2363 2383
2363 2384
2362 2385
2361 2385
2360 2386
2359 2387
2358 2388
2357 2389
2356 2389
2355 2390
2354 2391
2353 2392
2352 2393
2351 2394
2350 2395
2349 2396
2348 2397
2347 2398
2348 2397
2349 2397
2350 2396
2351 2395
2352 2395
2353 2394
2354 2394
2355 2393
2356 2392
2357 2392
2358 2391
2359 2390
2360 2390
2361 2389
2362 2389
2363 2389
2364 2388
2365 2388
2366 2387
2367 2387
2368 2386
2369 2386
2370 2385
2371 2384
2372 2384
2373 2383
2374 2382
2375 2381
2376 2380
2377 2379
2378 2379
2379 2378
2380 2378
2381 2377
2382 2376
2383 2375
2384 2374
2385 2373
2386 2373
2387 2373
2388 2372
2389 2372
2390 2371
2391 2371
2392 2370
2393 2370
2394 2369
2395 2368
2396 2367
2397 2367
2398 2366
2399 2366
2400 2366
2401 2365
2402 2365
2403 2365
2404 2364
2405 2364
2406 2364
2407 2364
2408 2364
2409 2363
2410 2363
2411 2363
2412 2363
2413 2363
2414 2363
2415 2363
2416 2363
2417 2363
2418 2363
2419 2363
2420 2363
2421 2363
2422 2363
2423 2363
2424 2363
2425 2363
2426 2363
2427 2363
2428 2363
2429 2364
2430 2363
2431 2363
2432 2363
2433 2364
2434 2364
2435 2364
2436 2364
2437 2364
2438 2364
2439 2364
2440 2364
2441 2365
2442 2365
2443 2366
2444 2366
2445 2366
2446 2367
2447 2367
2448 2368
2449 2368
2450 2368
2451 2368
2452 2369
2453 2369
2454 2369
2455 2369
2456 2370
2457 2370
2458 2371
2458 2372
2458 2373
2459 2374
2459 2375
2459 2376
2460 2377
2461 2378
2462 2379
2462 2380
2462 2381
2463 2382
2463 2383
2463 2384
2464 2385
2465 2386
2466 2387
2467 2388
2468 2389
2469 2390
2470 2391
2471 2391
2472 2392
2472 2393
2473 2394
2473 2395
2474 2396
2474 2397
2474 2398
2474 2399
2475 2400
2475 2401
2475 2402
2475 2403
2475 2404
2475 2405
2475 2406
2476 2407
2476 2408
2476 2409
2476 2410
2476 2411
2476 2412
2476 2413
2476 2414
2476 2415
2476 2416
2476 2417
2476 2418
2476 2419
2476 2420
2476 2421
2476 2422
2475 2423
2475 2424
2475 2425
2475 2426
2474 2427
2474 2428
2474 2429
2473 2430
2473 2431
2472 2432
2472 2433
2472 2434
2472 2435
2471 2436
2471 2437
2471 2438
2471 2439
2471 2440
2470 2441
2470 2442
2470 2443
2470 2444
2470 2445
2470 2446
2470 2447
2470 2448
2469 2449
2469 2450
2469 2451
2468 2452
2468 2453
2468 2454
2467 2455
2467 2456
2466 2457
2466 2458
2466 2459
2466 2460
2465 2461
2465 2462
2465 2463
2465 2464
2465 2465
2464 2466
2464 2467
2464 2468
2464 2469
2463 2470
2463 2471
2462 2472
2462 2473
2461 2474
2461 2475
2460 2476
2460 2477
2460 2478
2459 2479
2459 2480
2459 2481
2458 2482
2458 2483
2457 2484
2457 2485
2456 2486
2455 2487
2454 2488
2453 2489
2453 2490
2452 2491
2452 2492
2451 2493
2451 2494
2452 2493
2453 2492
2454 2491
2454 2490
2455 2489
2455 2488
2456 2487
2457 2486
2457 2485
2458 2484
2459 2483
2459 2482
2460 2481
2461 2480
2462 2479
2463 2478
2463 2477
2464 2476
2465 2475
2466 2474
2466 2473
2467 2472
2468 2471
2468 2470
2469 2469
2470 2468
2471 2467
2471 2466
2472 2465
2473 2464
2474 2463
2475 2462
2476 2461
2477 2460
2477 2459
2478 2458
2479 2457
2480 2456
2480 2455
2481 2454
2482 2453
2483 2452
2483 2451
2484 2450
2485 2449
2486 2448
2486 2447
2487 2446
2488 2445
2488 2444
2489 2443
2490 2442
2490 2441
2491 2440
2492 2439
2492 2438
2493 2437
2493 2436
2494 2435
2494 2434
2495 2433
2495 2432
2496 2431
2497 2430
2497 2429
2498 2428
2498 2427
2499 2426
2500 2425
2501 2425
2502 2425
2503 2425
2504 2425
2505 2425
2506 2426
2507 2426
2508 2426
2509 2426
2510 2426
2511 2426
2512 2426
2513 2426
2514 2426
2515 2427
2516 2427
2517 2428
2518 2429
2519 2429
2520 2430
2521 2430
2522 2430
2523 2431
2524 2432
2525 2433
2526 2434
2527 2435
2528 2436
2529 2437
2529 2438
2530 2439
2531 2440
2532 2440
2533 2441
2534 2442
2535 2442
2536 2442
2537 2443
2538 2443
2539 2443
2540 2444
2541 2444
2542 2445
2542 2446
2543 2447
2544 2447
2545 2448
2546 2448
2547 2449
2548 2450
2549 2451
2550 2452
2551 2453
2552 2453
2553 2454
2554 2454
2555 2454
2556 2455
2557 2455
2558 2455
2559 2456
2560 2456
2561 2456
2562 2457
2563 2458
2564 2459
2565 2460
2566 2460
2567 2461
2568 2462
2569 2463
2570 2464
2571 2464
2572 2465
2573 2465
2574 2466
2575 2466
2576 2466
2577 2467
2578 2467
2579 2467
2580 2467
2581 2468
2582 2468
2583 2468
2584 2469
2585 2469
2586 2469
2587 2469
2588 2469
2589 2469
2590 2469
2591 2470
2592 2471
2593 2471
2594 2472
2595 2473
2596 2473
2597 2474
2598 2475
2599 2476
2599 2477
2600 2478
2599 2479
2599 2480
2599 2481
2599 2482
2598 2483
2598 2484
2597 2485
2597 2486
2596 2487
2595 2488
2595 2489
2594 2490
2594 2491
2593 2492
2592 2493
2591 2494
2590 2495
2590 2496
2589 2497
2588 2498
2588 2499
2587 2500
2586 2501
2586 2502
2585 2503
2584 2504
2584 2505
2583 2506
2584 2505
2584 2504
2585 2503
2586 2502
2587 2501
2588 2500
2589 2499
2590 2498
2591 2497
2592 2496
2593 2495
2594 2495
2595 2495
2596 2495
2597 2495
2598 2495
2599 2495
2600 2495
2601 2495
2602 2495
2603 2495
2604 2495
2605 2495
2606 2495
2607 2495
2608 2495
2609 2495
2610 2495
2611 2495
2612 2495
2613 2495
2614 2495
2615 2495
2616 2495
2617 2495
2618 2495
2619 2495
2620 2495
2621 2495
2622 2495
2623 2495
2624 2495
2625 2495
2626 2495
2627 2495
2628 2495
2629 2495
2630 2495
2631 2495
2632 2495
2633 2495
2634 2495
2635 2495
2636 2495
2637 2495
2638 2495
2639 2495
2640 2495
2641 2495
2642 2495
2643 2495
2644 2495
2645 2496
2645 2497
2644 2498
2643 2499
2642 2499
2641 2500
2640 2501
2639 2502
2639 2503
2638 2504
2637 2505
2636 2506
2636 2507
2635 2508
2635 2509
2634 2510
2633 2511
2633 2512
2633 2513
2632 2514
2632 2515
2631 2516
2631 2517
2630 2518
2629 2519
2628 2520
2627 2521
2627 2522
2626 2523
2626 2524
2626 2525
2625 2526
2624 2527
2623 2528
2622 2528
2621 2529
2620 2530
2620 2531
2619 2532
2618 2533
2617 2534
2616 2535
2615 2536
2614 2537
2613 2538
2612 2539
2611 2540
2610 2541
2609 2541
2608 2542
2607 2543
2606 2544
2605 2545
2604 2546
2604 2547
2603 2548
2602 2549
2602 2550
2601 2551
2601 2552
2600 2553
2600 2554
2599 2555
2598 2556
2597 2557
2596 2558
2596 2559
2595 2560
2594 2561
2593 2562
2592 2562
2591 2563
2590 2564
2589 2564
2588 2565
2589 2565
2590 2565
2591 2565
2592 2565
2593 2565
2594 2564
2595 2564
2596 2564
2597 2564
2598 2563
2599 2563
2600 2563
2601 2562
2602 2562
2603 2561
2604 2561
2605 2560
2606 2560
2607 2559
2608 2559
2609 2558
2610 2557
2611 2557
2612 2556
2613 2556
2614 2555
2615 2555
2616 2554
2617 2554
2618 2553
2619 2553
2620 2553
2621 2552
2622 2552
2623 2552
2624 2551
2625 2551
2626 2550
2627 2550
2628 2549
2629 2549
2630 2548
2631 2548
2632 2547
2633 2547
2634 2546
2635 2545
2636 2544
2637 2543
2638 2543
2639 2542
2640 2541
2641 2541
2642 2540
2643 2540
2644 2540
2645 2539
2646 2539
2647 2539
2648 2539
2649 2539
2650 2538
2651 2538
2652 2538
2653 2537
2654 2537
2655 2536
2656 2536
2657 2535
2658 2535
2659 2535
2660 2534
2661 2534
2662 2534
2663 2533
2664 2533
2665 2533
2666 2533
2667 2533
2668 2533
2669 2533
2670 2533
2671 2533
2672 2533
2673 2533
2674 2533
2675 2533
2676 2533
2677 2533
2678 2533
2679 2533
2680 2533
2681 2533
2682 2533
2683 2533
2684 2533
2685 2533
2686 2533
2687 2533
2688 2533
2689 2533
2690 2533
2691 2533
2692 2533
2693 2533
2694 2533
2695 2533
2696 2533
2697 2533
2698 2533
2699 2533
2700 2533
2701 2533
2702 2533
2703 2533
2704 2533
2705 2533
2706 2533
2707 2533
2708 2533
2709 2533
2710 2533
2711 2533
2712 2533
2713 2533
2714 2533
2715 2533
2716 2533
2717 2533
2718 2534
2719 2535
2719 2536
2720 2536
2721 2537
2722 2538
2723 2539
2724 2540
2725 2541
2726 2542
2727 2543
2728 2544
2729 2545
2730 2546
2730 2547
2731 2548
2732 2548
2733 2549
2734 2550
2734 2551
2735 2552
2735 2553
2736 2554
2736 2555
2737 2556
2737 2557
2738 2558
2739 2559
2739 2560
2740 2561
2740 2562
2740 2563
2740 2564
2741 2565
2742 2566
2743 2567
2744 2568
2745 2569
2746 2569
2747 2570
2748 2571
2749 2572
2750 2573
2751 2574
2752 2575
2753 2576
2754 2577
2755 2578
2756 2579
2757 2580
2758 2581
2759 2582
2760 2583
2760 2584
2761 2585
2761 2586
2762 2587
2762 2588
2763 2589
2764 2590
2765 2591
2766 2591
2767 2592
2768 2593
2769 2593
2770 2594
2771 2595
2772 2596
2773 2596
2774 2597
2775 2597
2776 2598
2777 2598
2778 2599
2779 2599
2780 2600
2781 2601
2782 2601
2783 2602
2784 2603
2785 2604
2786 2605
2787 2606
2787 2607
2788 2608
2788 2609
2788 2610
2789 2611
2789 2612
2790 2613
2790 2614
2791 2615
2791 2616
2791 2617
2792 2618
2792 2619
2792 2620
2792 2621
2793 2622
2793 2623
2793 2624
2793 2625
2794 2626
2794 2627
2794 2628
2795 2629
2795 2630
2796 2631
2796 2632
2797 2633
2797 2634
2797 2635
2798 2636
2798 2637
2798 2638
2799 2639
2799 2640
2800 2641
2800 2642
2801 2643
2801 2644
2802 2645
2802 2646
2803 2647
2803 2648
2803 2649
2804 2650
2804 2651
2804 2652
2805 2653
2805 2654
2805 2655
2805 2656
2805 2657
2805 2658
2805 2659
2805 2660
2806 2661
2806 2662
2806 2663
2806 2664
2805 2665
2806 2666
2805 2667
2805 2668
2805 2669
2805 2670
2805 2671
2805 2672
2805 2673
2805 2674
2805 2675
2805 2676
2805 2677
2805 2678
2805 2679
2805 2680
2805 2681
2805 2682
2805 2683
2805 2684
2805 2685
2805 2686
2805 2687
2806 2688
2806 2689
2807 2690
2807 2691
2808 2692
2808 2693
2809 2694
2810 2695
2811 2696
2812 2697
2813 2697
2814 2698
2815 2699
2816 2700
2817 2701
2818 2702
2819 2703
2820 2703
2821 2704
2822 2705
2823 2706
2824 2707
2825 2708
2826 2708
2827 2709
2828 2709
2829 2710
2830 2711
2831 2712
2832 2712
2833 2713
2834 2713
2835 2713
2836 2714
2837 2714
2838 2714
2839 2714
2840 2715
2841 2715
2842 2715
2843 2715
2844 2715
2845 2716
2846 2716
2847 2716
2848 2716
2849 2716
2850 2716
2851 2716
2852 2716
2853 2717
2854 2717
2855 2717
2856 2717
2857 2717
2858 2717
2859 2717
2860 2717
2861 2717
2862 2717
2863 2717
2864 2717
2865 2717
2866 2718
2867 2718
2868 2718
2869 2718
2870 2718
2871 2718
2872 2718
2873 2718
2874 2718
2875 2718
2876 2718
2877 2718
2878 2718
2879 2718
2880 2718
2881 2718
2882 2718
2883 2718
2884 2718
2885 2717
2886 2717
2887 2717
2888 2716
2889 2716
2890 2715
2891 2715
2892 2715
2893 2715
2894 2714
2895 2714
2896 2714
2897 2714
2898 2713
2899 2713
2900 2713
2901 2713
2902 2713
2903 2713
2904 2713
2905 2713
2906 2713
2907 2713
2908 2713
2909 2713
2910 2713
2911 2713
2912 2713
2913 2713
2914 2713
2915 2713
2916 2714
2917 2714
2918 2714
2919 2715
2920 2715
2921 2715
2922 2716
2923 2716
2924 2716
2925 2717
2926 2717
2927 2717
2928 2717
2929 2718
2930 2718
2931 2718
2932 2718
2933 2719
2934 2719
2935 2719
2936 2719
2937 2719
2938 2719
2939 2719
2940 2719
2941 2719
2942 2719
2943 2720
2944 2720
2945 2720
2946 2720
2947 2720
2948 2721
2949 2722
2950 2722
2951 2723
2952 2724
2953 2724
2954 2724
2955 2724
2956 2724
2957 2725
2958 2725
2959 2726
2960 2727
2961 2727
2962 2728
2963 2729
2964 2730
2965 2731
2966 2732
2967 2733
2968 2733
2969 2734
2970 2734
2971 2735
2972 2735
2973 2736
2974 2736
2975 2736
2976 2736
2977 2737
2978 2737
2979 2737
2980 2738
2981 2738
2982 2738
2983 2739
2984 2740
2985 2740
2986 2741
2987 2741
2988 2742
2989 2742
2990 2743
2991 2743
2992 2744
2993 2744
2994 2745
2995 2746
2995 2747
2995 2748
2995 2749
2995 2750
2995 2751
2995 2752
2995 2753
2995 2754
2995 2755
2995 2756
2995 2757
2995 2756
2996 2755
2996 2754
2996 2753
2996 2752
2997 2751
2997 2750
2997 2749
2998 2748
2998 2747
2998 2746
2999 2745
2999 2744
2999 2743
2999 2742
3000 2741
3000 2740
3000 2739
3000 2738
3000 2737
3000 2736
3000 2735
3001 2734
3001 2733
3001 2732
3002 2731
3002 2730
3003 2729
3003 2728
3004 2727
3005 2726
3005 2725
3006 2724
3006 2723
3007 2722
3008 2721
3008 2720
3009 2719
3010 2718
3011 2717
3012 2716
3013 2715
3014 2714
3015 2714
3016 2713
3017 2712
3018 2711
3019 2711
3020 2711
3021 2711
3022 2711
3023 2711
3024 2712
3025 2712
3026 2713
3027 2713
3028 2713
3029 2714
3030 2714
3031 2714
3032 2715
3033 2715
3034 2716
3035 2716
3036 2717
3037 2718
3038 2718
3039 2719
3040 2720
3041 2720
3042 2720
3043 2721
3044 2721
3045 2721
3046 2722
3047 2722
3048 2723
3049 2723
3050 2724
3051 2724
3052 2725
3053 2725
3054 2726
3055 2726
3056 2727
3057 2727
3058 2727
3059 2727
3060 2727
3061 2728
3062 2728
3063 2728
3064 2728
3065 2728
3066 2728
3067 2728
3068 2728
3069 2729
3070 2729
3071 2729
3072 2729
3073 2729
3074 2729
3075 2729
3076 2729
3077 2729
3078 2729
3079 2729
3080 2729
3081 2729
3082 2729
3083 2729
3084 2729
3085 2729
3086 2729
3087 2730
3088 2730
3089 2730
3090 2730
3091 2730
3092 2730
3093 2730
3094 2730
3095 2730
3096 2730
3097 2730
3098 2730
3099 2730
3100 2730
3101 2730
3102 2730
3103 2730
3104 2730
3105 2730
3106 2730
3107 2730
3108 2730
3109 2730
3110 2730
3111 2730
3112 2730
3113 2730
3114 2730
3115 2730
3116 2730
3117 2730
3118 2730
3119 2730
3120 2730
3121 2730
3122 2730
3123 2730
3124 2731
3125 2731
3126 2731
3127 2731
3128 2732
3129 2732
3130 2733
3131 2733
3132 2733
3133 2734
3134 2734
3135 2735
3136 2735
3137 2735
3138 2736
3139 2736
3140 2737
3141 2738
3142 2739
3143 2739
3144 2740
3145 2740
3146 2741
3147 2741
3148 2741
3149 2741
3150 2742
3151 2742
3152 2742
3153 2742
3154 2742
3155 2743
3156 2743
3157 2743
3158 2743
3159 2743
3160 2743
3161 2743
3162 2743
3163 2743
3164 2743
3165 2743
3166 2744
3167 2744
3168 2744
3169 2744
3170 2744
3171 2744
3172 2744
3173 2744
3174 2744
3175 2743
3176 2743
3177 2743
3178 2743
3179 2742
3180 2742
3181 2742
3182 2741
3183 2741
3184 2741
3185 2741
3186 2741
3187 2740
3188 2740
3189 2740
3190 2740
3191 2740
3192 2740
3193 2739
3194 2739
3195 2739
3196 2739
3197 2739
3198 2739
3199 2739
3200 2739
3201 2739
3202 2739
3203 2738
3204 2738
3205 2737
3206 2737
3207 2736
3208 2736
3209 2736
3210 2735
3211 2735
3212 2735
3213 2735
3214 2735
3215 2734
3216 2734
3217 2734
3218 2734
3219 2734
3220 2734
3221 2734
3222 2734
3223 2734
3224 2734
3225 2734
3226 2734
3227 2734
3228 2734
3229 2734
3230 2734
3231 2734
3232 2734
3233 2733
3234 2733
3235 2732
3236 2732
3237 2731
3238 2731
3239 2731
3240 2730
3241 2730
3242 2730
3243 2730
3244 2729
3245 2729
3246 2729
3247 2729
3248 2729
3249 2729
3250 2729
3251 2729
3252 2729
3253 2729
3254 2729
3255 2729
3256 2728
3257 2728
3258 2728
3259 2728
3260 2728
3261 2728
3262 2728
3263 2728
3264 2728
3265 2728
3266 2728
3267 2728
3268 2728
3269 2728
3270 2728
3271 2728
3272 2728
3273 2728
3274 2729
3275 2729
3276 2729
3277 2728
3278 2728
3279 2727
3280 2727
3281 2726
3282 2726
3283 2725
3284 2724
3285 2723
3286 2722
3287 2721
3288 2720
3289 2719
3290 2719
3291 2718
3292 2717
3293 2716
3294 2716
3295 2715
3296 2715
3297 2715
3298 2714
3299 2714
3300 2714
3301 2713
3302 2713
3303 2713
3304 2713
3305 2712
3306 2712
3307 2711
3308 2710
3309 2710
3310 2709
3311 2709
3312 2708
3313 2707
3314 2707
3315 2706
3315 2705
3316 2704
3317 2703
3318 2702
3319 2701
3320 2701
3321 2700
3322 2699
3323 2699
3324 2698
3325 2698
3326 2697
3327 2697
3328 2696
3329 2695
3330 2695
3331 2694
3332 2693
3333 2693
3334 2692
3335 2691
3336 2691
3337 2690
3338 2690
3339 2690
3340 2690
3341 2689
3342 2689
3343 2689
3344 2689
3345 2689
3346 2689
3347 2689
3348 2689
3349 2689
3350 2689
3351 2689
3352 2689
3353 2689
3354 2689
3355 2689
3356 2688
3357 2688
3358 2687
3359 2686
3360 2686
3361 2685
3362 2685
3363 2685
3364 2684
3365 2684
3366 2683
3367 2682
3367 2681
3368 2680
3369 2679
3370 2678
3371 2677
3372 2676
3372 2675
3373 2674
3373 2673
3374 2672
3375 2671
3376 2670
3377 2669
3378 2668
3379 2668
3380 2668
3381 2667
3382 2667
3383 2666
3384 2665
3384 2664
3385 2663
3386 2662
3386 2661
3386 2660
3386 2659
3387 2658
3387 2657
3387 2656
3387 2655
3387 2654
3387 2653
3387 2652
3388 2651
3388 2650
3388 2649
3388 2648
3388 2647
3388 2646
3388 2645
3388 2644
3388 2643
3388 2642
3388 2641
3388 2640
3388 2639
3388 2638
3389 2637
3389 2636
3389 2635
3389 2634
3389 2633
3389 2632
3389 2631
3389 2630
3389 2629
3389 2628
3389 2627
3389 2626
3389 2625
3389 2624
3389 2623
3389 2622
3389 2621
3389 2620
3389 2619
3389 2618
3389 2617
3389 2616
3389 2615
3389 2614
3389 2613
3389 2612
3389 2611
3390 2610
3390 2609
3391 2608
3391 2607
3391 2606
3392 2605
3392 2604
3393 2603
3393 2602
3393 2601
3393 2600
3394 2599
3394 2598
3394 2597
3394 2596
3394 2595
3394 2594
3395 2593
3395 2592
3395 2591
3395 2590
3395 2589
3395 2588
3395 2587
3396 2586
3396 2585
3396 2584
3397 2583
3397 2582
3398 2581
3398 2580
3399 2579
3399 2578
3399 2577
3400 2576
3401 2575
3402 2574
3403 2573
3404 2572
3405 2571
3406 2570
3407 2569
3408 2568
3409 2568
3410 2567
3411 2567
3412 2567
3413 2566
3414 2566
3415 2566
3416 2565
3416 2564
3417 2563
3418 2562
3419 2562
3420 2561
3421 2560
3422 2559
3423 2558
3424 2558
3425 2557
3426 2556
3427 2556
3428 2555
3429 2555
3430 2554
3431 2553
3432 2553
3433 2552
3434 2551
3435 2550
3436 2549
3437 2549
3438 2548
3439 2548
3440 2548
3441 2547
3442 2547
3443 2546
3444 2545
3445 2545
3446 2544
3447 2543
3448 2543
3449 2543
3450 2542
3451 2542
3452 2542
3453 2542
3454 2542
3455 2542
3456 2542
3457 2542
3458 2542
3459 2542
3460 2542
3461 2541
3462 2541
3463 2541
3464 2541
3465 2541
3466 2541
3467 2541
3468 2541
3469 2542
3470 2542
3471 2542
3472 2542
3473 2542
3474 2542
3475 2542
3476 2542
3477 2542
3478 2542
3479 2542
3480 2542
3481 2542
3482 2542
3483 2542
3484 2542
3485 2542
3486 2542
3487 2542
3488 2542
3489 2542
3490 2542
3491 2542
3492 2542
3493 2542
3494 2542
3495 2542
3496 2542
3497 2542
3498 2542
3499 2542
3500 2542
3501 2542
3502 2542
3503 2542
3504 2542
3505 2542
3506 2542
3507 2542
3508 2542
3509 2542
3510 2542
3511 2542
3512 2542
3513 2542
3514 2543
3515 2542
3516 2542
3517 2542
3518 2542
3519 2541
3520 2541
3521 2541
3522 2540
3523 2540
3524 2540
3525 2539
3526 2539
3527 2539
3528 2539
3529 2538
3530 2538
3531 2538
3532 2538
3533 2538
3534 2538
3535 2538
3536 2538
3537 2538
3538 2538
3539 2538
3540 2538
3541 2537
3542 2538
3543 2537
3544 2537
3545 2537
3546 2537
3547 2537
3548 2537
3549 2537
3550 2537
3551 2536
3552 2535
3553 2534
3554 2533
3555 2532
3556 2532
3557 2531
3558 2530
3559 2530
3560 2529
3561 2529
3562 2528
3563 2527
3564 2527
3565 2526
3566 2525
3567 2525
3568 2524
3569 2524
3570 2523
3571 2523
3572 2523
3573 2522
3574 2522
3575 2521
3575 2520
3576 2519
3576 2518
3577 2517
3578 2516
3579 2516
3580 2515
3581 2515
3582 2515
3583 2515
3584 2515
3585 2515
3586 2515
3587 2515
3588 2515
3589 2515
3590 2515
3591 2515
3592 2515
3593 2515
3594 2515
3595 2515
3596 2515
3597 2515
3598 2515
3599 2515
3600 2515
3601 2515
3602 2515
3603 2515
3604 2515
3605 2515
3606 2515
3607 2515
3608 2515
3609 2515
3610 2515
3611 2515
3612 2515
3613 2515
3614 2515
3615 2515
3616 2515
3617 2515
3618 2515
3619 2515
3620 2515
3621 2515
3622 2515
3623 2515
3624 2515
3625 2515
3626 2515
3627 2515
3628 2515
3629 2515
3630 2514
3631 2514
3632 2513
3633 2513
3634 2512
3635 2511
3635 2510
3636 2509
3637 2508
3638 2507
3639 2506
3640 2505
3640 2504
3641 2503
3642 2502
3643 2501
3644 2500
3645 2499
3646 2498
3646 2497
3647 2496
3648 2495
3649 2494
3650 2494
3651 2493
3652 2493
3653 2493
3654 2493
3655 2493
3656 2493
3657 2492
3658 2492
3659 2491
3660 2491
3661 2490
3662 2490
3663 2490
3664 2490
3665 2489
3666 2489
3667 2489
3668 2488
3669 2488
3670 2487
3671 2486
3672 2485
3673 2485
3674 2484
3675 2484
3676 2483
3677 2483
3678 2483
3679 2482
3680 2482
3681 2482
3682 2482
3683 2482
3684 2482
3685 2482
3686 2482
3687 2482
3688 2481
3689 2481
3690 2481
3691 2481
3692 2481
3693 2481
3694 2481
3695 2481
3696 2481
3697 2481
3698 2481
3699 2482
3700 2482
3701 2481
3702 2482
3703 2482
3704 2482
3705 2482
3706 2482
3707 2482
3708 2482
3709 2482
3710 2482
3711 2482
3712 2482
3713 2482
3714 2482
3715 2482
3716 2482
3717 2482
3718 2482
3719 2482
3720 2482
3721 2482
3722 2482
3723 2482
3724 2482
3725 2482
3726 2482
3727 2482
3728 2482
3729 2482
3730 2482
3731 2482
3732 2482
3733 2482
3734 2482
3735 2482
3736 2482
3737 2482
3738 2482
3739 2482
3740 2482
3741 2482
3742 2482
3743 2482
3744 2482
3745 2482
3746 2482
3747 2482
3748 2482
3749 2483
3750 2483
3751 2483
3752 2483
3753 2483
3754 2483
3755 2483
3756 2483
3757 2483
3758 2483
3759 2483
3760 2483
3761 2483
3762 2483
3763 2483
3764 2483
3765 2483
3766 2483
3767 2483
3768 2483
3769 2483
3770 2483
3771 2482
3772 2482
3773 2482
3774 2481
3775 2481
3776 2481
3777 2480
3778 2480
3779 2480
3780 2480
3781 2479
3782 2479
3783 2479
3784 2479
3785 2478
3786 2478
3787 2478
3788 2478
3789 2477
3790 2477
3791 2476
3792 2475
3793 2474
3794 2474
3795 2473
3796 2473
3797 2473
3798 2472
3799 2471
3800 2471
3801 2470
3802 2470
3803 2469
3804 2469
3805 2468
3806 2468
3807 2467
3808 2466
3809 2465
3810 2464
3811 2463
3812 2462
3813 2461
3814 2460
3815 2460
3816 2459
3817 2458
3818 2458
3819 2457
3820 2457
3821 2456
3822 2455
3823 2454
3824 2453
3825 2452
3826 2451
3827 2450
3828 2450
3829 2449
3830 2448
3831 2448
3832 2447
3833 2446
3834 2446
3834 2445
3835 2444
3836 2443
3837 2442
3838 2441
3839 2440
3840 2439
3840 2438
3841 2437
3841 2436
3842 2435
3843 2434
3844 2433
3845 2432
3846 2431
3847 2430
3847 2429
3848 2428
3849 2427
3850 2426
3851 2425
3852 2424
3853 2423
3854 2423
3855 2422
3856 2421
3857 2420
3858 2419
3859 2418
3859 2417
3860 2416
3860 2415
3861 2414
3861 2413
3862 2412
3862 2411
3863 2410
3864 2409
3864 2408
3865 2407
3865 2406
3866 2405
3866 2404
3867 2403
3868 2402
3868 2401
3869 2400
3869 2399
3870 2398
3870 2397
3871 2396
3871 2395
3872 2394
3872 2393
3872 2392
3873 2391
3873 2390
3874 2389
3874 2388
3874 2387
3875 2386
3875 2385
3876 2384
3877 2383
3877 2382
3878 2381
3878 2380
3879 2379
3879 2378
3880 2377
3881 2376
3881 2375
3882 2374
3882 2373
3883 2372
3884 2371
3884 2370
3884 2369
3884 2368
3885 2367
3885 2366
3885 2365
3885 2364
3886 2363
3886 2362
3886 2361
3886 2360
3887 2359
3887 2358
3887 2357
3887 2356
3887 2355
3887 2354
3887 2353
3888 2352
3888 2351
3888 2350
3888 2349
3888 2348
3888 2347
3888 2346
3888 2345
3888 2344
3889 2343
3889 2342
3889 2341
3890 2340
3891 2339
3891 2338
3891 2337
3892 2336
3892 2335
3892 2334
3893 2333
3893 2332
3893 2331
3894 2330
3894 2329
3894 2328
3895 2327
3895 2326
3896 2325
3896 2324
3896 2323
3897 2322
3897 2321
3897 2320
3898 2319
3898 2318
3898 2317
3899 2316
3899 2315
3899 2314
3900 2313
3900 2312
3900 2311
3901 2310
3901 2309
3901 2308
3901 2307
3901 2306
3901 2305
3901 2304
3902 2303
3902 2302
3902 2301
3902 2300
3902 2299
3902 2298
3902 2297
3902 2296
3902 2295
3902 2294
3902 2293
3902 2292
3902 2291
3902 2290
3902 2289
3902 2288
3902 2287
3902 2286
3902 2285
3902 2284
3902 2283
3902 2282
3902 2281
3902 2280
3902 2279
3902 2278
3903 2277
3903 2276
3903 2275
3903 2274
3903 2273
3903 2272
3903 2271
3903 2270
3903 2269
3903 2268
3903 2267
3903 2266
3903 2265
3903 2264
3903 2263
3903 2262
3903 2261
3903 2260
3903 2259
3903 2258
3903 2257
3903 2256
3903 2255
3903 2254
3903 2253
3903 2252
3903 2251
3903 2250
3903 2249
3903 2248
3903 2247
3903 2246
3903 2245
3903 2244
3903 2243
3903 2242
3904 2241
3904 2240
3904 2239
3904 2238
3904 2237
3903 2236
3903 2235
3903 2234
3903 2233
3902 2232
3902 2231
3902 2230
3901 2229
3901 2228
3901 2227
3901 2226
3900 2225
3900 2224
3900 2223
3900 2222
3900 2221
3899 2220
3899 2219
3899 2218
3898 2217
3898 2216
3897 2215
3896 2214
3896 2213
3895 2212
3894 2211
3894 2210
3893 2209
3892 2208
3891 2207
3891 2206
3890 2205
3890 2204
3890 2203
3889 2202
3889 2201
3889 2200
3889 2199
3888 2198
3888 2197
3887 2196
3887 2195
3886 2194
3885 2193
3885 2192
3884 2191
3883 2190
3883 2189
3882 2188
3881 2187
3880 2186
3880 2185
3879 2184
3879 2183
3878 2182
3878 2181
3877 2180
3877 2179
3876 2178
3876 2177
3875 2176
3874 2175
3874 2174
3873 2173
3872 2172
3872 2171
3872 2170
3871 2169
3871 2168
3870 2167
3869 2166
3868 2165
3867 2164
3867 2163
3866 2162
3865 2161
3864 2160
3863 2159
3862 2158
3861 2157
3860 2156
3859 2155
3858 2154
3857 2153
3856 2152
3856 2151
3855 2150
3854 2149
3853 2148
3852 2147
3851 2146
3850 2145
3849 2144
3848 2143
3847 2143
3846 2142
3846 2141
3845 2140
3844 2139
3843 2138
3843 2137
3842 2137
3841 2136
3840 2135
3839 2134
3838 2134
3837 2133
3836 2132
3835 2131
3834 2130
3833 2129
3832 2129
3831 2128
3830 2128
3829 2127
3828 2126
3827 2125
3827 2124
3826 2123
3825 2122
3824 2122
3823 2121
3822 2121
3821 2120
3820 2119
3820 2118
3819 2117
3818 2116
3817 2116
3816 2115
3815 2114
3814 2113
3813 2112
3812 2112
3811 2111
3810 2110
3809 2110
3808 2109
3807 2108
3806 2108
3805 2107
3804 2107
3803 2106
3802 2105
3801 2105
3800 2104
3799 2103
3798 2103
3797 2102
3796 2101
3795 2101
3794 2100
3793 2099
3792 2098
3791 2097
3790 2097
3789 2096
3788 2096
3787 2095
3786 2095
3785 2095
3784 2095
3783 2094
3782 2094
3781 2094
3780 2093
3779 2093
3778 2093
3777 2092
3776 2091
3775 2091
3774 2090
3773 2090
3772 2090
3771 2089
3770 2089
3769 2089
3768 2089
3767 2089
3766 2088
3765 2088
3764 2088
3763 2088
3762 2088
3761 2088
3760 2088
3759 2088
3758 2087
3757 2087
3756 2086
3755 2086
3754 2085
3753 2085
3752 2084
3751 2083
3750 2083
3749 2083
3748 2082
3747 2082
3746 2082
3745 2081
3744 2081
3743 2081
3742 2081
3741 2081
3740 2081
3739 2081
3738 2080
3737 2080
3736 2080
3735 2080
3734 2080
3733 2079
3732 2079
3731 2078
3730 2078
3729 2078
3728 2077
3727 2077
3726 2076
3725 2076
3724 2076
3723 2075
3722 2075
3721 2074
3720 2074
3719 2073
3718 2072
3717 2072
3716 2071
3715 2070
3714 2069
3713 2068
3712 2067
3711 2067
3710 2066
3709 2065
3708 2065
3707 2064
3706 2064
3705 2064
3704 2063
3703 2063
3702 2063
3701 2062
3700 2062
3699 2061
3698 2060
3697 2059
3696 2058
3695 2058
3694 2057
3693 2057
3692 2057
3691 2056
3690 2056
3689 2056
3688 2056
3687 2055
3686 2055
3685 2055
3684 2055
3683 2055
3682 2055
3681 2055
3680 2055
3679 2055
3678 2055
3677 2054
3676 2053
3675 2053
3674 2052
3673 2052
3672 2051
3671 2051
3670 2051
3669 2050
3668 2050
3667 2050
3666 2049
3665 2049
3664 2049
3663 2049
3662 2049
3661 2049
3660 2049
3659 2048
3658 2048
3657 2048
3656 2048
3655 2048
3654 2048
3653 2047
3652 2047
3651 2047
3650 2046
3649 2046
3648 2045
3647 2045
3646 2045
3645 2044
3644 2044
3643 2044
3642 2044
3641 2043
3640 2043
3639 2043
3638 2042
3637 2042
3636 2041
3635 2041
3634 2040
3633 2039
3632 2038
3631 2038
3630 2037
3629 2036
3628 2036
3627 2036
3626 2035
3625 2034
3624 2033
3623 2033
3622 2032
3621 2032
3620 2031
3619 2030
3618 2030
3617 2029
3616 2029
3615 2028
3614 2028
3613 2027
3612 2027
3611 2026
3610 2026
3609 2025
3608 2025
3607 2024
3606 2024
3605 2023
3604 2022
3603 2021
3602 2020
3601 2020
3600 2019
3599 2019
3598 2018
3597 2017
3596 2016
3595 2015
3594 2014
3594 2013
3593 2013
3592 2012
3591 2012
3590 2012
3589 2011
3588 2011
3587 2011
3586 2011
3585 2010
3584 2010
3583 2009
3582 2009
3581 2008
3580 2007
3579 2007
3578 2006
3577 2006
3576 2005
3575 2005
3574 2005
3573 2005
3572 2004
3571 2004
3570 2004
3569 2004
3568 2004
3567 2004
3566 2004
3565 2004
3564 2004
3563 2004
3562 2004
3561 2003
3560 2003
3559 2003
3558 2003
3557 2003
3556 2003
3555 2003
3554 2002
3553 2002
3552 2001
3551 2000
3550 2000
3549 1999
3548 1999
3547 1999
3546 1998
3545 1998
3544 1998
3543 1998
3542 1998
3541 1997
3540 1997
3539 1997
3538 1997
3537 1996
3536 1995
3535 1994
3535 1993
3534 1992
3534 1991
3534 1990
3534 1989
3533 1988
3533 1987
3532 1986
3531 1986
3530 1986
3529 1985
3528 1984
3527 1983
3526 1983
3525 1982
3524 1981
3523 1980
3522 1979
3521 1979
3520 1978
3519 1977
3518 1977
3517 1976
3516 1976
3515 1975
3514 1974
3514 1973
3513 1972
3513 1971
3512 1970
3512 1969
3512 1968
3511 1967
3511 1966
3510 1965
3509 1964
3508 1963
3507 1962
3506 1962
3505 1961
3504 1960
3504 1959
3504 1958
3504 1957
3503 1956
3503 1955
3503 1954
3503 1953
3503 1952
3503 1951
3503 1950
3503 1949
3503 1948
3503 1947
3503 1946
3503 1945
3503 1944
3503 1943
3503 1942
3503 1941
3503 1940
3503 1939
3503 1938
3503 1937
3503 1936
3503 1935
3503 1934
3503 1933
3503 1932
3503 1931
3503 1930
3503 1929
3503 1928
3503 1927
3503 1926
3504 1925
3504 1924
3504 1923
3504 1922
3504 1921
3504 1920
3504 1919
3504 1918
3504 1917
3504 1916
3504 1915
3504 1914
3504 1913
3504 1912
3505 1911
3505 1910
3506 1909
3506 1908
3506 1907
3507 1906
3507 1905
3507 1904
3508 1903
3508 1902
3508 1901
3508 1900
3509 1899
3509 1898
3509 1897
3510 1896
3510 1895
3511 1894
3511 1893
3511 1892
3512 1891
3512 1890
3513 1889
3513 1888
3514 1887
3514 1886
3515 1885
3515 1884
3515 1883
3515 1882
3516 1881
3516 1880
3516 1879
3516 1878
3516 1877
3516 1876
3516 1875
3516 1874
3517 1873
3517 1872
3517 1871
3518 1870
3519 1871
3520 1872
3521 1873
3522 1874
3523 1875
3524 1876
3525 1877
3526 1878
3527 1879
3527 1880
3528 1881
3529 1882
3530 1883
3531 1884
3532 1885
3533 1886
3534 1887
3535 1888
3536 1889
3537 1890
3538 1891
3539 1892
3540 1893
3541 1894
3542 1895
3543 1896
3544 1897
3545 1898
3545 1899
3545 1898
3545 1897
3544 1896
3544 1895
3543 1894
3543 1893
3542 1892
3542 1891
3542 1890
3541 1889
3541 1888
3540 1887
3540 1886
3539 1885
3539 1884
3538 1883
3538 1882
3537 1881
3537 1880
3537 1879
3536 1878
3536 1877
3535 1876
3535 1875
3535 1874
3536 1873
3536 1872
3537 1871
3538 1870
3538 1869
3538 1868
3539 1867
3539 1866
3539 1865
3540 1864
3540 1863
3541 1862
3542 1862
3543 1861
3543 1860
3544 1859
3544 1858
3545 1857
3545 1856
3546 1855
3546 1854
3546 1853
3546 1852
3547 1851
3547 1850
3547 1849
3547 1848
3547 1847
3547 1846
3547 1845
3547 1844
3547 1843
3547 1842
3547 1841
3548 1840
3548 1839
3548 1838
3548 1837
3548 1836
3548 1835
3548 1834
3548 1833
3548 1832
3548 1831
3547 1830
3546 1830
3545 1830
3544 1829
3543 1829
3542 1829
3541 1829
3540 1829
3539 1829
3538 1829
3537 1829
3536 1829
3535 1828
3534 1828
3533 1828
3532 1828
3531 1828
3530 1828
3529 1828
3528 1828
3527 1828
3526 1828
3525 1828
3524 1828
3523 1828
3522 1828
3521 1828
3520 1828
3519 1828
3518 1828
3517 1828
3516 1828
3515 1828
3514 1829
3513 1829
3512 1830
3511 1830
3510 1831
3509 1831
3508 1832
3507 1833
3506 1833
3505 1833
3504 1833
3503 1832
3502 1831
3501 1830
3500 1829
3499 1828
3498 1827
3497 1826
3496 1825
3495 1824
3494 1823
3493 1822
3492 1822
3491 1821
3490 1820
3489 1819
3488 1818
3488 1817
3487 1816
3486 1815
3485 1814
3484 1813
3483 1812
3482 1811
3481 1810
3481 1809
3480 1808
3479 1807
3478 1807
3477 1806
3476 1805
3475 1804
3474 1803
3473 1802
3472 1802
3471 1801
3470 1801
3469 1800
3468 1800
3467 1799
3466 1798
3465 1798
3464 1797
3463 1796
3463 1795
3462 1794
3461 1793
3460 1792
3459 1791
3459 1790
3458 1789
3457 1788
3456 1787
3455 1787
3454 1786
3453 1785
3452 1784
3451 1783
3450 1782
3449 1781
3448 1781
3447 1781
3446 1780
3445 1780
3444 1779
3443 1778
3442 1778
3441 1777
3440 1776
3439 1775
3438 1775
3437 1774
3436 1774
3435 1773
3434 1773
3433 1772
3432 1771
3431 1770
3430 1770
3429 1769
3428 1768
3427 1767
3426 1766
3425 1765
3424 1764
3423 1764
3422 1763
3421 1763
3420 1762
3419 1762
3418 1761
3418 1760
3417 1759
3416 1759
3415 1758
3414 1757
3413 1757
3412 1756
3411 1756
3410 1755
3409 1755
3408 1754
3407 1753
3406 1753
3405 1752
3404 1751
3403 1750
3402 1750
3401 1749
3400 1749
3399 1748
3398 1747
3397 1747
3396 1746
3395 1745
3394 1745
3393 1744
3392 1744
3391 1743
3390 1743
3389 1743
3388 1742
3387 1741
3386 1740
3385 1739
3384 1738
3383 1737
3382 1736
3381 1735
3380 1734
3379 1733
3378 1732
3377 1732
3376 1731
3375 1731
3374 1730
3373 1730
3372 1730
3371 1729
3370 1729
3369 1729
3368 1728
3367 1728
3366 1727
3365 1727
3364 1726
3363 1725
3362 1725
3361 1724
3360 1724
3359 1724
3358 1723
3357 1723
3356 1723
3355 1723
3354 1722
3353 1722
3352 1722
3351 1721
3350 1720
3349 1720
3348 1719
3347 1719
3346 1718
3345 1718
3344 1718
3343 1717
3342 1717
3341 1717
3340 1717
3339 1716
3338 1716
3337 1716
3336 1716
3335 1715
3334 1715
3333 1715
3332 1715
3331 1715
3330 1715
3329 1715
3328 1715
3327 1714
3326 1714
3325 1714
3324 1714
3323 1714
3322 1714
3321 1714
3320 1714
3319 1714
3318 1714
3317 1714
3316 1714
3315 1714
3314 1713
3313 1713
3312 1713
3311 1713
3310 1712
3309 1712
3308 1711
3307 1711
3306 1711
3305 1710
3304 1710
3303 1710
3302 1710
3301 1709
3300 1709
3299 1709
3298 1709
3297 1708
3296 1708
3295 1708
3294 1708
3293 1708
3292 1708
3291 1708
3290 1708
3289 1708
3288 1708
3287 1707
3286 1707
3285 1707
3284 1707
3283 1707
3282 1707
3281 1707
3280 1707
3279 1706
3278 1705
3277 1704
3276 1704
3275 1704
3274 1703
3273 1703
3272 1703
3271 1702
3270 1702
3269 1701
3268 1701
3267 1700
3266 1700
3265 1699
3264 1699
3263 1698
3262 1697
3261 1697
3260 1697
3259 1696
3258 1696
3257 1696
3256 1696
3255 1695
3254 1695
3253 1695
3252 1695
3251 1695
3250 1695
3249 1695
3248 1695
3247 1695
3246 1694
3245 1694
3244 1694
3243 1694
3242 1694
3241 1694
3240 1694
3239 1694
3238 1694
3237 1694
3236 1694
3235 1694
3234 1694
3233 1694
3232 1694
3231 1694
3230 1694
3229 1694
3228 1694
3227 1694
3226 1694
3225 1694
3224 1694
3223 1694
3222 1693
3221 1693
3220 1693
3219 1693
3218 1693
3217 1693
3216 1693
3215 1693
3214 1693
3213 1693
3212 1693
3211 1693
3210 1693
3209 1693
3208 1693
3207 1693
3206 1693
3205 1693
3204 1693
3203 1693
3202 1693
3201 1693
3200 1693
3199 1693
3198 1693
3197 1693
3196 1693
3195 1693
3194 1693
3193 1693
3192 1693
3191 1693
3190 1694
3189 1694
3188 1695
3187 1696
3186 1696
3185 1696
3184 1697
3183 1698
3182 1699
3182 1700
3181 1701
3180 1701
3179 1702
3178 1702
3177 1702
3176 1702
3175 1703
3174 1704
3173 1704
3172 1705
3171 1706
3170 1707
3169 1707
3168 1707
3167 1708
3166 1708
3165 1708
3164 1708
3163 1709
3162 1709
3161 1709
3160 1710
3159 1711
3158 1712
3157 1713
3156 1714
3155 1714
3154 1714
3153 1715
3152 1715
3151 1716
3150 1717
3149 1718
3148 1719
3147 1720
3146 1721
3145 1722
3144 1723
3143 1724
3142 1724
3141 1725
3140 1725
3139 1726
3138 1726
3137 1727
3136 1727
3135 1727
3134 1728
3133 1728
3132 1729
3131 1729
3130 1730
3129 1730
3128 1730
3127 1731
3126 1731
3125 1731
3124 1731
3123 1732
3122 1732
3121 1732
3120 1732
3119 1732
3118 1732
3117 1732
3116 1732
3115 1732
3114 1732
3113 1732
3112 1732
3111 1732
3110 1732
3109 1732
3108 1732
3107 1732
3106 1732
3105 1732
3104 1732
3103 1732
3102 1732
3101 1732
3100 1732
3099 1732
3098 1732
3097 1732
3096 1732
3095 1732
3094 1732
3093 1732
3092 1732
3091 1732
3090 1732
3089 1732
3088 1732
3087 1732
3086 1732
3085 1732
3084 1732
3083 1732
3082 1732
3081 1732
3080 1732
3079 1732
3078 1732
3077 1732
3076 1732
3075 1732
3074 1732
3073 1732
3072 1732
3071 1732
3070 1731
3069 1731
3068 1730
3067 1729
3066 1729
3065 1728
3064 1728
3063 1727
3062 1727
3061 1727
3060 1727
3059 1726
3058 1726
3057 1726
3056 1726
3055 1726
3054 1726
3053 1726
3052 1726
3051 1726
3050 1726
3049 1725
3048 1725
3047 1725
3046 1725
3045 1725
3044 1725
3043 1725
3042 1725
3041 1725
3040 1725
3039 1725
3038 1725
3037 1725
3036 1725
3035 1725
3034 1725
3033 1725
3032 1725
3031 1726
3030 1726
3029 1727
3028 1727
3027 1727
3026 1727
3025 1728
3024 1728
3023 1728
3022 1728
3021 1729
3020 1729
3019 1729
3018 1730
3017 1731
3016 1732
3015 1732
3014 1733
3013 1733
3012 1734
3011 1734
3010 1735
3009 1736
3008 1737
3007 1738
3006 1738
3005 1739
3004 1740
3003 1741
3002 1742
3001 1743
3000 1744
2999 1744
2998 1745
2997 1745
2996 1746
2995 1746
2994 1746
2993 1747
2992 1747
2991 1747
2990 1747
2989 1747
2988 1746
2987 1745
2987 1744
2986 1743
2986 1742
2986 1741
2986 1740
2986 1739
2986 1738
2986 1737
2986 1736
2986 1735
2986 1734
2986 1733
2986 1732
2986 1731
2986 1730
2986 1729
2986 1728
2986 1727
2986 1726
2986 1725
2986 1724
2986 1723
2986 1722
2986 1721
2986 1720
2986 1719
2986 1718
2986 1717
2986 1716
2986 1715
2986 1714
2986 1713
2986 1712
2986 1711
2986 1710
2986 1709
2986 1708
2986 1707
2987 1706
2987 1705
2987 1704
2987 1703
2987 1702
2987 1701
2987 1700
2987 1699
2987 1698
2987 1697
2987 1696
2987 1695
2987 1694
2987 1693
2987 1692
2987 1691
2987 1690
2987 1689
2986 1689
