3198 1676
3197 1677
3197 1678
3197 1679
3197 1680
3197 1681
3197 1682
3197 1683
3196 1684
3196 1685
3196 1686
3196 1687
3196 1688
3196 1689
3196 1690
3196 1691
3196 1692
3196 1693
3196 1694
3196 1695
3195 1696
3195 1697
3195 1698
3195 1699
3194 1700
3193 1701
3192 1702
3191 1702
3190 1703
3189 1704
3188 1705
3187 1705
3186 1706
3185 1707
3184 1708
3183 1708
3182 1709
3181 1709
3180 1709
3179 1710
3178 1710
3177 1711
3176 1712
3175 1713
3174 1714
3173 1714
3172 1715
3171 1715
3170 1716
3169 1716
3168 1716
3167 1716
3166 1717
3165 1717
3164 1718
3163 1718
3162 1718
3161 1719
3160 1719
3159 1720
3158 1720
3157 1721
3156 1721
3155 1721
3154 1722
3153 1722
3152 1723
3151 1723
3150 1724
3149 1724
3148 1725
3147 1725
3146 1725
3145 1725
3144 1725
3143 1725
3142 1725
3141 1725
3140 1725
3139 1725
3138 1725
3137 1725
3136 1725
3135 1725
3134 1725
3133 1725
3132 1725
3131 1725
3130 1725
3129 1725
3128 1725
3127 1725
3126 1725
3125 1725
3124 1725
3123 1724
3122 1724
3121 1724
3120 1724
3119 1724
3118 1724
3117 1724
3116 1724
3115 1724
3114 1724
3113 1724
3112 1724
3111 1724
3110 1724
3109 1724
3108 1724
3107 1724
3106 1724
3105 1723
3104 1723
3103 1723
3102 1724
3101 1725
3100 1726
3099 1727
3098 1727
3097 1727
3096 1728
3095 1728
3094 1729
3093 1730
3093 1731
3092 1732
3092 1733
3092 1734
3091 1735
3091 1736
3091 1737
3090 1738
3089 1739
3088 1740
3087 1741
3086 1742
3085 1742
3084 1742
3083 1743
3082 1743
3081 1743
3080 1743
3079 1743
3078 1744
3077 1744
3076 1744
3075 1744
3074 1744
3073 1744
3072 1744
3071 1744
3070 1744
3069 1745
3068 1745
3067 1745
3066 1746
3065 1746
3064 1747
3063 1747
3062 1748
3061 1748
3060 1748
3059 1749
3058 1749
3057 1749
3056 1749
3055 1750
3054 1750
3053 1750
3052 1750
3051 1750
3050 1750
3049 1750
3048 1750
3047 1750
3046 1750
3045 1750
3044 1750
3043 1750
3042 1750
3041 1750
3040 1750
3039 1750
3038 1751
3037 1751
3036 1750
3035 1750
3034 1750
3033 1750
3032 1750
3031 1750
3030 1750
3029 1750
3028 1750
3027 1750
3026 1750
3025 1750
3024 1750
3023 1750
3022 1751
3021 1751
3020 1752
3019 1752
3018 1753
3017 1753
3016 1753
3015 1754
3014 1754
3013 1754
3012 1754
3011 1755
3010 1755
3009 1755
3008 1755
3007 1755
3006 1755
3005 1755
3004 1755
3003 1755
3002 1755
3001 1755
3000 1755
2999 1756
2998 1756
2997 1756
2996 1756
2995 1756
2994 1756
2993 1756
2992 1756
2991 1755
2990 1755
2989 1755
2988 1755
2987 1755
2986 1755
2985 1755
2984 1755
2983 1755
2982 1755
2981 1755
2980 1755
2979 1755
2978 1755
2977 1755
2976 1755
2975 1755
2974 1755
2973 1755
2972 1755
2971 1754
2970 1754
2969 1754
2968 1754
2967 1754
2966 1754
2965 1754
2964 1754
2963 1754
2962 1754
2961 1755
2961 1756
2960 1757
2960 1758
2959 1759
2958 1760
2957 1761
2956 1762
2955 1763
2954 1764
2953 1765
2952 1766
2952 1767
2952 1768
2951 1769
2950 1769
2949 1770
2948 1770
2947 1771
2946 1771
2945 1772
2944 1772
2943 1772
2942 1773
2941 1773
2940 1774
2939 1774
2938 1775
2937 1775
2936 1776
2935 1777
2934 1777
2933 1778
2932 1779
2931 1779
2930 1780
2929 1781
2928 1781
2927 1782
2926 1782
2925 1783
2924 1783
2923 1783
2922 1783
2921 1783
2920 1783
2919 1783
2918 1783
2917 1783
2916 1782
2915 1782
2914 1782
2913 1782
2912 1783
2911 1783
2910 1784
2909 1784
2908 1785
2907 1786
2906 1786
2905 1787
2904 1787
2903 1788
2902 1789
2902 1790
2902 1791
2901 1792
2901 1793
2900 1794
2899 1795
2898 1795
2897 1796
2896 1797
2895 1798
2894 1799
2893 1799
2892 1800
2891 1800
2890 1801
2889 1801
2888 1802
2887 1802
2886 1802
2885 1802
2884 1803
2883 1803
2882 1803
2881 1803
2880 1803
2879 1803
2878 1804
2877 1804
2876 1805
2875 1805
2874 1806
2873 1806
2872 1807
2871 1807
2870 1807
2869 1807
2868 1808
2867 1808
2866 1809
2865 1809
2864 1809
2863 1810
2862 1810
2861 1810
2860 1811
2859 1811
2858 1811
2857 1811
2856 1810
2855 1810
2854 1810
2853 1810
2852 1810
2851 1810
2850 1810
2849 1810
2848 1810
2847 1810
2846 1809
2845 1809
2844 1808
2843 1807
2842 1806
2841 1806
2840 1805
2839 1804
2838 1803
2838 1802
2838 1801
2837 1800
2837 1799
2837 1798
2836 1797
2836 1796
2835 1796
2834 1797
2833 1798
2832 1798
2831 1799
2831 1800
2830 1801
2830 1802
2829 1803
2828 1804
2827 1805
2826 1805
2825 1806
2824 1806
2823 1806
2822 1806
2821 1807
2820 1807
2819 1807
2818 1808
2817 1809
2816 1810
2815 1811
2814 1812
2813 1813
2812 1814
2811 1814
2810 1814
2809 1814
2808 1814
2807 1814
2806 1814
2805 1814
2804 1814
2803 1814
2802 1814
2801 1815
2800 1815
2799 1815
2798 1815
2797 1815
2796 1814
2795 1814
2794 1814
2793 1814
2792 1814
2791 1814
2790 1814
2789 1814
2788 1814
2787 1814
2786 1814
2785 1814
2784 1814
2783 1814
2782 1814
2781 1814
2780 1814
2779 1814
2778 1813
2777 1813
2776 1813
2775 1813
2774 1813
2773 1813
2772 1813
2771 1813
2770 1813
2769 1813
2768 1812
2767 1812
2766 1812
2765 1811
2764 1811
2763 1810
2762 1810
2761 1809
2760 1809
2759 1809
2758 1808
2757 1808
2756 1808
2755 1808
2754 1807
2753 1807
2752 1807
2751 1807
2750 1806
2749 1806
2748 1806
2747 1806
2746 1805
2745 1805
2744 1805
2743 1805
2742 1805
2741 1805
2740 1805
2739 1804
2738 1804
2737 1804
2736 1804
2735 1804
2734 1804
2733 1803
2732 1803
2731 1803
2730 1803
2729 1803
2728 1803
2727 1803
2726 1803
2725 1803
2724 1803
2723 1802
2722 1802
2721 1802
2720 1802
2719 1802
2718 1802
2717 1802
2716 1802
2715 1802
2714 1802
2713 1802
2712 1801
2711 1801
2710 1801
2709 1801
2708 1801
2707 1801
2706 1801
2705 1801
2704 1801
2703 1801
2702 1801
2701 1801
2700 1800
2699 1800
2698 1800
2697 1800
2696 1800
2695 1800
2694 1800
2693 1800
2692 1800
2691 1800
2690 1800
2689 1800
2688 1800
2687 1800
2686 1799
2685 1799
2684 1799
2683 1799
2682 1799
2681 1799
2680 1799
2679 1799
2678 1799
2677 1799
2676 1799
2675 1799
2674 1799
2673 1799
2672 1798
2671 1798
2670 1798
2669 1798
2668 1798
2667 1798
2666 1798
2665 1798
2664 1798
2663 1798
2662 1798
2661 1798
2660 1798
2659 1798
2658 1798
2657 1797
2656 1797
2655 1797
2654 1797
2653 1797
2652 1797
2651 1797
2650 1797
2649 1797
2648 1797
2647 1797
2646 1797
2645 1797
2644 1797
2643 1797
2642 1796
2641 1796
2640 1796
2639 1796
2638 1796
2637 1796
2636 1796
2635 1796
2634 1796
2633 1795
2632 1794
2631 1794
2630 1793
2629 1793
2628 1792
2627 1791
2626 1791
2625 1790
2624 1790
2623 1789
2622 1789
2621 1789
2620 1789
2619 1788
2618 1788
2617 1788
2616 1788
2615 1787
2614 1787
2613 1787
2612 1787
2611 1787
2610 1787
2609 1787
2608 1787
2607 1787
2606 1787
2605 1786
2604 1786
2603 1786
2602 1786
2601 1786
2600 1786
2599 1786
2598 1786
2597 1786
2596 1786
2595 1785
2594 1785
2593 1785
2592 1785
2591 1785
2590 1786
2589 1786
2588 1786
2587 1787
2586 1788
2585 1788
2584 1788
2583 1789
2582 1789
2581 1789
2580 1789
2579 1790
2578 1790
2577 1790
2576 1790
2575 1790
2574 1790
2573 1790
2572 1790
2571 1790
2570 1791
2569 1792
2568 1793
2567 1794
2566 1794
2565 1795
2564 1795
2563 1796
2562 1796
2561 1796
2560 1797
2559 1797
2558 1797
2557 1798
2556 1798
2555 1799
2554 1800
2553 1800
2552 1801
2551 1802
2550 1803
2549 1803
2548 1804
2547 1804
2546 1804
2545 1804
2544 1804
2543 1804
2542 1804
2541 1804
2540 1804
2539 1804
2538 1804
2537 1805
2536 1805
2535 1805
2534 1805
2533 1805
2532 1805
2531 1805
2530 1805
2529 1805
2528 1804
2527 1804
2526 1804
2525 1804
2524 1804
2523 1804
2522 1804
2521 1804
2520 1804
2519 1804
2518 1804
2517 1804
2516 1804
2515 1804
2514 1804
2513 1804
2512 1804
2511 1803
2510 1803
2509 1803
2508 1803
2507 1803
2506 1803
2505 1803
2504 1803
2503 1803
2502 1803
2501 1803
2500 1803
2499 1803
2498 1803
2497 1803
2496 1803
2495 1804
2494 1805
2493 1805
2492 1806
2491 1806
2490 1806
2489 1807
2488 1807
2487 1808
2486 1808
2485 1808
2484 1808
2483 1808
2482 1808
2481 1808
2480 1808
2479 1808
2478 1808
2477 1808
2476 1808
2475 1809
2474 1809
2473 1809
2472 1809
2471 1808
2470 1808
2469 1808
2468 1808
2467 1808
2466 1808
2465 1808
2464 1808
2463 1808
2462 1808
2461 1808
2460 1808
2459 1809
2458 1809
2457 1810
2456 1811
2455 1811
2454 1811
2453 1812
2452 1812
2451 1812
2450 1812
2449 1813
2448 1813
2447 1813
2446 1814
2445 1814
2444 1814
2443 1814
2442 1814
2441 1814
2440 1814
2439 1814
2438 1814
2437 1814
2436 1814
2435 1814
2434 1814
2433 1814
2432 1814
2431 1814
2430 1814
2429 1814
2428 1814
2427 1814
2426 1814
2425 1815
2424 1815
2423 1815
2422 1816
2421 1816
2420 1816
2419 1817
2418 1817
2417 1818
2416 1818
2415 1818
2414 1818
2413 1819
2412 1819
2411 1819
2410 1819
2409 1819
2408 1819
2407 1819
2406 1819
2405 1819
2404 1819
2403 1820
2402 1820
2401 1820
2400 1820
2399 1820
2398 1820
2397 1820
2396 1820
2395 1820
2394 1820
2393 1819
2392 1819
2391 1819
2390 1819
2389 1819
2388 1819
2387 1819
2386 1819
2385 1819
2384 1819
2383 1819
2382 1819
2381 1819
2380 1819
2379 1819
2378 1819
2377 1819
2376 1818
2375 1818
2374 1818
2373 1818
2372 1818
2371 1818
2370 1818
2369 1818
2368 1818
2367 1818
2366 1818
2365 1818
2364 1818
2363 1818
2362 1818
2361 1817
2360 1817
2359 1817
2358 1817
2357 1817
2356 1817
2355 1817
2354 1817
2353 1817
2352 1817
2351 1817
2350 1817
2349 1817
2348 1817
2347 1817
2346 1817
2345 1816
2344 1816
2343 1816
2342 1816
2341 1816
2340 1816
2339 1816
2338 1816
2337 1816
2336 1816
2335 1816
2334 1816
2333 1816
2332 1816
2331 1816
2330 1815
2329 1815
2328 1815
2327 1815
2326 1815
2325 1815
2324 1815
2323 1815
2322 1815
2321 1815
2320 1815
2319 1815
2318 1815
2317 1815
2316 1815
2315 1814
2314 1814
2313 1814
2312 1814
2311 1814
2310 1814
2309 1814
2308 1814
2307 1814
2306 1814
2305 1814
2304 1814
2303 1814
2302 1814
2301 1814
2300 1813
2299 1813
2298 1813
2297 1813
2296 1813
2295 1813
2294 1813
2293 1813
2292 1813
2291 1813
2290 1813
2289 1813
2288 1813
2287 1813
2286 1812
2285 1812
2284 1812
2283 1812
2282 1812
2281 1812
2280 1812
2279 1812
2278 1812
2277 1812
2276 1812
2275 1812
2274 1812
2273 1812
2272 1812
2271 1812
2270 1811
2269 1811
2268 1811
2267 1811
2266 1811
2265 1811
2264 1811
2263 1811
2262 1811
2261 1811
2260 1811
2259 1811
2258 1811
2257 1811
2256 1810
2255 1810
2254 1810
2253 1810
2252 1810
2251 1810
2250 1810
2249 1810
2248 1810
2247 1810
2246 1809
2245 1809
2244 1808
2243 1807
2242 1806
2241 1806
2240 1805
2239 1805
2238 1804
2237 1803
2236 1803
2235 1802
2234 1802
2233 1802
2232 1802
2231 1802
2230 1801
2229 1801
2228 1801
2227 1801
2226 1801
2225 1801
2224 1801
2223 1801
2222 1801
2221 1800
2220 1800
2219 1800
2218 1800
2217 1800
2216 1800
2215 1800
2214 1800
2213 1800
2212 1800
2211 1800
2210 1800
2209 1799
2208 1799
2207 1799
2206 1799
2205 1799
2204 1799
2203 1799
2202 1799
2201 1799
2200 1799
2199 1799
2198 1799
2197 1798
2196 1799
2195 1799
2194 1800
2193 1801
2192 1801
2191 1802
2190 1803
2189 1803
2188 1804
2187 1804
2186 1804
2185 1804
2184 1804
2183 1804
2182 1804
2181 1804
2180 1804
2179 1804
2178 1804
2177 1804
2176 1804
2175 1804
2174 1804
2173 1804
2172 1804
2171 1804
2170 1805
2169 1806
2168 1806
2167 1807
2166 1808
2165 1808
2164 1809
2163 1809
2162 1809
2161 1810
2160 1811
2159 1812
2158 1813
2157 1814
2156 1815
2155 1815
2154 1816
2153 1816
2152 1816
2151 1816
2150 1817
2149 1817
2148 1817
2147 1817
2146 1817
2145 1817
2144 1817
2143 1817
2142 1817
2141 1817
2140 1817
2139 1817
2138 1817
2137 1817
2136 1817
2135 1817
2134 1817
2133 1817
2132 1817
2131 1817
2130 1817
2129 1817
2128 1817
2127 1817
2126 1817
2125 1817
2124 1817
2123 1817
2122 1817
2121 1817
2120 1817
2119 1817
2118 1817
2117 1817
2116 1817
2115 1817
2114 1817
2113 1817
2112 1817
2111 1817
2110 1817
2109 1816
2108 1816
2107 1816
2106 1816
2105 1815
2104 1815
2103 1814
2102 1814
2101 1813
2100 1813
2099 1812
2098 1812
2097 1811
2096 1811
2095 1810
2094 1810
2093 1809
2092 1808
2091 1807
2090 1806
2089 1805
2088 1805
2087 1804
2086 1803
2085 1803
2084 1802
2083 1802
2082 1801
2081 1801
2080 1800
2079 1800
2078 1800
2077 1799
2076 1799
2075 1799
2074 1800
2073 1800
2072 1801
2071 1802
2071 1803
2070 1804
2070 1805
2069 1806
2068 1807
2068 1808
2067 1809
2067 1810
2067 1811
2066 1812
2066 1813
2065 1814
2064 1815
2063 1816
2062 1817
2061 1817
2060 1818
2060 1819
2059 1820
2058 1821
2057 1822
2056 1823
2055 1823
2054 1824
2053 1825
2052 1826
2051 1827
2050 1827
2049 1828
2048 1829
2047 1830
2046 1831
2046 1832
2045 1833
2044 1834
2044 1835
2043 1836
2043 1837
2042 1838
2041 1839
2040 1840
2039 1841
2039 1842
2038 1843
2037 1844
2036 1845
2036 1846
2035 1847
2035 1848
2034 1849
2034 1850
2033 1851
2033 1852
2032 1853
2031 1854
2030 1855
2029 1855
2028 1856
2027 1857
2026 1858
2026 1859
2025 1860
2024 1861
2023 1862
2022 1863
2022 1864
2021 1865
2020 1866
2019 1867
2018 1868
2017 1869
2016 1870
2015 1871
2014 1872
2013 1873
2012 1874
2011 1875
2010 1875
2009 1876
2008 1876
2007 1877
2006 1878
2005 1879
2004 1880
2003 1881
2002 1882
2001 1883
2000 1884
1999 1884
1998 1885
1997 1885
1996 1885
1995 1886
1994 1886
1993 1887
1992 1888
1991 1888
1990 1889
1989 1889
1988 1890
1987 1891
1986 1891
1986 1892
1985 1893
1984 1894
1983 1895
1982 1896
1981 1897
1980 1897
1979 1897
1978 1898
1977 1898
1976 1899
1975 1899
1974 1899
1973 1900
1972 1900
1971 1900
1970 1901
1969 1901
1968 1902
1967 1902
1966 1903
1965 1904
1964 1904
1963 1905
1962 1905
1961 1906
1960 1907
1959 1907
1958 1907
1957 1907
1956 1908
1955 1908
1954 1908
1953 1908
1952 1909
1951 1909
1950 1910
1949 1911
1948 1911
1947 1912
1946 1912
1945 1913
1944 1913
1943 1913
1942 1913
1941 1914
1940 1914
1939 1914
1938 1914
1937 1914
1936 1915
1935 1915
1934 1916
1933 1916
1932 1916
1931 1917
1930 1918
1929 1919
1928 1919
1927 1920
1926 1921
1925 1922
1924 1922
1923 1923
1922 1924
1921 1925
1920 1925
1919 1926
1918 1926
1917 1927
1916 1927
1915 1927
1914 1928
1913 1928
1912 1928
1911 1928
1910 1928
1909 1929
1908 1929
1907 1929
1906 1929
1905 1929
1904 1929
1903 1930
1902 1930
1901 1930
1900 1930
1899 1931
1898 1931
1897 1932
1896 1933
1895 1933
1894 1934
1893 1934
1892 1935
1891 1935
1890 1936
1889 1936
1888 1937
1887 1938
1886 1939
1885 1940
1884 1941
1883 1942
1882 1943
1881 1944
1880 1945
1879 1946
1878 1946
1877 1947
1876 1948
1875 1948
1874 1949
1873 1950
1872 1950
1871 1951
1870 1952
1869 1953
1869 1954
1868 1955
1867 1956
1867 1957
1866 1958
1865 1959
1864 1960
1863 1961
1862 1962
1862 1963
1861 1964
1860 1965
1860 1966
1859 1967
1858 1968
1857 1969
1856 1970
1856 1971
1855 1972
1854 1973
1853 1974
1852 1975
1851 1976
1850 1977
1849 1978
1848 1978
1847 1979
1846 1979
1845 1980
1844 1980
1843 1980
1842 1980
1841 1981
1840 1981
1839 1982
1838 1982
1837 1983
1836 1984
1835 1985
1835 1986
1834 1987
1833 1988
1832 1989
1831 1990
1830 1990
1829 1991
1828 1992
1827 1993
1826 1993
1825 1993
1824 1994
1823 1994
1822 1995
1821 1996
1820 1996
1819 1997
1818 1997
1817 1998
1816 1999
1815 1999
1814 2000
1813 2000
1812 2000
1811 2001
1810 2001
1809 2001
1808 2002
1807 2002
1806 2003
1805 2003
1804 2004
1803 2005
1802 2006
1801 2007
1800 2007
1799 2008
1798 2008
1797 2009
1796 2010
1795 2010
1794 2011
1793 2012
1792 2013
1791 2014
1790 2014
1789 2015
1788 2015
1787 2016
1786 2017
1786 2018
1785 2019
1784 2020
1783 2021
1782 2022
1782 2023
1781 2024
1780 2025
1779 2026
1778 2027
1777 2028
1776 2029
1775 2029
1774 2030
1773 2031
1772 2032
1771 2033
1770 2034
1769 2035
1768 2035
1767 2036
1766 2037
1765 2038
1764 2039
1763 2040
1762 2041
1761 2041
1760 2042
1760 2043
1759 2044
1759 2045
1758 2046
1757 2047
1757 2048
1756 2049
1755 2050
1755 2051
1754 2052
1753 2053
1752 2054
1751 2055
1750 2056
1749 2057
1749 2058
1748 2059
1747 2060
1747 2061
1746 2062
1746 2063
1746 2064
1745 2065
1744 2066
1743 2067
1742 2067
1741 2068
1740 2069
1739 2070
1739 2071
1738 2072
1738 2073
1737 2074
1737 2075
1737 2076
1736 2077
1736 2078
1735 2079
1734 2080
1733 2081
1732 2082
1731 2083
1730 2084
1730 2085
1729 2086
1729 2087
1728 2088
1727 2088
1726 2089
1725 2090
1724 2090
1723 2091
1722 2092
1721 2093
1721 2094
1720 2095
1719 2096
1718 2097
1717 2097
1716 2098
1715 2099
1715 2100
1714 2101
1714 2102
1713 2103
1713 2104
1712 2105
1712 2106
1712 2107
1711 2108
1710 2109
1709 2110
1708 2111
1707 2112
1706 2113
1705 2114
1705 2115
1704 2116
1704 2117
1703 2118
1703 2119
1702 2120
1702 2121
1702 2122
1701 2123
1701 2124
1700 2125
1699 2126
1698 2127
1698 2128
1697 2129
1696 2130
1695 2131
1694 2132
1693 2133
1692 2134
1691 2135
1690 2136
1689 2137
1689 2138
1688 2139
1687 2140
1686 2141
1686 2142
1685 2143
1684 2144
1683 2145
1682 2146
1681 2147
1680 2148
1679 2149
1678 2150
1677 2151
1676 2152
1676 2153
1675 2154
1675 2155
1675 2156
1674 2157
1673 2158
1672 2158
1671 2159
1670 2160
1669 2161
1669 2162
1668 2163
1668 2164
1667 2165
1666 2166
1666 2167
1665 2168
1664 2169
1663 2170
1662 2171
1661 2172
1661 2173
1660 2174
1660 2175
1659 2176
1659 2177
1658 2178
1657 2179
1656 2180
1655 2181
1654 2181
1653 2182
1652 2183
1651 2184
1651 2185
1651 2186
1650 2187
1650 2188
1649 2189
1649 2190
1648 2191
1647 2192
1646 2193
1645 2194
1644 2195
1643 2196
1643 2197
1642 2198
1642 2199
1641 2200
1641 2201
1640 2202
1639 2203
1638 2203
1637 2204
1636 2204
1635 2205
1634 2206
1633 2207
1633 2208
1632 2209
1631 2210
1630 2211
1629 2211
1628 2212
1627 2213
1626 2213
1625 2214
1624 2215
1623 2216
1622 2217
1621 2218
1620 2218
1620 2219
1619 2220
1619 2221
1618 2222
1618 2223
1617 2224
1616 2225
1615 2226
1615 2227
1614 2228
1613 2229
1612 2230
1611 2231
1610 2232
1609 2233
1608 2234
1607 2235
1606 2236
1605 2237
1605 2238
1605 2239
1604 2240
1603 2241
1602 2242
1601 2242
1600 2243
1599 2244
1598 2244
1598 2245
1597 2246
1597 2247
1596 2248
1595 2249
1594 2249
1593 2249
1592 2250
1591 2250
1590 2250
1589 2250
1588 2251
1587 2251
1586 2251
1585 2252
1584 2253
1583 2254
1582 2255
1581 2256
1580 2257
1579 2258
1578 2258
1577 2258
1576 2259
1575 2259
1574 2260
1574 2261
1573 2262
1573 2263
1572 2264
1571 2264
1570 2265
1569 2265
1568 2266
1567 2266
1566 2267
1565 2268
1564 2269
1563 2269
1562 2270
1561 2271
1560 2271
1559 2272
1558 2272
1557 2272
1556 2272
1555 2273
1554 2273
1553 2273
1552 2273
1551 2274
1550 2274
1549 2275
1548 2276
1547 2276
1546 2277
1545 2277
1544 2278
1543 2278
1542 2279
1541 2279
1540 2280
1539 2280
1538 2280
1537 2280
1536 2281
1535 2281
1534 2281
1533 2281
1532 2281
1531 2281
1530 2281
1529 2282
1528 2282
1527 2283
1526 2284
1525 2284
1524 2285
1523 2285
1522 2286
1521 2286
1520 2286
1519 2287
1518 2287
1517 2287
1516 2287
1515 2288
1514 2288
1513 2288
1512 2288
1511 2289
1510 2290
1509 2291
1508 2292
1507 2292
1506 2293
1505 2293
1504 2293
1503 2294
1502 2294
1501 2294
1500 2295
1499 2295
1498 2295
1497 2295
1496 2295
1495 2295
1494 2295
1493 2295
1492 2295
1491 2295
1490 2295
1489 2295
1488 2296
1487 2296
1486 2297
1485 2298
1484 2298
1483 2299
1482 2300
1481 2301
1480 2302
1479 2302
1478 2303
1477 2304
1476 2305
1475 2306
1474 2307
1473 2308
1473 2309
1472 2310
1471 2311
1470 2312
1469 2313
1468 2313
1467 2314
1466 2315
1465 2315
1464 2315
1463 2315
1462 2316
1461 2316
1460 2316
1459 2316
1458 2316
1457 2316
1456 2316
1455 2316
1454 2316
1453 2316
1452 2316
1451 2316
1450 2316
1449 2316
1448 2316
1447 2316
1446 2316
1445 2316
1444 2316
1443 2316
1442 2316
1441 2316
1440 2316
1439 2316
1438 2317
1437 2317
1436 2318
1435 2318
1434 2318
1433 2319
1432 2319
1431 2320
1430 2320
1429 2320
1428 2321
1427 2321
1426 2321
1425 2321
1424 2321
1423 2321
1422 2321
1421 2321
1420 2321
1419 2322
1418 2322
1417 2322
1416 2322
1415 2322
1414 2322
1413 2322
1412 2322
1411 2322
1410 2322
1409 2322
1408 2322
1407 2322
1406 2322
1405 2322
1404 2322
1403 2321
1402 2321
1401 2321
1400 2321
1399 2321
1398 2321
1397 2321
1396 2321
1395 2321
1394 2321
1393 2321
1392 2321
1391 2321
1390 2321
1389 2321
1388 2321
1387 2321
1386 2321
1385 2321
1384 2321
1383 2320
1382 2320
1381 2320
1380 2320
1379 2320
1378 2320
1377 2320
1376 2320
1375 2320
1374 2320
1373 2320
1372 2320
1371 2319
1370 2318
1369 2317
1368 2316
1367 2316
1366 2315
1365 2315
1364 2314
1363 2314
1362 2313
1361 2313
1360 2312
1359 2312
1358 2311
1357 2311
1356 2310
1355 2310
1354 2309
1353 2308
1352 2308
1351 2307
1350 2306
1349 2306
1348 2305
1347 2305
1346 2304
1345 2303
1344 2303
1343 2303
1342 2302
1341 2302
1340 2302
1339 2303
1338 2303
1337 2304
1336 2304
1335 2305
1334 2306
1333 2307
1332 2308
1332 2309
1331 2310
1330 2311
1329 2312
1329 2313
1328 2314
1327 2315
1326 2315
1325 2316
1324 2316
1323 2317
1322 2318
1321 2318
1320 2319
1319 2320
1318 2321
1317 2322
1316 2323
1315 2324
1314 2325
1313 2326
1313 2327
1312 2328
1311 2329
1311 2330
1310 2331
1309 2332
1308 2333
1307 2334
1306 2335
1306 2336
1305 2337
1305 2338
1304 2339
1304 2340
1304 2341
1303 2342
1302 2343
1301 2344
1301 2345
1300 2346
1299 2347
1298 2347
1298 2348
1297 2349
1296 2350
1295 2351
1295 2352
1294 2353
1293 2354
1292 2354
1291 2355
1290 2355
1289 2355
1288 2356
1287 2356
1286 2356
1285 2357
1284 2357
1283 2358
1282 2358
1281 2359
1280 2360
1279 2361
1279 2362
1278 2363
1277 2364
1276 2365
1275 2366
1274 2366
1273 2366
1272 2366
1271 2366
1270 2367
1269 2367
1268 2367
1267 2367
1266 2367
1265 2368
1264 2368
1263 2368
1262 2368
1261 2369
1260 2369
1259 2369
1258 2369
1257 2370
1256 2370
1255 2370
1254 2371
1253 2371
1252 2371
1251 2372
1250 2372
1249 2372
1248 2372
1247 2373
1246 2373
1245 2373
1244 2373
1243 2373
1242 2374
1241 2375
1240 2375
1239 2376
1238 2376
1237 2377
1236 2377
1235 2378
1234 2378
1233 2379
1232 2379
1231 2379
1230 2380
1229 2380
1228 2380
1227 2380
1226 2380
1225 2380
1224 2380
1223 2380
1222 2380
1221 2380
1220 2380
1219 2380
1218 2380
1217 2380
1216 2380
1215 2380
1214 2380
1213 2380
1212 2380
1211 2380
1210 2380
1209 2380
1208 2380
1207 2380
1206 2381
1205 2381
1204 2381
1203 2382
1202 2382
1201 2383
1200 2383
1199 2383
1198 2384
1197 2384
1196 2384
1195 2384
1194 2385
1193 2385
1192 2385
1191 2385
1190 2386
1189 2386
1188 2386
1187 2386
1186 2386
1185 2386
1184 2386
1183 2386
1182 2386
1181 2386
1180 2386
1179 2386
1178 2387
1177 2387
1176 2388
1175 2389
1174 2389
1173 2390
1172 2390
1171 2390
1170 2391
1169 2391
1168 2392
1167 2393
1166 2393
1165 2394
1164 2395
1164 2396
1163 2397
1162 2398
1161 2399
1160 2400
1159 2401
1158 2401
1157 2402
1156 2402
1155 2403
1154 2403
1153 2404
1152 2404
1151 2404
1150 2404
1149 2405
1148 2405
1147 2406
1146 2407
1145 2407
1144 2408
1143 2409
1142 2410
1141 2410
1140 2410
1139 2411
1138 2411
1137 2412
1136 2412
1135 2412
1134 2412
1133 2412
1132 2413
1131 2413
1130 2413
1129 2413
1128 2413
1127 2414
1126 2414
1125 2414
1124 2414
1123 2414
1122 2414
1121 2414
1120 2414
1119 2414
1118 2414
1117 2414
1116 2414
1115 2414
1114 2414
1113 2414
1112 2414
1111 2414
1110 2414
1109 2414
1108 2414
1107 2414
1106 2414
1105 2413
1104 2413
1103 2413
1102 2413
1101 2413
1100 2413
1099 2413
1098 2413
1097 2413
1096 2413
1095 2413
1094 2413
1093 2413
1092 2413
1091 2413
1090 2413
1089 2413
1088 2413
1087 2413
1086 2412
1085 2412
1084 2412
1083 2412
1082 2412
1081 2412
1080 2412
1079 2412
1078 2412
1077 2412
1076 2412
1075 2412
1074 2412
1073 2412
1072 2412
1071 2412
1070 2412
1069 2413
1068 2414
1067 2414
1066 2415
1065 2415
1064 2415
1063 2415
1062 2416
1061 2416
1060 2416
1059 2417
1058 2417
1057 2418
1056 2418
1055 2419
1054 2419
1053 2420
1052 2420
1051 2421
1050 2421
1049 2421
1048 2422
1047 2422
1046 2423
1045 2424
1044 2424
1043 2425
1042 2426
1041 2427
1040 2427
1039 2428
1038 2428
1037 2429
1036 2429
1035 2430
1034 2430
1033 2430
1032 2430
1031 2431
1030 2431
1029 2431
1028 2431
1027 2431
1026 2431
1025 2431
1024 2431
1023 2431
1022 2431
1021 2432
1020 2432
1019 2432
1018 2433
1017 2433
1016 2434
1015 2434
1014 2435
1013 2435
1012 2435
1011 2436
1010 2436
1009 2436
1008 2436
1007 2437
1006 2437
1005 2437
1004 2437
1003 2437
1002 2437
1001 2437
1000 2437
999 2437
998 2437
997 2438
996 2438
995 2438
994 2438
993 2438
992 2438
991 2438
990 2438
989 2438
988 2437
987 2437
986 2437
985 2437
984 2437
983 2437
982 2437
981 2437
980 2437
979 2437
978 2437
977 2437
976 2437
975 2437
974 2437
973 2437
972 2437
971 2437
970 2437
969 2437
968 2437
967 2436
966 2436
965 2436
964 2436
963 2436
962 2436
961 2436
960 2436
959 2436
958 2436
957 2436
956 2436
955 2436
954 2436
953 2436
952 2435
951 2435
950 2435
949 2435
948 2435
947 2435
946 2435
945 2435
944 2435
943 2435
942 2435
941 2435
940 2435
939 2435
938 2435
937 2435
936 2434
935 2434
934 2434
933 2434
932 2434
931 2434
930 2434
929 2434
928 2434
927 2434
926 2434
925 2434
924 2434
923 2434
922 2434
921 2433
920 2433
919 2433
918 2433
917 2433
916 2433
915 2433
914 2433
913 2433
912 2433
911 2433
910 2433
909 2433
908 2433
907 2433
906 2433
905 2434
904 2434
903 2434
902 2434
901 2434
900 2435
899 2435
898 2435
897 2435
896 2436
895 2436
894 2436
893 2436
892 2436
891 2436
890 2437
889 2437
888 2437
887 2437
886 2437
885 2437
884 2437
883 2437
882 2437
881 2437
880 2437
879 2437
878 2437
877 2437
876 2437
875 2437
874 2437
873 2437
872 2437
871 2437
870 2437
869 2437
868 2438
867 2438
866 2438
865 2438
864 2439
863 2439
862 2439
861 2440
860 2440
859 2440
858 2441
857 2441
856 2441
855 2441
854 2441
853 2441
852 2441
851 2441
850 2442
849 2442
848 2442
847 2442
846 2442
845 2442
844 2443
843 2443
842 2443
841 2443
840 2443
839 2443
838 2443
837 2443
836 2443
835 2443
834 2443
833 2443
832 2443
831 2443
830 2443
829 2443
828 2443
827 2443
826 2443
825 2443
824 2443
823 2442
822 2442
821 2442
820 2442
819 2442
818 2442
817 2442
816 2442
815 2442
814 2442
813 2442
812 2442
811 2442
810 2442
809 2442
808 2442
807 2442
806 2442
805 2442
804 2442
803 2443
802 2443
801 2443
800 2444
799 2444
798 2444
797 2445
796 2445
795 2445
794 2445
793 2445
792 2445
791 2445
790 2446
789 2446
788 2446
787 2446
786 2446
785 2446
784 2446
783 2446
782 2447
781 2447
780 2447
779 2447
778 2447
777 2447
776 2447
775 2447
774 2447
773 2447
772 2447
771 2447
770 2447
769 2447
768 2447
767 2447
766 2447
765 2447
764 2448
763 2448
762 2449
761 2450
760 2450
759 2451
758 2451
757 2451
756 2451
755 2452
754 2452
753 2452
752 2452
751 2452
750 2453
749 2453
748 2454
747 2454
746 2455
745 2455
744 2456
743 2456
742 2456
741 2456
740 2457
739 2457
738 2457
737 2457
736 2458
735 2458
734 2458
733 2458
732 2458
731 2458
730 2458
729 2458
728 2458
727 2459
726 2459
725 2459
724 2459
723 2459
722 2459
721 2459
720 2459
719 2459
718 2459
717 2459
716 2460
715 2460
714 2460
713 2461
712 2461
711 2461
710 2462
709 2462
708 2463
707 2463
706 2463
705 2463
704 2463
703 2463
702 2464
701 2464
700 2464
699 2464
698 2464
697 2464
696 2464
695 2464
694 2464
693 2465
692 2465
691 2465
690 2465
689 2466
688 2466
687 2467
686 2467
685 2468
684 2468
683 2468
682 2469
681 2469
680 2469
679 2469
678 2470
677 2470
676 2470
675 2470
674 2470
673 2470
672 2470
671 2470
670 2470
669 2471
668 2471
667 2471
666 2471
665 2471
664 2471
663 2471
662 2471
661 2471
660 2471
659 2471
658 2471
657 2471
656 2471
655 2471
654 2471
653 2471
652 2471
651 2471
650 2471
649 2471
648 2471
647 2471
646 2471
645 2470
644 2470
643 2470
642 2470
641 2470
640 2470
639 2470
638 2470
637 2471
636 2471
635 2471
634 2472
633 2472
632 2472
631 2472
630 2473
629 2473
628 2473
627 2473
626 2474
625 2474
624 2474
623 2474
622 2474
621 2474
620 2475
619 2475
618 2475
617 2475
616 2475
615 2475
614 2475
613 2475
612 2475
611 2475
610 2475
609 2475
608 2475
607 2476
606 2476
605 2476
604 2477
603 2477
602 2478
601 2478
600 2479
599 2479
598 2479
597 2480
596 2480
595 2480
594 2480
593 2480
592 2480
591 2481
590 2481
589 2481
588 2481
587 2481
586 2481
585 2481
584 2481
583 2481
582 2481
581 2481
580 2481
579 2481
578 2481
577 2481
576 2481
575 2481
574 2481
573 2481
572 2481
571 2481
570 2481
569 2481
568 2481
567 2481
566 2481
565 2481
564 2481
563 2481
562 2481
561 2481
560 2481
559 2481
558 2481
557 2481
556 2481
555 2481
554 2480
553 2480
552 2480
551 2480
550 2480
549 2480
548 2480
547 2480
546 2480
545 2480
544 2480
543 2480
542 2480
541 2480
540 2480
539 2480
538 2480
537 2480
536 2479
535 2479
534 2479
533 2479
532 2479
531 2479
530 2479
529 2479
528 2479
527 2479
526 2479
525 2479
524 2479
523 2479
522 2479
521 2479
520 2478
519 2478
518 2478
517 2478
516 2478
515 2478
514 2478
513 2478
512 2478
511 2478
510 2478
509 2478
508 2478
507 2478
506 2478
505 2477
504 2477
503 2477
502 2477
501 2477
500 2477
499 2477
498 2477
497 2477
496 2477
495 2477
494 2477
493 2477
492 2477
491 2477
490 2477
489 2477
488 2477
487 2477
486 2477
485 2478
484 2478
483 2478
482 2478
481 2478
480 2478
479 2478
478 2478
477 2478
476 2478
475 2478
474 2478
473 2479
472 2479
471 2479
470 2479
469 2479
468 2479
467 2479
466 2479
465 2479
464 2479
463 2479
462 2480
461 2480
460 2480
459 2480
458 2481
457 2481
456 2481
455 2481
454 2482
453 2482
452 2482
451 2482
450 2482
449 2482
448 2483
447 2483
446 2483
445 2483
444 2483
443 2483
442 2484
441 2484
440 2484
439 2484
438 2484
437 2484
436 2484
435 2484
434 2485
433 2485
432 2485
431 2485
430 2485
429 2486
428 2486
427 2486
426 2486
425 2487
424 2487
423 2487
422 2487
421 2488
420 2488
419 2488
418 2488
417 2489
416 2489
415 2489
414 2490
413 2490
412 2490
411 2491
410 2491
409 2491
408 2491
407 2491
406 2491
405 2492
404 2492
403 2492
402 2492
401 2492
400 2492
399 2493
398 2493
397 2493
396 2493
395 2493
394 2493
393 2493
392 2493
391 2493
390 2493
389 2493
388 2493
387 2493
386 2493
385 2493
384 2493
383 2493
382 2493
381 2493
380 2493
379 2493
378 2493
377 2493
376 2493
375 2492
374 2492
373 2492
372 2492
371 2492
370 2492
369 2492
368 2492
367 2492
366 2492
365 2492
364 2492
363 2492
362 2492
361 2492
360 2492
359 2492
358 2491
357 2491
356 2491
355 2491
354 2491
353 2491
352 2491
351 2491
350 2491
349 2491
348 2491
347 2491
346 2491
345 2491
344 2491
343 2491
342 2490
341 2490
340 2490
339 2490
338 2490
337 2490
336 2490
335 2490
334 2490
333 2490
332 2490
331 2490
330 2490
329 2490
328 2490
327 2489
326 2489
325 2489
324 2489
323 2489
322 2489
321 2489
320 2489
319 2489
318 2489
317 2489
316 2489
315 2489
314 2489
313 2489
312 2488
311 2488
310 2488
309 2488
308 2488
307 2488
306 2488
305 2488
304 2488
303 2488
302 2488
301 2488
300 2488
299 2488
298 2488
297 2487
296 2487
295 2487
294 2487
293 2487
292 2487
291 2487
290 2487
289 2487
288 2487
287 2487
286 2487
285 2487
284 2487
283 2487
282 2486
281 2486
280 2486
279 2486
278 2486
277 2486
276 2486
275 2486
274 2486
273 2486
272 2486
271 2486
270 2486
269 2486
268 2486
267 2485
266 2485
265 2486
264 2486
263 2486
262 2487
261 2487
260 2487
259 2487
258 2488
257 2488
256 2488
255 2488
254 2489
253 2489
252 2489
251 2489
250 2489
249 2490
248 2490
247 2490
246 2490
245 2490
244 2490
243 2490
242 2490
241 2490
240 2490
239 2490
238 2490
237 2490
236 2490
235 2490
234 2491
233 2491
232 2491
231 2491
230 2491
229 2492
228 2492
227 2492
226 2492
225 2492
224 2492
223 2493
222 2493
221 2493
220 2493
219 2494
218 2494
217 2494
216 2494
215 2494
214 2494
213 2495
212 2495
211 2495
210 2495
209 2495
208 2495
207 2495
206 2495
205 2495
204 2496
203 2496
202 2497
201 2497
200 2497
199 2498
198 2498
197 2498
196 2499
195 2499
194 2499
193 2499
192 2500
191 2500
190 2500
189 2500
188 2501
187 2501
186 2501
185 2501
184 2501
183 2502
182 2502
181 2502
180 2502
179 2502
178 2503
178 2504
177 2505
177 2506
176 2507
175 2508
175 2509
175 2510
174 2511
175 2512
175 2513
176 2514
177 2515
178 2515
179 2516
180 2516
181 2516
182 2517
183 2517
184 2517
185 2517
186 2518
187 2518
188 2519
189 2519
190 2520
191 2520
192 2521
193 2522
194 2522
195 2523
196 2524
197 2524
198 2525
199 2525
200 2526
201 2526
202 2526
203 2527
204 2527
205 2527
206 2528
207 2528
208 2528
209 2528
210 2528
211 2528
212 2529
213 2529
214 2529
215 2529
216 2529
217 2529
218 2529
219 2529
220 2529
221 2530
222 2530
223 2530
224 2530
225 2530
226 2530
227 2530
228 2530
229 2530
230 2530
231 2530
232 2530
233 2531
234 2531
235 2531
236 2531
237 2531
238 2531
239 2531
240 2531
241 2531
242 2531
243 2532
244 2532
245 2532
246 2532
247 2532
248 2532
249 2532
250 2532
251 2532
252 2532
253 2532
254 2532
255 2532
256 2532
257 2533
258 2533
259 2533
260 2533
261 2533
262 2533
263 2533
264 2533
265 2533
266 2533
267 2533
268 2533
269 2533
270 2533
271 2533
272 2534
273 2534
274 2534
275 2534
276 2534
277 2534
278 2534
279 2534
280 2534
281 2534
282 2534
283 2534
284 2534
285 2535
286 2535
287 2535
288 2535
289 2535
290 2535
291 2535
292 2535
293 2536
294 2536
295 2536
296 2537
297 2537
298 2537
299 2538
300 2538
301 2538
302 2539
303 2539
304 2539
305 2540
306 2540
307 2540
308 2540
309 2541
310 2541
311 2541
312 2542
313 2542
314 2542
315 2542
316 2543
317 2543
318 2544
319 2544
320 2544
321 2545
322 2545
323 2546
324 2546
325 2547
326 2547
327 2548
328 2548
329 2549
330 2549
331 2550
332 2550
333 2550
334 2550
335 2551
336 2551
337 2551
338 2551
339 2552
340 2552
341 2552
342 2552
343 2553
344 2553
345 2553
346 2553
347 2553
348 2553
349 2553
350 2554
351 2554
352 2554
353 2555
354 2555
355 2556
356 2556
357 2557
358 2557
359 2557
360 2558
361 2558
362 2559
363 2559
364 2559
365 2560
366 2560
367 2560
368 2561
369 2561
370 2561
371 2562
372 2562
373 2562
374 2562
375 2563
376 2563
377 2563
378 2563
379 2563
380 2564
381 2564
382 2564
383 2564
384 2564
385 2565
386 2565
387 2565
388 2565
389 2565
390 2565
391 2565
392 2565
393 2565
394 2565
395 2565
396 2566
397 2566
398 2566
399 2566
400 2566
401 2566
402 2566
403 2566
404 2566
405 2566
406 2566
407 2566
408 2567
409 2567
410 2567
411 2567
412 2567
413 2567
414 2567
415 2567
416 2567
417 2567
418 2567
419 2567
420 2568
421 2567
422 2567
423 2567
424 2567
425 2566
426 2566
427 2566
428 2566
429 2566
430 2565
431 2565
432 2565
433 2565
434 2564
435 2564
436 2563
437 2563
438 2562
439 2562
440 2561
441 2561
442 2561
443 2560
444 2560
445 2559
446 2559
447 2559
448 2558
449 2558
450 2558
451 2558
452 2558
453 2557
454 2557
455 2557
456 2556
457 2555
458 2555
459 2554
460 2554
461 2553
462 2553
463 2552
464 2552
465 2552
466 2552
467 2551
468 2551
469 2551
470 2551
471 2550
472 2550
473 2550
474 2550
475 2550
476 2550
477 2550
478 2550
479 2549
480 2549
481 2549
482 2549
483 2549
484 2549
485 2549
486 2549
487 2549
488 2549
489 2549
490 2549
491 2549
492 2549
493 2549
494 2549
495 2549
496 2549
497 2549
498 2549
499 2549
500 2549
501 2549
502 2549
503 2549
504 2549
505 2549
506 2550
507 2550
508 2550
509 2550
510 2550
511 2550
512 2550
513 2550
514 2550
515 2550
516 2550
517 2550
518 2550
519 2550
520 2550
521 2550
522 2550
523 2551
524 2551
525 2551
526 2551
527 2551
528 2551
529 2551
530 2551
531 2551
532 2551
533 2551
534 2551
535 2551
536 2551
537 2552
538 2552
539 2552
540 2552
541 2552
542 2552
543 2552
544 2552
545 2552
546 2552
547 2552
548 2552
549 2552
550 2552
551 2552
552 2552
553 2552
554 2553
555 2553
556 2553
557 2553
558 2553
559 2553
560 2553
561 2553
562 2553
563 2553
564 2553
565 2553
566 2553
567 2553
568 2553
569 2554
570 2554
571 2554
572 2554
573 2554
574 2554
575 2554
576 2554
577 2554
578 2554
579 2554
580 2554
581 2554
582 2554
583 2555
584 2555
585 2555
586 2555
587 2555
588 2555
589 2555
590 2555
591 2555
592 2555
593 2555
594 2555
595 2555
596 2555
597 2555
598 2556
599 2556
600 2556
601 2556
602 2556
603 2556
604 2556
605 2556
606 2556
607 2556
608 2556
609 2556
610 2556
611 2556
612 2556
613 2557
614 2557
615 2557
616 2557
617 2557
618 2557
619 2557
620 2557
621 2557
622 2557
623 2557
624 2557
625 2557
626 2557
627 2557
628 2558
629 2558
630 2558
631 2558
632 2558
633 2558
634 2558
635 2558
636 2558
637 2558
638 2558
639 2558
640 2558
641 2558
642 2558
643 2559
644 2559
645 2559
646 2559
647 2559
648 2559
649 2559
650 2559
651 2559
652 2559
653 2559
654 2559
655 2559
656 2559
657 2559
658 2560
659 2560
660 2560
661 2560
662 2560
663 2560
664 2560
665 2560
666 2560
667 2560
668 2560
669 2560
670 2560
671 2560
672 2560
673 2561
674 2561
675 2561
676 2561
677 2561
678 2561
679 2561
680 2561
681 2561
682 2561
683 2561
684 2561
685 2561
686 2561
687 2561
688 2562
689 2562
690 2562
691 2562
692 2562
693 2562
694 2562
695 2562
696 2562
697 2562
698 2562
699 2562
700 2562
701 2562
702 2562
703 2563
704 2563
705 2563
706 2563
707 2563
708 2563
709 2563
710 2563
711 2563
712 2563
713 2563
714 2563
715 2563
716 2563
717 2563
718 2563
719 2563
720 2563
721 2562
722 2562
723 2562
724 2562
725 2561
726 2561
727 2561
728 2561
729 2560
730 2560
731 2560
732 2560
733 2560
734 2559
735 2559
736 2558
737 2558
738 2558
739 2557
740 2557
741 2557
742 2556
743 2556
744 2555
745 2555
746 2555
747 2554
748 2554
749 2553
750 2553
751 2553
752 2553
753 2553
754 2552
755 2552
756 2552
757 2552
758 2552
759 2552
760 2552
761 2551
762 2551
763 2551
764 2551
765 2551
766 2551
767 2551
768 2551
769 2551
770 2551
771 2551
772 2552
773 2552
774 2552
775 2552
776 2552
777 2552
778 2552
779 2552
780 2552
781 2552
782 2552
783 2552
784 2552
785 2552
786 2552
787 2552
788 2552
789 2552
790 2553
791 2553
792 2553
793 2553
794 2553
795 2553
796 2553
797 2553
798 2553
799 2553
800 2553
801 2553
802 2553
803 2553
804 2553
805 2553
806 2554
807 2554
808 2554
809 2554
810 2554
811 2554
812 2554
813 2554
814 2554
815 2554
816 2554
817 2554
818 2554
819 2554
820 2554
821 2555
822 2555
823 2555
824 2555
825 2555
826 2555
827 2555
828 2555
829 2555
830 2555
831 2555
832 2555
833 2555
834 2555
835 2555
836 2556
837 2556
838 2556
839 2556
840 2556
841 2556
842 2556
843 2556
844 2556
845 2556
846 2556
847 2556
848 2556
849 2556
850 2556
851 2557
852 2557
853 2557
854 2557
855 2557
856 2557
857 2557
858 2557
859 2557
860 2557
861 2557
862 2557
863 2557
864 2557
865 2557
866 2558
867 2558
868 2558
869 2558
870 2558
871 2558
872 2558
873 2558
874 2558
875 2558
876 2558
877 2558
878 2558
879 2558
880 2559
881 2559
882 2559
883 2559
884 2559
885 2559
886 2559
887 2559
888 2559
889 2559
890 2559
891 2559
892 2559
893 2559
894 2559
895 2560
896 2560
897 2560
898 2560
899 2560
900 2560
901 2560
902 2560
903 2560
904 2560
905 2560
906 2560
907 2560
908 2560
909 2560
910 2561
911 2561
912 2561
913 2561
914 2561
915 2561
916 2561
917 2561
918 2561
919 2561
920 2561
921 2561
922 2561
923 2561
924 2561
925 2562
926 2562
927 2562
928 2562
929 2562
930 2562
931 2562
932 2562
933 2562
934 2562
935 2562
936 2562
937 2562
938 2562
939 2562
940 2563
941 2563
942 2563
943 2563
944 2563
945 2563
946 2563
947 2563
948 2563
949 2564
950 2564
951 2565
952 2565
953 2565
954 2565
955 2566
956 2566
957 2567
958 2567
959 2567
960 2568
961 2568
962 2569
963 2569
964 2570
965 2570
966 2570
967 2571
968 2571
969 2571
970 2571
971 2571
972 2572
973 2572
974 2572
975 2572
976 2572
977 2572
978 2572
979 2572
980 2573
981 2573
982 2573
983 2573
984 2573
985 2573
986 2573
987 2573
988 2573
989 2573
990 2573
991 2574
992 2574
993 2574
994 2574
995 2574
996 2574
997 2574
998 2574
999 2574
1000 2574
1001 2574
1002 2574
1003 2575
1004 2575
1005 2575
1006 2575
1007 2575
1008 2575
1009 2575
1010 2575
1011 2575
1012 2575
1013 2575
1014 2575
1015 2575
1016 2575
1017 2576
1018 2576
1019 2576
1020 2576
1021 2576
1022 2576
1023 2576
1024 2576
1025 2576
1026 2576
1027 2576
1028 2576
1029 2576
1030 2576
1031 2576
1032 2577
1033 2577
1034 2577
1035 2577
1036 2577
1037 2577
1038 2577
1039 2577
1040 2577
1041 2577
1042 2577
1043 2577
1044 2577
1045 2578
1046 2578
1047 2578
1048 2578
1049 2578
1050 2578
1051 2578
1052 2578
1053 2578
1054 2578
1055 2578
1056 2578
1057 2578
1058 2578
1059 2578
1060 2579
1061 2579
1062 2579
1063 2579
1064 2579
1065 2579
1066 2579
1067 2579
1068 2579
1069 2579
1070 2579
1071 2579
1072 2579
1073 2579
1074 2579
1075 2580
1076 2580
1077 2580
1078 2580
1079 2580
1080 2580
1081 2580
1082 2580
1083 2580
1084 2580
1085 2580
1086 2580
1087 2580
1088 2580
1089 2580
1090 2581
1091 2581
1092 2581
1093 2581
1094 2581
1095 2581
1096 2581
1097 2581
1098 2581
1099 2581
1100 2581
1101 2581
1102 2581
1103 2581
1104 2581
1105 2582
1106 2582
1107 2582
1108 2582
1109 2582
1110 2582
1111 2582
1112 2582
1113 2582
1114 2582
1115 2582
1116 2582
1117 2582
1118 2582
1119 2583
1120 2583
1121 2583
1122 2583
1123 2583
1124 2583
1125 2583
1126 2583
1127 2583
1128 2583
1129 2583
1130 2583
1131 2583
1132 2583
1133 2583
1134 2583
1135 2584
1136 2584
1137 2584
1138 2584
1139 2584
1140 2584
1141 2584
1142 2584
1143 2584
1144 2584
1145 2584
1146 2584
1147 2584
1148 2584
1149 2584
1150 2585
1151 2585
1152 2585
1153 2585
1154 2585
1155 2585
1156 2585
1157 2585
1158 2585
1159 2585
1160 2585
1161 2585
1162 2585
1163 2585
1164 2586
1165 2586
1166 2587
1167 2587
1168 2588
1169 2588
1170 2589
1171 2589
1172 2590
1173 2590
1174 2591
1175 2591
1176 2591
1177 2592
1178 2592
1179 2592
1180 2592
1181 2593
1182 2593
1183 2593
1184 2593
1185 2593
1186 2594
1187 2594
1188 2594
1189 2594
1190 2594
1191 2594
1192 2595
1193 2595
1194 2595
1195 2595
1196 2595
1197 2595
1198 2595
1199 2595
1200 2595
1201 2596
1202 2596
1203 2596
1204 2596
1205 2596
1206 2596
1207 2596
1208 2596
1209 2596
1210 2596
1211 2597
1212 2597
1213 2597
1214 2597
1215 2597
1216 2597
1217 2597
1218 2597
1219 2597
1220 2597
1221 2597
1222 2597
1223 2597
1224 2598
1225 2598
1226 2598
1227 2598
1228 2598
1229 2598
1230 2598
1231 2598
1232 2598
1233 2598
1234 2598
1235 2598
1236 2598
1237 2599
1238 2599
1239 2599
1240 2600
1241 2600
1242 2600
1243 2601
1244 2601
1245 2602
1246 2602
1247 2602
1248 2603
1249 2603
1250 2603
1251 2604
1252 2604
1253 2604
1254 2604
1255 2605
1256 2605
1257 2605
1258 2605
1259 2606
1260 2606
1261 2606
1262 2607
1263 2608
1264 2608
1265 2609
1266 2609
1267 2610
1268 2611
1269 2611
1270 2612
1271 2612
1272 2613
1273 2613
1274 2614
1275 2614
1276 2614
1277 2615
1278 2615
1279 2615
1280 2615
1281 2616
1282 2616
1283 2616
1284 2616
1285 2616
1286 2616
1287 2617
1288 2617
1289 2617
1290 2618
1291 2618
1292 2619
1293 2619
1294 2620
1295 2620
1296 2621
1297 2622
1298 2622
1299 2622
1300 2623
1301 2623
1302 2624
1303 2624
1304 2624
1305 2625
1306 2625
1307 2625
1308 2626
1309 2626
1310 2626
1311 2626
1312 2626
1313 2626
1314 2627
1315 2627
1316 2627
1317 2627
1318 2627
1319 2627
1320 2627
1321 2628
1322 2628
1323 2628
1324 2628
1325 2628
1326 2628
1327 2628
1328 2628
1329 2628
1330 2628
1331 2628
1332 2629
1333 2629
1334 2629
1335 2629
1336 2629
1337 2629
1338 2629
1339 2629
1340 2629
1341 2629
1342 2629
1343 2629
1344 2629
1345 2630
1346 2630
1347 2630
1348 2630
1349 2630
1350 2630
1351 2630
1352 2630
1353 2630
1354 2630
1355 2630
1356 2630
1357 2630
1358 2630
1359 2631
1360 2631
1361 2631
1362 2631
1363 2631
1364 2631
1365 2631
1366 2631
1367 2631
1368 2631
1369 2631
1370 2631
1371 2631
1372 2631
1373 2632
1374 2632
1375 2632
1376 2632
1377 2632
1378 2632
1379 2632
1380 2632
1381 2632
1382 2632
1383 2632
1384 2632
1385 2632
1386 2632
1387 2633
1388 2633
1389 2633
1390 2633
1391 2633
1392 2633
1393 2633
1394 2633
1395 2633
1396 2633
1397 2633
1398 2633
1399 2633
1400 2633
1401 2633
1402 2634
1403 2634
1404 2634
1405 2634
1406 2634
1407 2634
1408 2634
1409 2634
1410 2634
1411 2634
1412 2634
1413 2634
1414 2634
1415 2634
1416 2634
1417 2635
1418 2635
1419 2635
1420 2635
1421 2635
1422 2635
1423 2635
1424 2635
1425 2635
1426 2635
1427 2635
1428 2635
1429 2635
1430 2635
1431 2635
1432 2636
1433 2636
1434 2636
1435 2636
1436 2636
1437 2636
1438 2636
1439 2636
1440 2636
1441 2636
1442 2636
1443 2636
1444 2636
1445 2636
1446 2636
1447 2637
1448 2637
1449 2637
1450 2637
1451 2637
1452 2637
1453 2637
1454 2637
1455 2637
1456 2637
1457 2637
1458 2637
1459 2637
1460 2637
1461 2637
1462 2638
1463 2638
1464 2638
1465 2638
1466 2638
1467 2638
1468 2638
1469 2638
1470 2638
1471 2638
1472 2638
1473 2638
1474 2638
1475 2638
1476 2639
1477 2639
1478 2639
1479 2639
1480 2639
1481 2639
1482 2639
1483 2639
1484 2639
1485 2639
1486 2639
1487 2639
1488 2639
1489 2639
1490 2639
1491 2640
1492 2640
1493 2640
1494 2640
1495 2640
1496 2640
1497 2640
1498 2640
1499 2640
1500 2640
1501 2640
1502 2640
1503 2640
1504 2640
1505 2640
1506 2641
1507 2641
1508 2641
1509 2641
1510 2641
1511 2641
1512 2641
1513 2641
1514 2641
1515 2641
1516 2641
1517 2641
1518 2641
1519 2641
1520 2641
1521 2642
1522 2642
1523 2642
1524 2642
1525 2642
1526 2642
1527 2642
1528 2642
1529 2642
1530 2642
1531 2642
1532 2642
1533 2642
1534 2642
1535 2642
1536 2643
1537 2643
1538 2643
1539 2643
1540 2643
1541 2643
1542 2643
1543 2643
1544 2643
1545 2643
1546 2643
1547 2643
1548 2643
1549 2643
1550 2643
1551 2644
1552 2644
1553 2644
1554 2644
1555 2644
1556 2644
1557 2644
1558 2644
1559 2644
1560 2644
1561 2644
1562 2644
1563 2644
1564 2644
1565 2644
1566 2645
1567 2645
1568 2645
1569 2646
1570 2646
1571 2647
1572 2648
1573 2648
1574 2649
1575 2649
1576 2649
1577 2650
1578 2650
1579 2650
1580 2651
1581 2651
1582 2651
1583 2651
1584 2652
1585 2652
1586 2652
1587 2652
1588 2653
1589 2653
1590 2653
1591 2653
1592 2653
1593 2654
1594 2654
1595 2654
1596 2654
1597 2654
1598 2654
1599 2655
1600 2655
1601 2655
1602 2655
1603 2655
1604 2655
1605 2655
1606 2655
1607 2655
1608 2655
1609 2655
1610 2655
1611 2656
1612 2656
1613 2656
1614 2656
1615 2656
1616 2656
1617 2656
1618 2656
1619 2656
1620 2656
1621 2656
1622 2656
1623 2656
1624 2656
1625 2657
1626 2657
1627 2657
1628 2657
1629 2657
1630 2657
1631 2657
1632 2657
1633 2657
1634 2657
1635 2657
1636 2657
1637 2657
1638 2657
1639 2657
1640 2658
1641 2658
1642 2658
1643 2658
1644 2658
1645 2658
1646 2658
1647 2658
1648 2658
1649 2658
1650 2658
1651 2658
1652 2658
1653 2658
1654 2659
1655 2659
1656 2659
1657 2659
1658 2659
1659 2659
1660 2659
1661 2659
1662 2659
1663 2659
1664 2659
1665 2659
1666 2659
1667 2659
1668 2659
1669 2659
1670 2660
1671 2660
1672 2660
1673 2660
1674 2660
1675 2660
1676 2660
1677 2660
1678 2660
1679 2660
1680 2660
1681 2660
1682 2660
1683 2660
1684 2661
1685 2661
1686 2661
1687 2661
1688 2661
1689 2661
1690 2661
1691 2661
1692 2661
1693 2661
1694 2661
1695 2661
1696 2661
1697 2661
1698 2661
1699 2662
1700 2662
1701 2662
1702 2662
1703 2662
1704 2662
1705 2662
1706 2662
1707 2662
1708 2662
1709 2662
1710 2662
1711 2662
1712 2662
1713 2662
1714 2663
1715 2663
1716 2663
1717 2663
1718 2663
1719 2663
1720 2663
1721 2663
1722 2663
1723 2663
1724 2663
1725 2663
1726 2663
1727 2663
1728 2663
1729 2664
1730 2664
1731 2664
1732 2664
1733 2664
1734 2664
1735 2664
1736 2664
1737 2664
1738 2664
1739 2664
1740 2664
1741 2664
1742 2664
1743 2664
1744 2665
1745 2665
1746 2665
1747 2665
1748 2665
1749 2665
1750 2665
1751 2665
1752 2665
1753 2665
1754 2665
1755 2665
1756 2665
1757 2665
1758 2665
1759 2666
1760 2666
1761 2666
1762 2666
1763 2666
1764 2666
1765 2666
1766 2666
1767 2666
1768 2666
1769 2666
1770 2666
1771 2666
1772 2666
1773 2666
1774 2667
1775 2667
1776 2667
1777 2667
1778 2667
1779 2667
1780 2667
1781 2667
1782 2667
1783 2667
1784 2667
1785 2667
1786 2667
1787 2667
1788 2668
1789 2668
1790 2668
1791 2668
1792 2668
1793 2668
1794 2668
1795 2668
1796 2668
1797 2668
1798 2668
1799 2668
1800 2668
1801 2668
1802 2668
1803 2669
1804 2669
1805 2669
1806 2669
1807 2669
1808 2669
1809 2669
1810 2669
1811 2669
1812 2669
1813 2669
1814 2669
1815 2669
1816 2669
1817 2669
1818 2670
1819 2670
1820 2670
1821 2670
1822 2670
1823 2670
1824 2670
1825 2670
1826 2670
1827 2670
1828 2670
1829 2670
1830 2670
1831 2670
1832 2670
1833 2671
1834 2671
1835 2671
1836 2671
1837 2671
1838 2671
1839 2671
1840 2671
1841 2671
1842 2671
1843 2671
1844 2671
1845 2671
1846 2671
1847 2671
1848 2672
1849 2672
1850 2672
1851 2672
1852 2672
1853 2672
1854 2672
1855 2672
1856 2672
1857 2672
1858 2672
1859 2672
1860 2673
1861 2673
1862 2674
1863 2674
1864 2675
1865 2676
1866 2676
1867 2676
1868 2677
1869 2677
1870 2677
1871 2678
1872 2678
1873 2678
1874 2679
1875 2679
1876 2680
1877 2680
1878 2681
1879 2681
1880 2682
1881 2682
1882 2683
1883 2683
1884 2684
1885 2684
1886 2685
1887 2685
1888 2685
1889 2686
1890 2686
1891 2686
1892 2686
1893 2687
1894 2687
1895 2687
1896 2687
1897 2688
1898 2688
1899 2688
1900 2688
1901 2689
1902 2689
1903 2689
1904 2689
1905 2689
1906 2690
1907 2690
1908 2690
1909 2690
1910 2690
1911 2690
1912 2690
1913 2691
1914 2691
1915 2691
1916 2691
1917 2691
1918 2691
1919 2691
1920 2692
1921 2692
1922 2692
1923 2692
1924 2692
1925 2693
1926 2693
1927 2693
1928 2694
1929 2694
1930 2694
1931 2695
1932 2695
1933 2696
1934 2696
1935 2696
1936 2697
1937 2697
1938 2698
1939 2698
1940 2698
1941 2699
1942 2699
1943 2700
1944 2700
1945 2700
1946 2700
1947 2701
1948 2701
1949 2701
1950 2701
1951 2701
1952 2701
1953 2702
1954 2702
1955 2702
1956 2702
1957 2702
1958 2702
1959 2702
1960 2703
1961 2703
1962 2703
1963 2703
1964 2703
1965 2703
1966 2703
1967 2703
1968 2703
1969 2703
1970 2703
1971 2703
1972 2704
1973 2704
1974 2704
1975 2704
1976 2704
1977 2704
1978 2704
1979 2704
1980 2704
1981 2704
1982 2704
1983 2704
1984 2705
1985 2705
1986 2705
1987 2705
1988 2705
1989 2705
1990 2705
1991 2705
1992 2705
1993 2705
1994 2705
1995 2705
1996 2705
1997 2705
1998 2706
1999 2706
2000 2706
2001 2706
2002 2706
2003 2706
2004 2706
2005 2706
2006 2706
2007 2706
2008 2706
2009 2706
2010 2706
2011 2706
2012 2707
2013 2707
2014 2707
2015 2707
2016 2707
2017 2707
2018 2707
2019 2707
2020 2707
2021 2707
2022 2707
2023 2707
2024 2707
2025 2707
2026 2707
2027 2708
2028 2708
2029 2708
2030 2708
2031 2708
2032 2708
2033 2708
2034 2708
2035 2708
2036 2708
2037 2708
2038 2708
2039 2708
2040 2709
2041 2709
2042 2709
2043 2709
2044 2709
2045 2709
2046 2709
2047 2709
2048 2709
2049 2709
2050 2709
2051 2709
2052 2709
2053 2709
2054 2709
2055 2710
2056 2710
2057 2710
2058 2710
2059 2710
2060 2710
2061 2710
2062 2710
2063 2710
2064 2710
2065 2710
2066 2710
2067 2710
2068 2710
2069 2710
2070 2711
2071 2711
2072 2711
2073 2711
2074 2711
2075 2711
2076 2711
2077 2711
2078 2711
2079 2711
2080 2711
2081 2711
2082 2711
2083 2711
2084 2711
2085 2712
2086 2712
2087 2712
2088 2712
2089 2712
2090 2712
2091 2712
2092 2712
2093 2712
2094 2712
2095 2712
2096 2712
2097 2712
2098 2712
2099 2712
2100 2713
2101 2713
2102 2713
2103 2713
2104 2713
2105 2713
2106 2713
2107 2713
2108 2713
2109 2713
2110 2713
2111 2713
2112 2713
2113 2713
2114 2713
2115 2714
2116 2714
2117 2714
2118 2714
2119 2714
2120 2714
2121 2714
2122 2714
2123 2714
2124 2714
2125 2714
2126 2714
2127 2714
2128 2714
2129 2715
2130 2715
2131 2715
2132 2715
2133 2715
2134 2715
2135 2715
2136 2715
2137 2715
2138 2715
2139 2715
2140 2715
2141 2715
2142 2715
2143 2715
2144 2716
2145 2716
2146 2716
2147 2716
2148 2716
2149 2716
2150 2716
2151 2716
2152 2716
2153 2716
2154 2716
2155 2716
2156 2716
2157 2716
2158 2716
2159 2717
2160 2717
2161 2717
2162 2717
2163 2717
2164 2717
2165 2717
2166 2717
2167 2717
2168 2717
2169 2717
2170 2717
2171 2717
2172 2717
2173 2717
2174 2718
2175 2718
2176 2718
2177 2718
2178 2718
2179 2718
2180 2718
2181 2718
2182 2718
2183 2718
2184 2718
2185 2718
2186 2718
2187 2718
2188 2718
2189 2719
2190 2719
2191 2719
2192 2719
2193 2719
2194 2719
2195 2719
2196 2719
2197 2719
2198 2719
2199 2719
2200 2719
2201 2719
2202 2719
2203 2719
2204 2720
2205 2720
2206 2720
2207 2720
2208 2720
2209 2720
2210 2720
2211 2720
2212 2720
2213 2720
2214 2720
2215 2720
2216 2720
2217 2720
2218 2720
2219 2721
2220 2721
2221 2721
2222 2721
2223 2721
2224 2721
2225 2721
2226 2721
2227 2721
2228 2721
2229 2721
2230 2721
2231 2721
2232 2721
2233 2721
2234 2722
2235 2722
2236 2722
2237 2722
2238 2722
2239 2723
2240 2723
2241 2723
2242 2724
2243 2724
2244 2725
2245 2725
2246 2725
2247 2726
2248 2726
2249 2727
2250 2727
2251 2728
2252 2728
2253 2728
2254 2729
2255 2729
2256 2730
2257 2730
2258 2731
2259 2731
2260 2731
2261 2731
2262 2731
2263 2731
2264 2731
2265 2731
2266 2731
2267 2732
2268 2732
2269 2732
2270 2732
2271 2732
2272 2732
2273 2732
2274 2732
2275 2732
2276 2732
2277 2732
2278 2732
2279 2732
2280 2733
2281 2733
2282 2733
2283 2733
2284 2733
2285 2733
2286 2733
2287 2733
2288 2733
2289 2733
2290 2733
2291 2733
2292 2733
2293 2734
2294 2734
2295 2735
2296 2735
2297 2736
2298 2736
2299 2737
2300 2737
2301 2738
2302 2738
2303 2739
2304 2739
2305 2739
2306 2740
2307 2740
2308 2740
2309 2740
2310 2741
2311 2741
2312 2742
2313 2742
2314 2743
2315 2743
2316 2744
2317 2744
2318 2745
2319 2745
2320 2746
2321 2746
2322 2747
2323 2747
2324 2747
2325 2748
2326 2748
2327 2748
2328 2749
2329 2749
2330 2749
2331 2750
2332 2750
2333 2751
2334 2751
2335 2751
2336 2752
2337 2752
2338 2753
2339 2753
2340 2754
2341 2754
2342 2755
2343 2755
2344 2756
2345 2756
2346 2756
2347 2757
2348 2757
2349 2758
2350 2758
2351 2758
2352 2758
2353 2759
2354 2759
2355 2759
2356 2759
2357 2760
2358 2760
2359 2760
2360 2760
2361 2761
2362 2761
2363 2761
2364 2761
2365 2761
2366 2761
2367 2762
2368 2762
2369 2762
2370 2762
2371 2762
2372 2763
2373 2763
2374 2764
2375 2764
2376 2765
2377 2765
2378 2766
2379 2766
2380 2767
2381 2767
2382 2768
2383 2768
2384 2768
2385 2769
2386 2769
2387 2769
2388 2769
2389 2770
2390 2770
2391 2770
2392 2770
2393 2771
2394 2771
2395 2771
2396 2771
2397 2771
2398 2771
2399 2772
2400 2772
2401 2772
2402 2772
2403 2772
2404 2773
2405 2773
2406 2774
2407 2774
2408 2774
2409 2775
2410 2775
2411 2776
2412 2776
2413 2777
2414 2777
2415 2778
2416 2778
2417 2779
2418 2780
2419 2781
2420 2781
2421 2782
2422 2783
2423 2784
2424 2785
2425 2785
2426 2786
2427 2786
2428 2787
2429 2787
2430 2788
2431 2788
2432 2788
2433 2789
2434 2789
2435 2789
2436 2789
2437 2789
2438 2790
2439 2790
2440 2790
2441 2790
2442 2790
2443 2790
2444 2790
2445 2791
2446 2791
2447 2791
2448 2791
2449 2792
2450 2792
2451 2793
2452 2793
2453 2794
2454 2794
2455 2795
2456 2795
2457 2796
2458 2796
2459 2797
2460 2797
2461 2798
2462 2798
2463 2799
2464 2799
2465 2799
2466 2800
2467 2800
2468 2800
2469 2800
2470 2801
2471 2801
2472 2801
2473 2801
2474 2801
2475 2801
2476 2801
2477 2801
2478 2802
2479 2802
2480 2802
2481 2802
2482 2802
2483 2802
2484 2803
2485 2803
2486 2803
2487 2804
2488 2804
2489 2805
2490 2805
2491 2805
2492 2806
2493 2806
2494 2807
2495 2807
2496 2807
2497 2807
2498 2808
2499 2808
2500 2808
2501 2808
2502 2809
2503 2809
2504 2809
2505 2809
2506 2810
2507 2810
2508 2810
2509 2810
2510 2811
2511 2811
2512 2812
2513 2812
2514 2812
2515 2813
2516 2814
2517 2814
2518 2815
2519 2816
2520 2817
2521 2817
2522 2818
2523 2818
2524 2818
2525 2819
2526 2819
2527 2819
2528 2820
2529 2820
2530 2820
2531 2821
2532 2821
2533 2821
2534 2822
2535 2822
2536 2822
2537 2822
2538 2823
2539 2823
2540 2824
2541 2824
2542 2825
2543 2825
2544 2826
2545 2826
2546 2826
2547 2827
2548 2827
2549 2827
2550 2828
2551 2828
2552 2829
2553 2829
2554 2830
2555 2830
2556 2831
2557 2831
2558 2832
2559 2832
2560 2833
2561 2833
2562 2834
2563 2835
2564 2835
2565 2836
2566 2836
2567 2837
2568 2837
2569 2837
2570 2837
2571 2838
2572 2838
2573 2838
2574 2838
2575 2838
2576 2839
2577 2839
2578 2839
2579 2839
2580 2840
2581 2840
2582 2840
2583 2840
2584 2840
2585 2841
2586 2841
2587 2841
2588 2841
2589 2842
2590 2843
2591 2843
2592 2844
2593 2845
2594 2845
2595 2846
2596 2846
2597 2847
2598 2847
2599 2847
2600 2848
2601 2848
2602 2848
2603 2848
2604 2848
2605 2849
2606 2849
2607 2849
2608 2849
2609 2850
2610 2850
2611 2851
2612 2851
2613 2852
2614 2852
2615 2853
2616 2853
2617 2854
2618 2855
2619 2856
2620 2857
2621 2858
2622 2859
2623 2860
2624 2861
2625 2862
2626 2862
2627 2863
2628 2864
2629 2864
2630 2865
2631 2866
2632 2866
2633 2866
2634 2867
2635 2867
2636 2868
2637 2869
2638 2869
2639 2870
2640 2871
2641 2871
2642 2872
2643 2873
2644 2873
2645 2874
2646 2874
2647 2875
2648 2875
2649 2875
2650 2875
2651 2876
2652 2877
2653 2877
2654 2878
2655 2879
2656 2880
2657 2880
2658 2881
2659 2882
2660 2882
2661 2883
2662 2883
2663 2884
2664 2884
2665 2884
2666 2884
2667 2885
2668 2885
2669 2885
2670 2885
2671 2886
2672 2886
2673 2886
2674 2886
2675 2886
2676 2886
2677 2887
2678 2887
2679 2887
2680 2887
2681 2888
2682 2888
2683 2889
2684 2890
2685 2890
2686 2891
2687 2891
2688 2892
2689 2892
2690 2893
2691 2893
2692 2894
2693 2894
2694 2895
2695 2896
2696 2896
2697 2897
2698 2898
2699 2898
2700 2899
2701 2899
2702 2900
2703 2900
2704 2901
2705 2901
2706 2902
2707 2902
2708 2902
2709 2903
2710 2903
2711 2903
2712 2904
2713 2904
2714 2904
2715 2905
2716 2905
2717 2905
2718 2905
2719 2905
2720 2906
2721 2906
2722 2906
2723 2906
2724 2906
2725 2906
2726 2906
2727 2907
2728 2907
2729 2907
2730 2907
2731 2907
2732 2907
2733 2907
2734 2907
2735 2907
2736 2907
2737 2907
2738 2907
2739 2908
2740 2908
2741 2908
2742 2908
2743 2908
2744 2908
2745 2908
2746 2908
2747 2908
2748 2908
2749 2908
2750 2908
2751 2908
2752 2909
2753 2909
2754 2909
2755 2909
2756 2910
2757 2910
2758 2910
2759 2911
2760 2911
2761 2912
2762 2912
2763 2913
2764 2913
2765 2914
2766 2914
2767 2914
2768 2915
2769 2915
2770 2916
2771 2916
2772 2916
2773 2916
2774 2917
2775 2917
2776 2917
2777 2917
2778 2917
2779 2917
2780 2918
2781 2918
2782 2918
2783 2918
2784 2918
2785 2918
2786 2918
2787 2919
2788 2919
2789 2919
2790 2919
2791 2919
2792 2919
2793 2919
2794 2919
2795 2919
2796 2919
2797 2919
2798 2919
2799 2920
2800 2920
2801 2920
2802 2920
2803 2920
2804 2920
2805 2920
2806 2920
2807 2920
2808 2920
2809 2920
2810 2920
2811 2920
2812 2921
2813 2921
2814 2921
2815 2921
2816 2921
2817 2921
2818 2921
2819 2921
2820 2921
2821 2921
2822 2921
2823 2921
2824 2921
2825 2921
2826 2922
2827 2922
2828 2922
2829 2922
2830 2922
2831 2922
2832 2922
2833 2922
2834 2922
2835 2922
2836 2922
2837 2922
2838 2922
2839 2922
2840 2922
2841 2923
2842 2923
2843 2923
2844 2923
2845 2923
2846 2923
2847 2923
2848 2923
2849 2923
2850 2923
2851 2923
2852 2923
2853 2923
2854 2923
2855 2924
2856 2924
2857 2924
2858 2924
2859 2924
2860 2925
2861 2925
2862 2926
2863 2927
2864 2927
2865 2928
2866 2928
2867 2928
2868 2929
2869 2929
2870 2930
2871 2930
2872 2930
2873 2930
2874 2931
2875 2931
2876 2931
2877 2931
2878 2932
2879 2932
2880 2932
2881 2932
2882 2932
2883 2932
2884 2932
2885 2933
2886 2933
2887 2933
2888 2933
2889 2934
2890 2934
2891 2934
2892 2935
2893 2935
2894 2935
2895 2936
2896 2936
2897 2937
2898 2938
2899 2938
2900 2939
2901 2940
2902 2940
2903 2941
2904 2942
2905 2942
2906 2943
2907 2944
2908 2945
2909 2945
2910 2946
2911 2946
2912 2947
2913 2947
2914 2947
2915 2948
2916 2948
2917 2948
2918 2949
2919 2949
2920 2950
2921 2950
2922 2950
2923 2950
2924 2950
2925 2950
2926 2951
2927 2951
2928 2951
2929 2951
2930 2951
2931 2951
2932 2952
2933 2952
2934 2952
2935 2952
2936 2952
2937 2953
2938 2953
2939 2953
2940 2953
2941 2953
2942 2953
2943 2953
2944 2953
2945 2953
2946 2953
2947 2953
2948 2954
2949 2954
2950 2954
2951 2954
2952 2954
2953 2954
2954 2954
2955 2954
2956 2954
2957 2954
2958 2954
2959 2954
2960 2954
2961 2955
2962 2955
2963 2955
2964 2955
2965 2955
2966 2955
2967 2955
2968 2955
2969 2955
2970 2955
2971 2955
2972 2955
2973 2955
2974 2956
2975 2956
2976 2956
2977 2956
2978 2956
2979 2956
2980 2956
2981 2956
2982 2956
2983 2956
2984 2956
2985 2956
2986 2956
2987 2956
2988 2956
2989 2957
2990 2957
2991 2957
2992 2957
2993 2957
2994 2957
2995 2957
2996 2957
2997 2957
2998 2957
2999 2957
3000 2957
3001 2957
3002 2957
3003 2957
3004 2958
3005 2958
3006 2958
3007 2958
3008 2958
3009 2958
3010 2958
3011 2958
3012 2958
3013 2958
3014 2958
3015 2958
3016 2958
3017 2958
3018 2958
3019 2959
3020 2959
3021 2959
3022 2959
3023 2959
3024 2959
3025 2959
3026 2959
3027 2959
3028 2959
3029 2959
3030 2959
3031 2959
3032 2959
3033 2959
3034 2960
3035 2960
3036 2960
3037 2960
3038 2960
3039 2960
3040 2960
3041 2960
3042 2960
3043 2960
3044 2960
3045 2960
3046 2960
3047 2960
3048 2960
3049 2961
3050 2961
3051 2961
3052 2961
3053 2961
3054 2961
3055 2961
3056 2961
3057 2961
3058 2961
3059 2961
3060 2961
3061 2961
3062 2961
3063 2962
3064 2962
3065 2962
3066 2962
3067 2962
3068 2962
3069 2962
3070 2962
3071 2962
3072 2962
3073 2962
3074 2963
3075 2963
3076 2963
3077 2964
3078 2964
3079 2964
3080 2965
3081 2965
3082 2966
3083 2966
3084 2967
3085 2967
3086 2967
3087 2968
3088 2968
3089 2968
3090 2968
3091 2968
3092 2969
3093 2969
3094 2969
3095 2969
3096 2970
3097 2970
3098 2970
3099 2970
3100 2971
3101 2971
3102 2971
3103 2971
3104 2971
3105 2971
3106 2971
3107 2972
3108 2972
3109 2972
3110 2972
3111 2972
3112 2972
3113 2973
3114 2973
3115 2973
3116 2973
3117 2973
3118 2973
3119 2973
3120 2973
3121 2973
3122 2973
3123 2973
3124 2973
3125 2974
3126 2974
3127 2974
3128 2974
3129 2974
3130 2974
3131 2974
3132 2974
3133 2974
3134 2974
3135 2974
3136 2974
3137 2974
3138 2974
3139 2975
3140 2975
3141 2975
3142 2975
3143 2975
3144 2975
3145 2975
3146 2975
3147 2975
3148 2975
3149 2975
3150 2975
3151 2975
3152 2975
3153 2976
3154 2976
3155 2976
3156 2976
3157 2976
3158 2976
3159 2976
3160 2976
3161 2976
3162 2976
3163 2976
3164 2976
3165 2976
3166 2976
3167 2977
3168 2977
3169 2977
3170 2977
3171 2977
3172 2977
3173 2977
3174 2977
3175 2977
3176 2977
3177 2977
3178 2977
3179 2977
3180 2977
3181 2977
3182 2978
3183 2978
3184 2978
3185 2978
3186 2978
3187 2979
3188 2979
3189 2980
3190 2980
3191 2980
3192 2981
3193 2981
3194 2982
3195 2982
3196 2983
3197 2983
3198 2984
3199 2984
3200 2984
3201 2985
3202 2985
3203 2985
3204 2985
3205 2986
3206 2986
3207 2986
3208 2986
3209 2986
3210 2986
3211 2986
3212 2987
3213 2987
3214 2987
3215 2988
3216 2988
3217 2988
3218 2989
3219 2989
3220 2990
3221 2990
3222 2990
3223 2991
3224 2991
3225 2991
3226 2992
3227 2992
3228 2993
3229 2993
3230 2993
3231 2994
3232 2994
3233 2994
3234 2994
3235 2995
3236 2995
3237 2995
3238 2995
3239 2995
3240 2996
3241 2996
3242 2996
3243 2996
3244 2996
3245 2997
3246 2997
3247 2997
3248 2997
3249 2997
3250 2997
3251 2997
3252 2998
3253 2998
3254 2998
3255 2998
3256 2998
3257 2998
3258 2998
3259 2998
3260 2998
3261 2999
3262 2999
3263 2999
3264 2999
3265 2999
3266 2999
3267 2999
3268 2999
3269 2999
3270 2999
3271 2998
3272 2998
3273 2997
3274 2997
3275 2996
3276 2996
3277 2996
3278 2995
3279 2995
3280 2995
3281 2994
3282 2994
3283 2994
3284 2994
3285 2994
3286 2994
3287 2994
3288 2994
3289 2994
3290 2994
3291 2994
3292 2994
3293 2994
3294 2994
3295 2994
3296 2994
3297 2994
3298 2994
3299 2994
3300 2994
3301 2994
3302 2994
3303 2994
3304 2994
3305 2994
3306 2995
3307 2995
3308 2995
3309 2995
3310 2995
3311 2995
3312 2995
3313 2995
3314 2995
3315 2995
3316 2995
3317 2995
3318 2995
3319 2995
3320 2995
3321 2995
3322 2995
3323 2995
3324 2995
3325 2995
3326 2995
3327 2996
3328 2996
3329 2996
3330 2996
3331 2996
3332 2996
3333 2996
3334 2996
3335 2996
3336 2996
3337 2996
3338 2996
3339 2996
3340 2996
3341 2996
3342 2996
3343 2996
3344 2997
3345 2997
3346 2997
3347 2997
3348 2997
3349 2997
3350 2997
3351 2997
3352 2997
3353 2997
3354 2997
3355 2997
3356 2997
3357 2997
3358 2997
3359 2997
3360 2998
3361 2998
3362 2998
3363 2998
3364 2998
3365 2998
3366 2998
3367 2998
3368 2998
3369 2998
3370 2998
3371 2998
3372 2998
3373 2998
3374 2998
3375 2999
3376 2999
3377 2999
3378 2999
3379 2999
3380 2999
3381 2999
3382 2999
3383 2999
3384 2999
3385 2999
3386 2999
3387 2999
3388 2999
3389 2999
3390 3000
3391 3000
3392 3000
3393 3000
3394 3000
3395 3000
3396 3000
3397 3000
3398 3000
3399 3000
3400 3000
3401 3000
3402 3000
3403 3000
3404 3000
3405 3001
3406 3001
3407 3001
3408 3001
3409 3001
3410 3001
3411 3001
3412 3001
3413 3001
3414 3001
3415 3001
3416 3001
3417 3001
3418 3001
3419 3002
3420 3002
3421 3002
3422 3002
3423 3002
3424 3002
3425 3002
3426 3002
3427 3002
3428 3002
3429 3002
3430 3002
3431 3002
3432 3002
3433 3002
3434 3003
3435 3003
3436 3003
3437 3003
3438 3003
3439 3003
3440 3003
3441 3003
3442 3003
3443 3003
3444 3003
3445 3003
3446 3003
3447 3003
3448 3003
3449 3004
3450 3004
3451 3004
3452 3004
3453 3004
3454 3004
3455 3004
3456 3004
3457 3004
3458 3004
3459 3004
3460 3004
3461 3004
3462 3004
3463 3004
3464 3005
3465 3005
3466 3005
3467 3005
3468 3005
3469 3005
3470 3005
3471 3005
3472 3005
3473 3005
3474 3005
3475 3005
3476 3005
3477 3005
3478 3005
3479 3006
3480 3006
3481 3006
3482 3006
3483 3006
3484 3006
3485 3006
3486 3006
3487 3006
3488 3006
3489 3006
3490 3006
3491 3006
3492 3006
3493 3007
3494 3007
3495 3007
3496 3007
3497 3007
3498 3007
3499 3007
3500 3007
3501 3007
3502 3007
3503 3007
3504 3007
3505 3007
3506 3007
3507 3007
3508 3008
3509 3008
3510 3008
3511 3008
3512 3008
3513 3008
3514 3008
3515 3008
3516 3008
3517 3008
3518 3008
3519 3008
3520 3008
3521 3008
3522 3008
3523 3009
3524 3009
3525 3009
3526 3009
3527 3009
3528 3009
3529 3009
3530 3009
3531 3009
3532 3009
3533 3009
3534 3009
3535 3009
3536 3009
3537 3009
3538 3010
3539 3010
3540 3010
3541 3010
3542 3010
3543 3010
3544 3010
3545 3010
3546 3010
3547 3010
3548 3010
3549 3010
3550 3010
3551 3010
3552 3010
3553 3011
3554 3011
3555 3011
3556 3011
3557 3011
3558 3011
3559 3011
3560 3011
3561 3011
3562 3011
3563 3011
3564 3011
3565 3011
3566 3011
3567 3011
3568 3012
3569 3012
3570 3012
3571 3012
3572 3012
3573 3012
3574 3012
3575 3012
3576 3012
3577 3012
3578 3012
3579 3012
3580 3012
3581 3012
3582 3012
3583 3013
3584 3013
3585 3012
3586 3012
3587 3012
3588 3012
3589 3012
3590 3012
3591 3011
3592 3011
3593 3010
3594 3010
3595 3010
3596 3009
3597 3009
3598 3008
3599 3008
3600 3008
3601 3007
3602 3007
3603 3006
3604 3006
3605 3006
3606 3005
3607 3005
3608 3004
3609 3004
3610 3004
3611 3003
3612 3003
3613 3003
3614 3003
3615 3002
3616 3002
3617 3002
3618 3002
3619 3002
3620 3002
3621 3002
3622 3001
3623 3001
3624 3001
3625 3001
3626 3001
3627 3001
3628 3001
3629 3001
3630 3001
3631 3001
3632 3001
3633 3001
3634 3001
3635 3001
3636 3001
3637 3001
3638 3001
3639 3001
3640 3001
3641 3001
3642 3001
3643 3001
3644 3001
3645 3001
3646 3001
3647 3001
3648 3001
3649 3001
3650 3001
3651 3001
3652 3001
3653 3002
3654 3002
3655 3002
3656 3002
3657 3002
3658 3002
3659 3002
3660 3003
3661 3004
3662 3005
3663 3006
3664 3007
3664 3008
3665 3009
3665 3010
3666 3011
3667 3012
3667 3013
3668 3014
3668 3015
3669 3016
3670 3017
3670 3018
3671 3019
3671 3020
3671 3021
3672 3022
3672 3023
3672 3024
3672 3025
3672 3026
3673 3027
3673 3028
3673 3029
3673 3030
3673 3031
3673 3032
3673 3033
3673 3034
3673 3035
3674 3036
3674 3037
3674 3038
3674 3039
3674 3040
3675 3041
3676 3041
3677 3042
3678 3042
3679 3041
3679 3040
3680 3039
3680 3038
3681 3037
3681 3036
3681 3035
3681 3034
3681 3033
3682 3032
3682 3031
3682 3030
3683 3029
3683 3028
3684 3027
3684 3026
3685 3025
3686 3024
3686 3023
3687 3022
3687 3021
3688 3020
3688 3019
3689 3018
3690 3017
3691 3016
3692 3015
3692 3014
3693 3013
3694 3013
3695 3012
3696 3011
3697 3010
3698 3009
3699 3008
3699 3007
3700 3006
3701 3005
3702 3004
3703 3003
3703 3002
3704 3001
3705 3000
3706 2999
3707 2998
3708 2997
3709 2997
3710 2996
3711 2995
3712 2995
3713 2994
3714 2994
3715 2993
3716 2993
3717 2993
3718 2992
3719 2992
3720 2992
3721 2992
3722 2991
3723 2991
3724 2991
3725 2991
3726 2991
3727 2991
3728 2991
3729 2991
3730 2991
3731 2992
3732 2992
3733 2993
3734 2993
3735 2994
3736 2994
3737 2995
3738 2995
3739 2996
3740 2996
3741 2996
3742 2997
3743 2997
3744 2997
3745 2997
3746 2998
3747 2998
3748 2998
3749 2998
3750 2999
3751 2999
3752 2999
3753 2999
3754 2999
3755 2999
3756 3000
3757 3000
3758 3000
3759 3000
3760 3000
3761 3000
3762 3000
3763 3000
3764 3000
3765 3001
3766 3001
3767 3001
3768 3001
3769 3000
3770 3000
3771 2999
3772 2999
3773 2998
3774 2997
3775 2997
3776 2996
3777 2995
3778 2995
3779 2994
3780 2993
3781 2993
3782 2992
3783 2991
3784 2990
3784 2989
3785 2988
3785 2987
3785 2986
3786 2985
3786 2984
3787 2983
3787 2982
3787 2981
3787 2980
3788 2979
3788 2978
3788 2977
3788 2976
3788 2975
3789 2974
3789 2973
3789 2972
3789 2971
3790 2970
3790 2969
3791 2968
3792 2967
3793 2967
3794 2966
3795 2966
3796 2966
3797 2966
3798 2966
3799 2966
3800 2965
3801 2965
3802 2965
3803 2965
3804 2965
3805 2965
3806 2965
3807 2965
3808 2965
3809 2965
3810 2965
3811 2965
3812 2965
3813 2965
3814 2965
3815 2965
3816 2965
3817 2965
3818 2965
3819 2965
3820 2965
3821 2965
3822 2965
3823 2965
3824 2965
3825 2965
3826 2965
3827 2965
3828 2965
3829 2965
3830 2965
3831 2965
3832 2965
3833 2965
3834 2966
3835 2966
3836 2966
3837 2966
3838 2966
3839 2966
3840 2966
3841 2966
3842 2966
3843 2966
3844 2965
3845 2965
3846 2964
3847 2964
3848 2963
3849 2962
3850 2961
3850 2960
3851 2959
3851 2958
3852 2957
3852 2956
3852 2955
3853 2954
3854 2953
3854 2952
3855 2951
3855 2950
3856 2949
3857 2948
3857 2947
3858 2946
3859 2945
3859 2944
3860 2943
3861 2942
3862 2941
3862 2940
3863 2939
3864 2938
3865 2938
3866 2939
3867 2939
3868 2939
3869 2939
3870 2940
3871 2940
3872 2941
3873 2941
3874 2941
3875 2941
3876 2942
3877 2942
3878 2942
3879 2942
3880 2942
3881 2943
3882 2943
3883 2944
3884 2944
3885 2945
3886 2945
3887 2946
3888 2946
3889 2947
3890 2947
3891 2947
3892 2948
3893 2948
3894 2949
3895 2949
3896 2949
3897 2950
3898 2950
3899 2950
3900 2951
3901 2951
3902 2951
3903 2952
3904 2952
3905 2952
3906 2953
3907 2953
3908 2953
3909 2953
3910 2954
3911 2954
3912 2954
3913 2953
3914 2953
3915 2953
3916 2952
3917 2952
3918 2952
3919 2951
3920 2950
3921 2949
3922 2949
3923 2948
3924 2947
3925 2947
3926 2946
3927 2946
3928 2945
3929 2944
3930 2943
3931 2942
3932 2941
3932 2940
3933 2939
3933 2938
3933 2937
3934 2936
3934 2935
3935 2934
3935 2933
3935 2932
3936 2931
3937 2930
3938 2929
3939 2929
3940 2928
3941 2928
3942 2927
3943 2927
3944 2927
3945 2927
3946 2927
3947 2927
3948 2927
3949 2927
3950 2927
3951 2927
3952 2927
3953 2928
3954 2928
3955 2928
3956 2929
3957 2929
3958 2929
3959 2930
3960 2930
3961 2930
3962 2931
3963 2931
3964 2931
3965 2931
3966 2932
3967 2932
3968 2932
3969 2933
3970 2933
3971 2933
3972 2933
3973 2934
3974 2933
3975 2932
3976 2932
3977 2931
3978 2930
3979 2929
3979 2928
3980 2927
3981 2926
3981 2925
3981 2924
3982 2923
3982 2922
3983 2921
3983 2920
3983 2919
3984 2918
3984 2917
3984 2916
3985 2915
3985 2914
3985 2913
3986 2912
3986 2911
3986 2910
3987 2909
3987 2908
3987 2907
3987 2906
3988 2905
3988 2904
3989 2903
3989 2902
3989 2901
3990 2900
3991 2899
3991 2898
3992 2897
3992 2896
3992 2895
3993 2894
3994 2893
3994 2892
3995 2891
3995 2890
3996 2889
3996 2888
3996 2887
3997 2886
3997 2885
3998 2884
3998 2883
3998 2882
3999 2881
3999 2880
4000 2879
4000 2878
4000 2877
4001 2876
4001 2875
4002 2874
4003 2873
4003 2872
4004 2871
4004 2870
4004 2869
4005 2868
4005 2867
4006 2866
4007 2865
4007 2864
4008 2863
4009 2862
4010 2861
4010 2860
4011 2859
4012 2858
4012 2857
4013 2856
4014 2855
4014 2854
4015 2853
4015 2852
4016 2851
4017 2850
4017 2849
4018 2848
4018 2847
4019 2846
4019 2845
4020 2844
4020 2843
4021 2842
4021 2841
4022 2840
4023 2839
4024 2839
4025 2838
4026 2838
4027 2838
4028 2837
4029 2837
4030 2837
4031 2837
4032 2837
4033 2836
4034 2837
4035 2837
4036 2837
4037 2838
4038 2839
4039 2839
4040 2840
4041 2840
4042 2841
4043 2841
4044 2842
4045 2842
4046 2841
4047 2841
4048 2840
4049 2840
4050 2839
4051 2839
4052 2838
4053 2838
4054 2837
4055 2837
4056 2836
4057 2836
4058 2835
4059 2834
4060 2833
4061 2832
4062 2831
4063 2831
4064 2830
4065 2829
4065 2828
4066 2827
4067 2826
4068 2825
4069 2824
4070 2823
4071 2822
4072 2821
4072 2820
4073 2819
4073 2818
4074 2817
4075 2816
4075 2815
4076 2814
4076 2813
4077 2812
4078 2811
4078 2810
4079 2809
4079 2808
4080 2807
4081 2806
4081 2805
4082 2804
4083 2803
4083 2802
4084 2801
4085 2800
4085 2799
4086 2798
4087 2797
4087 2796
4088 2795
4089 2794
4089 2793
4090 2792
4091 2791
4091 2790
4092 2789
4093 2788
4094 2787
4095 2786
4095 2785
4096 2784
4097 2783
4097 2782
4098 2781
4098 2780
4099 2779
4099 2778
4100 2777
4100 2776
4101 2775
4101 2774
4102 2773
4102 2772
4103 2771
4104 2770
4104 2769
4105 2768
4105 2767
4106 2766
4107 2765
4107 2764
4108 2763
4109 2762
4110 2761
4111 2760
4112 2759
4113 2758
4114 2757
4114 2756
4115 2755
4115 2754
4116 2753
4117 2752
4118 2751
4119 2751
4120 2750
4120 2749
4121 2748
4121 2747
4122 2746
4123 2745
4124 2744
4125 2744
4126 2743
4127 2743
4128 2742
4129 2742
4130 2742
4131 2742
4132 2741
4133 2741
4134 2741
4135 2740
4136 2740
4137 2740
4138 2739
4139 2738
4140 2737
4141 2736
4142 2735
4143 2734
4144 2733
4145 2733
4146 2732
4147 2731
4148 2730
4149 2730
4150 2729
4151 2728
4152 2728
4153 2727
4154 2727
4155 2726
4156 2726
4157 2725
4158 2725
4159 2725
4160 2725
4161 2725
4162 2725
4163 2724
4164 2724
4165 2724
4166 2724
4167 2724
4168 2724
4169 2724
4170 2724
4171 2724
4172 2724
4173 2724
4174 2724
4175 2724
4176 2724
4177 2725
4178 2725
4179 2726
4180 2727
4181 2728
4181 2729
4182 2730
4183 2731
4184 2732
4185 2733
4186 2734
4187 2734
4188 2735
4189 2735
4190 2736
4191 2737
4192 2737
4193 2738
4194 2738
4195 2739
4196 2740
4197 2741
4198 2742
4199 2742
4200 2743
4201 2744
4202 2744
4203 2745
4204 2745
4205 2746
4206 2746
4207 2747
4208 2748
4209 2748
4210 2749
4211 2750
4212 2750
4213 2751
4214 2752
4215 2753
4216 2753
4217 2754
4218 2754
4219 2755
4220 2755
4221 2756
4222 2756
4223 2757
4224 2757
4225 2757
4226 2757
4227 2758
4228 2758
4229 2758
4230 2758
4231 2758
4232 2759
4233 2759
4234 2759
4235 2759
4236 2759
4237 2759
4238 2760
4239 2760
4240 2760
4241 2760
4242 2760
4243 2760
4244 2760
4245 2760
4246 2760
4247 2760
4248 2760
4249 2761
4250 2761
4251 2761
4252 2761
4253 2761
4254 2761
4255 2761
4256 2761
4257 2761
4258 2761
4259 2762
4260 2762
4261 2762
4262 2762
4263 2762
4264 2762
4265 2762
4266 2762
4267 2763
4268 2763
4269 2764
4270 2764
4271 2764
4272 2765
4273 2765
4274 2766
4275 2766
4276 2767
4277 2767
4278 2767
4279 2768
4280 2768
4281 2768
4282 2769
4283 2769
4284 2769
4285 2769
4286 2770
4287 2770
4288 2770
4289 2770
4290 2770
4291 2770
4292 2771
4293 2771
4294 2771
4295 2771
4296 2771
4297 2772
4298 2772
4299 2772
4300 2772
4301 2772
4302 2772
4303 2772
4304 2772
4305 2772
4306 2772
4307 2772
4308 2773
4309 2773
4310 2773
4311 2773
4312 2773
4313 2773
4314 2773
4315 2773
4316 2773
4317 2773
4318 2774
4319 2774
4320 2774
4321 2774
4322 2774
4323 2774
4324 2774
4325 2774
4326 2774
4327 2774
4328 2774
4329 2774
4330 2774
4331 2774
4332 2774
4333 2773
4334 2773
4335 2773
4336 2772
4337 2772
4338 2772
4339 2771
4340 2771
4341 2771
4342 2770
4343 2770
4344 2769
4345 2769
4346 2768
4347 2767
4348 2767
4349 2766
4350 2765
4351 2765
4352 2764
4353 2763
4354 2762
4354 2761
4355 2760
4356 2759
4357 2758
4358 2757
4359 2756
4359 2755
4360 2754
4361 2753
4362 2752
4363 2751
4364 2750
4365 2749
4366 2748
4367 2747
4368 2746
4368 2745
4369 2744
4370 2743
4370 2742
4371 2741
4371 2740
4372 2739
4372 2738
4373 2737
4373 2736
4373 2735
4374 2734
4374 2733
4374 2732
4374 2731
4375 2730
4375 2729
4376 2728
4376 2727
4377 2726
4378 2725
4378 2724
4379 2723
4380 2722
4381 2721
4381 2720
4382 2719
4382 2718
4382 2717
4383 2716
4383 2715
4383 2714
4383 2713
4383 2712
4384 2711
4384 2710
4384 2709
4384 2708
4385 2707
4385 2706
4385 2705
4385 2704
4385 2703
4385 2702
4385 2701
4386 2700
4386 2699
4386 2698
4386 2697
4386 2696
4386 2695
4386 2694
4386 2693
4386 2692
4387 2691
4387 2690
4387 2689
4387 2688
4387 2687
4387 2686
4387 2685
4387 2684
4387 2683
4387 2682
4387 2681
4387 2680
4387 2679
4388 2678
4388 2677
4388 2676
4388 2675
4388 2674
4388 2673
4388 2672
4388 2671
4388 2670
4388 2669
4388 2668
4388 2667
4388 2666
4388 2665
4388 2664
4389 2663
4389 2662
4389 2661
4389 2660
4389 2659
4389 2658
4389 2657
4389 2656
4390 2655
4390 2654
4390 2653
4391 2652
4391 2651
4392 2650
4392 2649
4393 2648
4393 2647
4394 2646
4394 2645
4394 2644
4395 2643
4395 2642
4396 2641
4396 2640
4397 2639
4397 2638
4397 2637
4397 2636
4397 2635
4398 2634
4398 2633
4398 2632
4399 2631
4400 2631
4401 2632
4401 2633
4401 2634
4401 2635
4402 2636
4402 2637
4402 2638
4403 2639
4403 2640
4403 2641
4403 2642
4404 2643
4404 2644
4404 2645
4404 2646
4405 2647
4405 2648
4405 2649
4405 2650
4406 2651
4407 2650
4408 2649
4409 2648
4410 2647
4410 2646
4411 2645
4412 2644
4413 2643
4414 2642
4415 2641
4415 2640
4416 2639
4417 2638
4418 2637
4419 2636
4420 2635
4421 2634
4421 2633
4422 2632
4423 2631
4424 2630
4425 2629
4426 2628
4426 2627
4427 2626
4428 2625
4429 2624
4430 2623
4431 2622
4431 2621
4432 2620
4432 2619
4433 2618
4434 2617
4435 2617
4436 2616
4437 2615
4438 2614
4439 2613
4440 2612
4441 2612
4442 2611
4443 2610
4444 2609
4445 2609
4446 2608
4447 2607
4448 2606
4449 2606
4450 2605
4451 2604
4452 2604
4453 2603
4454 2603
4455 2603
4456 2602
4457 2602
4458 2602
4459 2601
4460 2601
4461 2601
4462 2601
4463 2601
4464 2601
4465 2601
4466 2600
4467 2600
4468 2599
4469 2599
4470 2598
4471 2597
4472 2597
4473 2596
4474 2596
4475 2595
4475 2594
4476 2593
4477 2592
4478 2592
4479 2591
4480 2591
4481 2591
4482 2590
4483 2590
4484 2590
4485 2589
4486 2589
4487 2589
4488 2588
4489 2587
4490 2587
4491 2586
4492 2586
4493 2585
4494 2585
4495 2584
4496 2584
4497 2583
4498 2582
4499 2582
4500 2581
4501 2580
4502 2580
4503 2579
4504 2578
4505 2578
4506 2577
4507 2576
4508 2576
4509 2575
4510 2574
4511 2573
4512 2573
4513 2572
4514 2571
4515 2570
4516 2569
4517 2569
4518 2568
4518 2567
4519 2566
4520 2565
4520 2564
4521 2563
4522 2562
4523 2562
4524 2561
4525 2560
4526 2560
4527 2559
4528 2558
4529 2558
4530 2557
4531 2556
4532 2555
4533 2555
4534 2554
4535 2553
4536 2553
4537 2552
4538 2552
4539 2552
4540 2552
4541 2551
4542 2551
4543 2550
4544 2550
4545 2549
4546 2549
4547 2548
4548 2547
4549 2547
4550 2546
4551 2545
4552 2545
4553 2544
4553 2543
4554 2542
4555 2542
4556 2541
4557 2540
4558 2539
4559 2539
4560 2538
4561 2537
4562 2537
4563 2537
4564 2536
4565 2535
4566 2535
4567 2534
4568 2533
4569 2532
4570 2531
4571 2530
4572 2529
4573 2528
4574 2527
4575 2527
4576 2526
4577 2525
4578 2524
4579 2524
4580 2524
4581 2523
4582 2523
4583 2522
4584 2521
4585 2520
4586 2519
4587 2518
4587 2517
4588 2516
4589 2515
4590 2515
4591 2514
4592 2514
4593 2514
4594 2513
4595 2512
4596 2512
4597 2511
4598 2510
4599 2510
4600 2509
4601 2509
4602 2508
4602 2507
4603 2506
4604 2505
4604 2504
4605 2503
4605 2502
4605 2501
4605 2500
4606 2499
4607 2498
4608 2497
4608 2496
4609 2495
4610 2494
4611 2493
4611 2492
4612 2491
4613 2490
4613 2489
4614 2488
4614 2487
4615 2486
4615 2485
4615 2484
4616 2483
4616 2482
4616 2481
4616 2480
4616 2479
4617 2478
4617 2477
4617 2476
4617 2475
4617 2474
4617 2473
4617 2472
4618 2471
4618 2470
4618 2469
4618 2468
4619 2467
4620 2466
4621 2465
4622 2464
4623 2463
4624 2462
4624 2461
4624 2460
4625 2459
4625 2458
4625 2457
4626 2456
4626 2455
4626 2454
4626 2453
4626 2452
4626 2451
4627 2450
4627 2449
4627 2448
4627 2447
4627 2446
4627 2445
4628 2444
4628 2443
4628 2442
4628 2441
4628 2440
4628 2439
4628 2438
4628 2437
4628 2436
4628 2435
4628 2434
4629 2433
4629 2432
4629 2431
4629 2430
4629 2429
4629 2428
4629 2427
4629 2426
4629 2425
4629 2424
4629 2423
4629 2422
4629 2421
4629 2420
4629 2419
4629 2418
4629 2417
4628 2416
4628 2415
4628 2414
4627 2413
4627 2412
4627 2411
4627 2410
4626 2409
4626 2408
4626 2407
4626 2406
4626 2405
4625 2404
4625 2403
4625 2402
4625 2401
4625 2400
4625 2399
4625 2398
4624 2397
4624 2396
4623 2395
4622 2394
4622 2393
4621 2392
4620 2391
4619 2390
4619 2389
4618 2388
4617 2387
4616 2386
4615 2385
4614 2384
4614 2383
4613 2382
4613 2381
4612 2380
4612 2379
4611 2378
4611 2377
4610 2376
4610 2375
4609 2374
4609 2373
4608 2372
4608 2371
4607 2370
4606 2369
4606 2368
4605 2367
4605 2366
4605 2365
4604 2364
4604 2363
4604 2362
4603 2361
4602 2360
4601 2359
4600 2358
4600 2357
4599 2356
4599 2355
4599 2354
4598 2353
4598 2352
4597 2351
4597 2350
4597 2349
4597 2348
4596 2347
4596 2346
4596 2345
4596 2344
4596 2343
4595 2342
4595 2341
4594 2340
4593 2339
4592 2338
4591 2337
4591 2336
4590 2336
4589 2335
4588 2334
4587 2333
4586 2332
4586 2331
4585 2330
4585 2329
4584 2328
4584 2327
4583 2326
4583 2325
4582 2324
4581 2323
4581 2322
4580 2321
4579 2320
4579 2319
4578 2318
4577 2317
4577 2316
4576 2315
4576 2314
4576 2313
4575 2312
4575 2311
4574 2310
4574 2309
4573 2308
4573 2307
4572 2306
4572 2305
4571 2304
4571 2303
4570 2302
4569 2301
4569 2300
4568 2299
4568 2298
4567 2297
4566 2296
4566 2295
4565 2294
4564 2293
4563 2292
4563 2291
4562 2290
4561 2289
4560 2288
4559 2287
4558 2286
4557 2285
4557 2284
4556 2283
4555 2282
4555 2281
4554 2280
4554 2279
4554 2278
4553 2277
4552 2276
4551 2275
4550 2274
4549 2273
4548 2272
4548 2271
4547 2270
4547 2269
4547 2268
4546 2267
4546 2266
4545 2265
4544 2264
4543 2264
4542 2263
4541 2262
4540 2261
4539 2260
4538 2259
4537 2258
4536 2258
4535 2257
4534 2257
4533 2256
4532 2256
4531 2256
4530 2255
4529 2255
4528 2254
4527 2254
4526 2254
4525 2253
4524 2253
4523 2253
4522 2253
4521 2252
4520 2252
4519 2252
4518 2252
4517 2252
4516 2252
4515 2252
4514 2252
4513 2251
4512 2251
4511 2251
4510 2251
4509 2251
4508 2251
4507 2251
4506 2251
4505 2250
4504 2250
4503 2250
4502 2250
4501 2250
4500 2250
4499 2250
4498 2250
4497 2250
4496 2250
4495 2250
4494 2250
4493 2249
4492 2249
4491 2249
4490 2249
4489 2249
4488 2249
4487 2249
4486 2249
4485 2249
4484 2249
4483 2249
4482 2249
4481 2249
4480 2249
4479 2248
4478 2248
4477 2248
4476 2249
4475 2249
4474 2250
4473 2250
4472 2251
4471 2252
4470 2252
4469 2253
4468 2253
4467 2254
4466 2254
4465 2255
4464 2255
4463 2256
4462 2256
4461 2257
4460 2257
4459 2258
4458 2258
4457 2259
4456 2259
4455 2259
4454 2260
4453 2260
4452 2260
4451 2260
4450 2260
4449 2261
4448 2262
4447 2262
4446 2263
4445 2264
4444 2264
4443 2265
4442 2265
4441 2266
4440 2266
4439 2267
4438 2267
4437 2267
4436 2267
4435 2267
4434 2267
4433 2267
4432 2267
4431 2268
4430 2268
4429 2269
4428 2269
4427 2270
4426 2270
4425 2271
4424 2271
4423 2272
4422 2272
4421 2272
4420 2273
4419 2273
4418 2273
4417 2273
4416 2274
4415 2274
4414 2274
4413 2275
4412 2275
4411 2276
4410 2276
4409 2277
4408 2277
4407 2278
4406 2279
4405 2279
4404 2279
4403 2280
4402 2280
4401 2280
4400 2280
4399 2280
4398 2280
4397 2280
4396 2281
4395 2281
4394 2281
4393 2281
4392 2282
4391 2282
4390 2283
4389 2283
4388 2283
4387 2284
4386 2284
4385 2285
4384 2285
4383 2285
4382 2286
4381 2286
4380 2286
4379 2286
4378 2287
4377 2287
4376 2287
4375 2287
4374 2287
4373 2287
4372 2288
4371 2288
4370 2288
4369 2288
4368 2288
4367 2288
4366 2288
4365 2288
4364 2288
4363 2288
4362 2288
4361 2288
4360 2288
4359 2288
4358 2288
4357 2289
4356 2289
4355 2290
4354 2290
4353 2290
4352 2291
4351 2291
4350 2292
4349 2292
4348 2292
4347 2293
4346 2293
4345 2293
4344 2293
4343 2293
4342 2293
4341 2293
4340 2293
4339 2293
4338 2293
4337 2293
4336 2293
4335 2293
4334 2293
4333 2293
4332 2293
4331 2293
4330 2293
4329 2293
4328 2293
4327 2293
4326 2293
4325 2293
4324 2293
4323 2293
4322 2293
4321 2293
4320 2293
4319 2293
4318 2293
4317 2293
4316 2293
4315 2293
4314 2293
4313 2293
4312 2293
4311 2293
4310 2293
4309 2293
4308 2293
4307 2293
4306 2293
4305 2293
4304 2293
4303 2293
4302 2293
4301 2292
4300 2292
4299 2292
4298 2292
4297 2292
4296 2292
4295 2292
4294 2292
4293 2292
4292 2292
4291 2292
4290 2292
4289 2292
4288 2292
4287 2292
4286 2291
4285 2291
4284 2290
4283 2290
4282 2289
4281 2289
4280 2288
4279 2288
4278 2287
4277 2286
4276 2286
4275 2285
4274 2284
4273 2284
4272 2283
4271 2282
4270 2281
4269 2281
4268 2280
4267 2280
4266 2279
4265 2279
4264 2278
4263 2278
4262 2277
4261 2277
4260 2276
4259 2276
4258 2275
4258 2274
4258 2273
4257 2272
4257 2271
4257 2270
4256 2269
4256 2268
4256 2267
4256 2266
4256 2265
4256 2264
4256 2263
4256 2262
4257 2261
4258 2261
4258 2260
4259 2259
4260 2258
4260 2257
4261 2256
4261 2255
4261 2254
4262 2253
4263 2252
4264 2251
4264 2250
4265 2249
4266 2248
4266 2247
4267 2246
4267 2245
4268 2244
4268 2243
4269 2242
4270 2241
4271 2240
4271 2239
4272 2238
4273 2237
4274 2236
4275 2235
4276 2234
4276 2233
4277 2232
4277 2231
4278 2230
4279 2229
4279 2228
4280 2227
4281 2226
4281 2225
4282 2224
4283 2223
4283 2222
4284 2221
4285 2220
4286 2219
4287 2218
4288 2217
4289 2217
4290 2216
4291 2215
4292 2214
4293 2213
4294 2212
4295 2211
4296 2210
4297 2209
4298 2208
4299 2207
4300 2206
4301 2205
4302 2204
4303 2203
4303 2202
4304 2201
4304 2200
4305 2199
4305 2198
4306 2197
4306 2196
4307 2195
4308 2194
4308 2193
4309 2192
4310 2191
4310 2190
4311 2189
4312 2188
4312 2187
4313 2186
4313 2185
4314 2184
4314 2183
4314 2182
4315 2181
4315 2180
4316 2179
4317 2178
4317 2177
4318 2176
4319 2175
4320 2174
4321 2173
4322 2172
4323 2172
4324 2171
4325 2170
4326 2169
4327 2168
4327 2167
4328 2166
4328 2165
4329 2164
4329 2163
4330 2162
4330 2161
4331 2160
4331 2159
4331 2158
4332 2157
4332 2156
4332 2155
4333 2154
4333 2153
4333 2152
4334 2151
4334 2150
4335 2149
4336 2148
4336 2147
4337 2146
4337 2145
4338 2144
4339 2143
4339 2142
4340 2141
4340 2140
4340 2139
4341 2138
4341 2137
4341 2136
4341 2135
4342 2134
4342 2133
4342 2132
4342 2131
4342 2130
4343 2129
4343 2128
4343 2127
4343 2126
4343 2125
4344 2124
4344 2123
4344 2122
4344 2121
4344 2120
4344 2119
4344 2118
4344 2117
4345 2116
4345 2115
4345 2114
4345 2113
4345 2112
4345 2111
4345 2110
4345 2109
4345 2108
4346 2107
4346 2106
4346 2105
4346 2104
4346 2103
4346 2102
4346 2101
4346 2100
4346 2099
4346 2098
4346 2097
4346 2096
4347 2095
4347 2094
4347 2093
4347 2092
4347 2091
4347 2090
4347 2089
4347 2088
4347 2087
4347 2086
4347 2085
4347 2084
4347 2083
4347 2082
4347 2081
4347 2080
4346 2079
4345 2078
4344 2077
4343 2076
4342 2075
4341 2074
4341 2073
4340 2072
4339 2071
4338 2070
4337 2069
4336 2069
4335 2068
4334 2067
4333 2066
4332 2065
4331 2064
4330 2063
4329 2062
4328 2061
4327 2060
4326 2059
4326 2058
4325 2057
4324 2056
4324 2055
4323 2054
4322 2053
4321 2052
4320 2051
4319 2051
4318 2050
4317 2049
4316 2048
4315 2047
4314 2047
4313 2046
4312 2045
4311 2044
4310 2043
4309 2043
4308 2042
4307 2041
4306 2041
4305 2040
4304 2040
4303 2040
4302 2039
4301 2039
4300 2038
4299 2038
4298 2037
4297 2036
4296 2035
4295 2034
4294 2033
4293 2032
4292 2032
4291 2031
4290 2031
4289 2031
4288 2030
4287 2030
4286 2030
4285 2029
4284 2029
4283 2028
4282 2028
4281 2027
4280 2026
4279 2025
4278 2024
4277 2024
4276 2023
4275 2023
4274 2022
4273 2022
4272 2021
4271 2021
4270 2021
4269 2020
4268 2019
4267 2018
4266 2017
4265 2017
4264 2016
4263 2015
4262 2014
4261 2014
4260 2013
4259 2013
4258 2013
4257 2012
4256 2012
4255 2012
4254 2012
4253 2011
4252 2011
4251 2011
4250 2011
4249 2010
4248 2009
4247 2009
4246 2008
4245 2008
4244 2007
4243 2006
4242 2006
4241 2005
4240 2004
4239 2004
4238 2004
4237 2003
4236 2003
4235 2003
4234 2002
4233 2002
4232 2001
4231 2001
4230 2001
4229 2001
4228 2000
4227 2000
4226 2000
4225 2000
4224 2000
4223 2000
4222 2000
4221 1999
4220 1999
4219 1999
4218 1999
4217 1999
4216 1999
4215 1999
4214 1999
4213 1999
4212 1999
4211 1998
4210 1998
4209 1998
4208 1998
4207 1998
4206 1998
4205 1998
4204 1998
4203 1998
4202 1998
4201 1997
4200 1997
4199 1997
4198 1997
4197 1997
4196 1997
4195 1997
4194 1997
4193 1998
4192 1999
4191 1999
4190 2000
4189 2000
4188 2000
4187 2001
4186 2001
4185 2001
4184 2001
4183 2002
4182 2002
4181 2002
4180 2002
4179 2002
4178 2002
4177 2003
4176 2003
4175 2004
4174 2005
4173 2006
4172 2006
4171 2007
4170 2007
4169 2007
4168 2008
4167 2008
4166 2008
4165 2009
4164 2009
4163 2010
4162 2010
4161 2011
4160 2011
4159 2012
4158 2013
4157 2013
4156 2013
4155 2014
4154 2014
4153 2014
4152 2014
4151 2015
4150 2015
4149 2015
4148 2015
4147 2015
4146 2015
4145 2015
4144 2015
4143 2016
4142 2016
4141 2016
4140 2016
4139 2016
4138 2016
4137 2016
4136 2016
4135 2016
4134 2016
4133 2016
4132 2016
4131 2016
4130 2016
4129 2016
4128 2016
4127 2016
4126 2016
4125 2016
4124 2016
4123 2016
4122 2016
4121 2016
4120 2016
4119 2016
4118 2016
4117 2016
4116 2016
4115 2016
4114 2015
4113 2015
4112 2015
4111 2015
4110 2015
4109 2015
4108 2015
4107 2015
4106 2015
4105 2015
4104 2015
4103 2015
4102 2015
4101 2015
4100 2015
4099 2015
4098 2014
4097 2014
4096 2014
4095 2014
4094 2014
4093 2014
4092 2014
4091 2014
4090 2014
4089 2014
4088 2014
4087 2014
4086 2014
4085 2014
4084 2014
4083 2013
4082 2013
4081 2013
4080 2013
4079 2013
4078 2013
4077 2013
4076 2013
4075 2013
4074 2013
4073 2013
4072 2013
4071 2013
4070 2013
4069 2013
4068 2012
4067 2012
4066 2012
4065 2012
4064 2011
4063 2010
4062 2009
4061 2008
4060 2007
4059 2006
4058 2005
4057 2004
4056 2003
4056 2002
4055 2001
4054 2000
4053 1999
4052 1998
4051 1997
4050 1996
4049 1995
4048 1994
4047 1993
4046 1992
4045 1991
4045 1990
4044 1989
4043 1988
4042 1987
4041 1986
4040 1985
4039 1984
4038 1983
4037 1982
4037 1981
4036 1980
4035 1979
4034 1978
4033 1977
4032 1976
4031 1975
4030 1974
4029 1973
4029 1972
4028 1971
4027 1970
4026 1970
4025 1970
4024 1970
4023 1970
4022 1970
4021 1970
4020 1970
4019 1970
4018 1969
4017 1969
4016 1969
4015 1969
4014 1969
4013 1969
4012 1969
4011 1969
4010 1968
4009 1967
4008 1967
4007 1966
4006 1965
4005 1965
4004 1964
4003 1964
4002 1963
4001 1962
4000 1961
3999 1960
3998 1959
3997 1958
3996 1957
3995 1956
3994 1956
3993 1955
3992 1954
3991 1953
3990 1952
3989 1951
3988 1950
3987 1949
3986 1948
3985 1947
3985 1946
3984 1945
3983 1944
3983 1943
3982 1942
3981 1941
3980 1940
3980 1939
3979 1938
3979 1937
3978 1936
3978 1935
3977 1934
3977 1933
3976 1932
3976 1931
3975 1930
3975 1929
3974 1928
3973 1928
3972 1928
3971 1927
3970 1927
3969 1927
3968 1927
3967 1926
3966 1926
3965 1926
3964 1926
3963 1926
3962 1926
3961 1926
3960 1926
3959 1926
3958 1926
3957 1925
3956 1925
3955 1925
3954 1925
3953 1925
3952 1925
3951 1925
3950 1924
3949 1924
3948 1924
3947 1923
3946 1923
3945 1923
3944 1922
3943 1922
3942 1921
3941 1920
3940 1919
3939 1918
3938 1917
3937 1916
3936 1915
3935 1915
3934 1914
3933 1913
3932 1912
3931 1911
3930 1910
3929 1909
3928 1908
3928 1907
3927 1906
3926 1905
3925 1904
3924 1903
3923 1902
3922 1901
3921 1900
3920 1899
3919 1898
3918 1897
3918 1896
3917 1895
3916 1894
3915 1893
3914 1892
3913 1891
3912 1890
3911 1889
3910 1888
3909 1887
3908 1887
3907 1886
3906 1886
3905 1885
3904 1885
3903 1884
3902 1884
3901 1883
3900 1882
3900 1881
3899 1880
3898 1879
3898 1878
3897 1877
3897 1876
3896 1875
3895 1874
3895 1873
3894 1872
3894 1871
3893 1870
3892 1869
3891 1868
3890 1868
3889 1867
3888 1867
3887 1866
3886 1866
3885 1866
3884 1865
3883 1865
3882 1865
3881 1865
3880 1864
3879 1864
3878 1864
3877 1864
3876 1864
3875 1864
3874 1864
3873 1864
3872 1864
3871 1864
3870 1863
3869 1863
3868 1863
3867 1863
3866 1863
3865 1863
3864 1863
3863 1863
3862 1863
3861 1863
3860 1863
3859 1863
3858 1862
3857 1862
3856 1862
3855 1862
3854 1862
3853 1862
3852 1862
3851 1862
3850 1862
3849 1861
3848 1860
3847 1860
3846 1859
3845 1858
3844 1858
3843 1857
3842 1857
3841 1856
3840 1856
3839 1855
3838 1855
3837 1854
3836 1854
3835 1854
3834 1853
3833 1852
3832 1851
3831 1850
3830 1850
3829 1849
3828 1849
3827 1848
3826 1847
3825 1846
3824 1846
3823 1845
3822 1844
3821 1843
3820 1842
3819 1841
3818 1840
3817 1839
3817 1838
3816 1838
3815 1837
3814 1836
3813 1835
3812 1834
3811 1833
3810 1832
3809 1831
3808 1831
3807 1830
3806 1830
3805 1829
3804 1829
3803 1829
3802 1829
3801 1828
3800 1828
3799 1828
3798 1828
3797 1828
3796 1827
3795 1827
3794 1826
3793 1826
3792 1825
3791 1824
3790 1824
3789 1823
3788 1822
3787 1822
3786 1821
3785 1821
3784 1820
3783 1820
3782 1820
3781 1819
3780 1819
3779 1819
3778 1818
3777 1818
3776 1818
3775 1818
3774 1818
3773 1817
3772 1817
3771 1816
3770 1816
3769 1815
3768 1814
3767 1814
3766 1813
3765 1812
3764 1812
3763 1811
3762 1811
3761 1811
3760 1810
3759 1810
3758 1810
3757 1810
3756 1809
3755 1809
3754 1809
3753 1809
3752 1809
3751 1808
3750 1808
3749 1808
3748 1808
3747 1807
3747 1806
3746 1805
3745 1805
3744 1804
3743 1803
3742 1803
3741 1802
3740 1802
3739 1801
3738 1801
3737 1801
3736 1800
3735 1800
3734 1800
3733 1799
3732 1799
3731 1799
3730 1798
3729 1798
3728 1798
3727 1798
3726 1798
3725 1798
3724 1798
3723 1798
3722 1798
3721 1797
3720 1797
3719 1797
3718 1797
3717 1797
3716 1797
3715 1797
3714 1797
3713 1797
3712 1797
3711 1796
3710 1796
3709 1796
3708 1796
3707 1796
3706 1796
3705 1796
3704 1796
3703 1796
3702 1796
3701 1796
3700 1796
3699 1796
3698 1796
3697 1795
3696 1795
3695 1795
3694 1795
3693 1795
3692 1795
3691 1795
3690 1795
3689 1795
3688 1795
3687 1795
3686 1795
3685 1795
3684 1794
3683 1794
3682 1794
3681 1794
3680 1794
3679 1794
3678 1794
3677 1793
3676 1792
3675 1791
3674 1790
3673 1789
3672 1789
3671 1788
3670 1788
3669 1788
3668 1788
3667 1787
3666 1787
3665 1787
3664 1787
3663 1786
3662 1786
3661 1786
3660 1786
3659 1786
3658 1785
3657 1785
3656 1785
3655 1785
3654 1785
3653 1785
3652 1785
3651 1785
3650 1785
3649 1785
3648 1784
3647 1784
3646 1784
3645 1784
3644 1784
3643 1784
3642 1784
3641 1784
3640 1784
3639 1784
3638 1784
3637 1784
3636 1783
3635 1783
3634 1783
3633 1783
3632 1783
3631 1783
3630 1783
3629 1783
3628 1783
3627 1783
3626 1783
3625 1783
3624 1783
3623 1783
3622 1782
3621 1782
3620 1782
3619 1782
3618 1782
3617 1782
3616 1782
3615 1782
3614 1782
3613 1782
3612 1782
3611 1782
3610 1781
3609 1781
3608 1781
3607 1781
3606 1781
3605 1781
3604 1781
3603 1781
3602 1781
3601 1781
3600 1781
3599 1781
3598 1781
3597 1781
3596 1781
3595 1781
3594 1780
3593 1780
3592 1780
3591 1780
3590 1780
3589 1780
3588 1780
3587 1780
3586 1780
3585 1780
3584 1780
3583 1780
3582 1780
3581 1780
3580 1779
3579 1779
3578 1779
3577 1779
3576 1779
3575 1779
3574 1779
3573 1779
3572 1779
3571 1779
3570 1779
3569 1779
3568 1779
3567 1779
3566 1779
3565 1778
3564 1778
3563 1778
3562 1778
3561 1778
3560 1778
3559 1778
3558 1778
3557 1778
3556 1778
3555 1778
3554 1778
3553 1778
3552 1778
3551 1778
3550 1777
3549 1777
3548 1777
3547 1777
3546 1777
3545 1776
3544 1776
3543 1775
3542 1775
3541 1774
3540 1774
3539 1774
3538 1773
3537 1773
3536 1772
3535 1772
3534 1772
3533 1772
3532 1771
3531 1771
3530 1771
3529 1770
3528 1770
3527 1770
3526 1769
3525 1769
3524 1769
3523 1768
3522 1768
3521 1767
3520 1767
3519 1766
3518 1766
3517 1765
3516 1765
3515 1764
3514 1764
3513 1763
3512 1763
3511 1763
3510 1762
3509 1762
3508 1762
3507 1761
3506 1761
3505 1761
3504 1761
3503 1760
3502 1760
3501 1760
3500 1760
3499 1760
3498 1759
3497 1759
3496 1759
3495 1759
3494 1758
3493 1758
3492 1757
3491 1757
3490 1756
3489 1755
3488 1754
3487 1754
3486 1753
3485 1752
3484 1752
3483 1751
3482 1750
3481 1750
3480 1750
3479 1750
3478 1750
3477 1749
3476 1749
3475 1749
3474 1749
3473 1749
3472 1749
3471 1749
3470 1748
3469 1748
3468 1747
3467 1747
3466 1746
3465 1746
3464 1745
3463 1745
3462 1745
3461 1744
3460 1744
3459 1743
3458 1743
3457 1742
3456 1742
3455 1741
3454 1740
3453 1740
3452 1739
3451 1738
3450 1738
3449 1737
3448 1737
3447 1736
3446 1736
3445 1735
3444 1735
3443 1734
3442 1734
3441 1734
3440 1733
3439 1733
3438 1733
3437 1732
3436 1732
3435 1732
3434 1732
3433 1731
3432 1731
3431 1731
3430 1730
3429 1730
3428 1729
3427 1729
3426 1729
3425 1728
3424 1727
3423 1727
3422 1726
3421 1726
3420 1725
3419 1725
3418 1725
3417 1724
3416 1724
3415 1723
3414 1723
3413 1722
3412 1722
3411 1721
3410 1721
3409 1720
3408 1719
3407 1719
3406 1718
3405 1717
3404 1717
3403 1716
3402 1716
3401 1716
3400 1715
3399 1715
3398 1715
3397 1714
3396 1714
3395 1713
3394 1713
3393 1713
3392 1712
3391 1712
3390 1712
3389 1711
3388 1711
3387 1711
3386 1711
3385 1711
3384 1711
3383 1711
3382 1710
3381 1710
3380 1710
3379 1710
3378 1710
3377 1710
3376 1710
3375 1710
3374 1710
3373 1710
3372 1710
3371 1710
3370 1709
3369 1709
3368 1709
3367 1709
3366 1709
3365 1709
3364 1709
3363 1709
3362 1709
3361 1709
3360 1709
3359 1709
3358 1709
3357 1709
3356 1708
3355 1708
3354 1708
3353 1708
3352 1708
3351 1708
3350 1708
3349 1708
3348 1708
3347 1708
3346 1708
3345 1708
3344 1708
3343 1708
3342 1707
3341 1707
3340 1707
3339 1707
3338 1707
3337 1707
3336 1707
3335 1706
3334 1706
3333 1705
3332 1705
3331 1704
3330 1703
3329 1703
3328 1702
3328 1701
3327 1700
3327 1699
3326 1698
3325 1697
3324 1696
3323 1695
3322 1694
3322 1693
3321 1692
3321 1691
3320 1690
3320 1689
3319 1688
3319 1687
3318 1686
3318 1685
3317 1684
3316 1684
3315 1684
3315 1685
3314 1686
3313 1687
3312 1688
3311 1689
3310 1690
3309 1691
3308 1692
3307 1693
3306 1694
3306 1695
3305 1696
3304 1697
3304 1698
3303 1699
3302 1700
3301 1701
3301 1702
3301 1703
3300 1704
3300 1705
3300 1706
3299 1707
3298 1708
3297 1708
3296 1709
3295 1709
3294 1709
3293 1710
3292 1710
3291 1710
3290 1710
3289 1710
3288 1710
3287 1710
3286 1710
3285 1710
3284 1710
3283 1710
3282 1710
3281 1710
3280 1710
3279 1710
3278 1710
3277 1710
3276 1710
3275 1710
3274 1710
3273 1710
3272 1710
3271 1710
3270 1710
3269 1710
3268 1710
3267 1710
3266 1710
3265 1710
3264 1710
3263 1710
3262 1710
3261 1710
3260 1710
3259 1710
3258 1710
3257 1710
3256 1710
3255 1709
3254 1709
3253 1709
3252 1709
3251 1709
3250 1709
3249 1709
3248 1709
3247 1709
3246 1709
3245 1709
3244 1709
3243 1709
3242 1709
3241 1709
3240 1709
3239 1709
3238 1708
3237 1708
3236 1708
3235 1708
3234 1708
3233 1708
3232 1707
3231 1706
3230 1706
3229 1705
3228 1705
3227 1704
3226 1703
3225 1703
3224 1702
3223 1702
3222 1702
3221 1701
3220 1701
3219 1700
3218 1700
3217 1699
3216 1698
3215 1697
3214 1696
3213 1695
3212 1694
3211 1693
3210 1692
3210 1691
3209 1690
3208 1689
3207 1689
3206 1688
3205 1687
3204 1687
3203 1686
3202 1685
3202 1684
3201 1683
3201 1682
3200 1681
3200 1680
3199 1679
3199 1678
3198 1677
3198 1676
